币种,脚本,版本,UTC毫秒,北京时间,上墙锚base,上墙trig,下墙锚base,下墙trig,持仓冻结
AKEUSDT,resident,新,1788134400000,08-31 08:00:00,0.007936,0.0087296,0.007936,0.0071424,0
AKEUSDT,resident,新,1788134509000,08-31 08:01:49,0.0080175,0.00881925,0.0080175,0.00721575,0
AKEUSDT,resident,新,1788139293000,08-31 09:21:33,0.0079365,0.00873015,0.0079365,0.00714285,0
AKEUSDT,resident,新,1788139899000,08-31 09:31:39,0.008016,0.0088176,0.008016,0.0072144,0
AKEUSDT,resident,新,1788141433000,08-31 09:57:13,0.007935,0.0087285,0.007935,0.0071415,0
AKEUSDT,resident,新,1788142585000,08-31 10:16:25,0.0080155,0.00881705,0.0080155,0.00721395,0
AKEUSDT,resident,新,1788142691000,08-31 10:18:11,0.008114,0.0089254,0.008114,0.0073026,0
AKEUSDT,resident,新,1788142943000,08-31 10:22:23,0.008201,0.0090211,0.008201,0.0073809,0
AKEUSDT,resident,新,1788143010000,08-31 10:23:30,0.0081085,0.00891935,0.0081085,0.00729765,0
AKEUSDT,resident,新,1788143518000,08-31 10:31:58,0.008025,0.0088275,0.008025,0.0072225,0
AKEUSDT,resident,新,1788143641000,08-31 10:34:01,0.0081155,0.00892705,0.0081155,0.00730395,0
AKEUSDT,resident,新,1788145079000,08-31 10:57:59,0.008029,0.0088319,0.008029,0.0072261,0
AKEUSDT,resident,新,1788147005000,08-31 11:30:05,0.0079485,0.00874335,0.0079485,0.00715365,0
AKEUSDT,resident,新,1788147422000,08-31 11:37:02,0.00803,0.008833,0.00803,0.007227,0
AKEUSDT,resident,新,1788149739000,08-31 12:15:39,0.0081105,0.00892155,0.0081105,0.00729945,0
AKEUSDT,resident,新,1788150484000,08-31 12:28:04,0.0080285,0.00883135,0.0080285,0.00722565,0
AKEUSDT,resident,新,1788155383000,08-31 13:49:43,0.007948,0.0087428,0.007948,0.0071532,0
AKEUSDT,resident,新,1788156293000,08-31 14:04:53,0.008028,0.0088308,0.008028,0.0072252,0
AKEUSDT,resident,新,1788157930000,08-31 14:32:10,0.0079455,0.00874005,0.0079455,0.00715095,0
AKEUSDT,resident,新,1788158704000,08-31 14:45:04,0.0078655,0.00865205,0.0078655,0.00707895,0
AKEUSDT,resident,新,1788161867000,08-31 15:37:47,0.0079465,0.00874115,0.0079465,0.00715185,0
AKEUSDT,resident,新,1788161871000,08-31 15:37:51,0.008065,0.0088715,0.008065,0.0072585,0
AKEUSDT,resident,新,1788161882000,08-31 15:38:02,0.0081535,0.00896885,0.0081535,0.00733815,0
AKEUSDT,resident,新,1788161884000,08-31 15:38:04,0.008053,0.0088583,0.008053,0.0072477,0
AKEUSDT,resident,新,1788161887000,08-31 15:38:07,0.0081525,0.00896775,0.0081525,0.00733725,0
AKEUSDT,resident,新,1788161918000,08-31 15:38:38,0.00807,0.008877,0.00807,0.007263,0
AKEUSDT,resident,新,1788162511000,08-31 15:48:31,0.007988,0.0087868,0.007988,0.0071892,0
AKEUSDT,resident,新,1788163513000,08-31 16:05:13,0.0079065,0.00869715,0.0079065,0.00711585,0
AKEUSDT,resident,新,1788163741000,08-31 16:09:01,0.007806,0.0085866,0.007806,0.0070254,0
AKEUSDT,resident,新,1788164394000,08-31 16:19:54,0.007653,0.0084183,0.007653,0.0068877,0
AKEUSDT,resident,新,1788164395000,08-31 16:19:55,0.0075675,0.00832425,0.0075675,0.00681075,0
AKEUSDT,resident,新,1788164403000,08-31 16:20:03,0.007649,0.0084139,0.007649,0.0068841,0
AKEUSDT,resident,新,1788164446000,08-31 16:20:46,0.007726,0.0084986,0.007726,0.0069534,0
AKEUSDT,resident,新,1788164490000,08-31 16:21:30,0.0078065,0.00858715,0.0078065,0.00702585,0
AKEUSDT,resident,新,1788164632000,08-31 16:23:52,0.0077235,0.00849585,0.0077235,0.00695115,0
AKEUSDT,resident,新,1788164733000,08-31 16:25:33,0.0078101,0.00859111,0.0078101,0.00702909,0
AKEUSDT,resident,新,1788164913000,08-31 16:28:33,0.0078905,0.00867955,0.0078905,0.00710145,0
AKEUSDT,resident,新,1788165025000,08-31 16:30:25,0.0079715,0.00876865,0.0079715,0.00717435,0
AKEUSDT,resident,新,1788165039000,08-31 16:30:39,0.008068,0.0088748,0.008068,0.0072612,0
AKEUSDT,resident,新,1788165057000,08-31 16:30:57,0.0081535,0.00896885,0.0081535,0.00733815,0
AKEUSDT,resident,新,1788165077000,08-31 16:31:17,0.0080615,0.00886765,0.0080615,0.00725535,0
AKEUSDT,resident,新,1788165086000,08-31 16:31:26,0.0079685,0.00876535,0.0079685,0.00717165,0
AKEUSDT,resident,新,1788166514000,08-31 16:55:14,0.007884,0.0086724,0.007884,0.0070956,0
AKEUSDT,resident,新,1788171667000,08-31 18:21:07,0.007796,0.0085756,0.007796,0.0070164,0
AKEUSDT,resident,新,1788175336000,08-31 19:22:16,0.0078755,0.00866305,0.0078755,0.00708795,0
AKEUSDT,resident,新,1788175340000,08-31 19:22:20,0.0079755,0.00877305,0.0079755,0.00717795,0
AKEUSDT,resident,新,1788175362000,08-31 19:22:42,0.0078825,0.00867075,0.0078825,0.00709425,0
AKEUSDT,resident,新,1788175380000,08-31 19:23:00,0.007967,0.0087637,0.007967,0.0071703,0
AKEUSDT,resident,新,1788175400000,08-31 19:23:20,0.0080545,0.00885995,0.0080545,0.00724905,0
AKEUSDT,resident,新,1788175411000,08-31 19:23:31,0.0079715,0.00876865,0.0079715,0.00717435,0
AKEUSDT,resident,新,1788176574000,08-31 19:42:54,0.0080575,0.00886325,0.0080575,0.00725175,0
AKEUSDT,resident,新,1788176802000,08-31 19:46:42,0.008141,0.0089551,0.008141,0.0073269,0
AKEUSDT,resident,新,1788177528000,08-31 19:58:48,0.0080375,0.00884125,0.0080375,0.00723375,0
AKEUSDT,resident,新,1788177562000,08-31 19:59:22,0.0079395,0.00873345,0.0079395,0.00714555,0
AKEUSDT,resident,新,1788181656000,08-31 21:07:36,0.007859,0.0086449,0.007859,0.0070731,0
AKEUSDT,resident,新,1788182992000,08-31 21:29:52,0.007938,0.0087318,0.007938,0.0071442,0
AKEUSDT,resident,新,1788185141000,08-31 22:05:41,0.0078585,0.00864435,0.0078585,0.00707265,0
AKEUSDT,resident,新,1788191231000,08-31 23:47:11,0.0079455,0.00874005,0.0079455,0.00715095,0
AKEUSDT,resident,新,1788191404000,08-31 23:50:04,0.008025,0.0088275,0.008025,0.0072225,0
AKEUSDT,resident,新,1788192311000,09-01 00:05:11,0.007943,0.0087373,0.007943,0.0071487,0
AKEUSDT,resident,新,1788193855000,09-01 00:30:55,0.0080255,0.00882805,0.0080255,0.00722295,0
AKEUSDT,resident,新,1788196595000,09-01 01:16:35,0.00792,0.008712,0.00792,0.007128,0
AKEUSDT,resident,新,1788204256000,09-01 03:24:16,0.0078405,0.00862455,0.0078405,0.00705645,0
AKEUSDT,resident,新,1788212272000,09-01 05:37:52,0.0077515,0.00852665,0.0077515,0.00697635,0
AKEUSDT,resident,新,1788217594000,09-01 07:06:34,0.007673,0.0084403,0.007673,0.0069057,0
AKEUSDT,resident,新,1788219342000,09-01 07:35:42,0.00775,0.008525,0.00775,0.006975,0
AKEUSDT,resident,新,1788219435000,09-01 07:37:15,0.007828,0.0086108,0.007828,0.0070452,0
AKEUSDT,resident,新,1788219693000,09-01 07:41:33,0.007918,0.0087098,0.007918,0.0071262,0
AKEUSDT,resident,新,1788219845000,09-01 07:44:05,0.007837,0.0086207,0.007837,0.0070533,0
AKEUSDT,resident,新,1788219973000,09-01 07:46:13,0.007758,0.0085338,0.007758,0.0069822,0
AKEUSDT,resident,新,1788220006000,09-01 07:46:46,0.0078375,0.00862125,0.0078375,0.00705375,0
AKEUSDT,resident,新,1788220009000,09-01 07:46:49,0.0079325,0.00872575,0.0079325,0.00713925,0
AKEUSDT,resident,新,1788220030000,09-01 07:47:10,0.0078445,0.00862895,0.0078445,0.00706005,0
AKEUSDT,resident,新,1788220051000,09-01 07:47:31,0.0079365,0.00873015,0.0079365,0.00714285,0
AKEUSDT,resident,新,1788220264000,09-01 07:51:04,0.0080165,0.00881815,0.0080165,0.00721485,0
AKEUSDT,resident,新,1788220308000,09-01 07:51:48,0.008114,0.0089254,0.008114,0.0073026,0
AKEUSDT,resident,新,1788220568000,09-01 07:56:08,0.00803,0.008833,0.00803,0.007227,0
AKEUSDT,resident,新,1788220783000,09-01 07:59:43,0.0081125,0.00892375,0.0081125,0.00730125,0
AKEUSDT,resident,新,1788222476000,09-01 08:27:56,0.0081965,0.00901615,0.0081965,0.00737685,0
AKEUSDT,resident,新,1788222587000,09-01 08:29:47,0.008112,0.0089232,0.008112,0.0073008,0
AKEUSDT,resident,新,1788222589000,09-01 08:29:49,0.008016,0.0088176,0.008016,0.0072144,0
AKEUSDT,resident,新,1788222831000,09-01 08:33:51,0.0080965,0.00890615,0.0080965,0.00728685,0
AKEUSDT,resident,新,1788223051000,09-01 08:37:31,0.008015,0.0088165,0.008015,0.0072135,0
AKEUSDT,resident,新,1788223470000,09-01 08:44:30,0.008096,0.0089056,0.008096,0.0072864,0
AKEUSDT,resident,新,1788224221000,09-01 08:57:01,0.008177,0.0089947,0.008177,0.0073593,0
AKEUSDT,resident,新,1788224651000,09-01 09:04:11,0.008095,0.0089045,0.008095,0.0072855,0
AKEUSDT,resident,新,1788226029000,09-01 09:27:09,0.0081765,0.00899415,0.0081765,0.00735885,0
AKEUSDT,resident,新,1788226095000,09-01 09:28:15,0.0082595,0.00908545,0.0082595,0.00743355,0
AKEUSDT,resident,新,1788228925000,09-01 10:15:25,0.008375,0.0092125,0.008375,0.0075375,0
AKEUSDT,resident,新,1788228930000,09-01 10:15:30,0.0084935,0.00934285,0.0084935,0.00764415,0
AKEUSDT,resident,新,1788228947000,09-01 10:15:47,0.008392,0.0092312,0.008392,0.0075528,0
AKEUSDT,resident,新,1788228966000,09-01 10:16:06,0.0085255,0.00937805,0.0085255,0.00767295,0
AKEUSDT,resident,新,1788228973000,09-01 10:16:13,0.0086395,0.00950345,0.0086395,0.00777555,0
AKEUSDT,resident,新,1788229009000,09-01 10:16:49,0.008549,0.0094039,0.008549,0.0076941,0
AKEUSDT,resident,新,1788229088000,09-01 10:18:08,0.008636,0.0094996,0.008636,0.0077724,0
AKEUSDT,resident,新,1788229204000,09-01 10:20:04,0.008723,0.0095953,0.008723,0.0078507,0
AKEUSDT,resident,新,1788229346000,09-01 10:22:26,0.008595,0.0094545,0.008595,0.0077355,0
AKEUSDT,resident,新,1788229787000,09-01 10:29:47,0.008507,0.0093577,0.008507,0.0076563,0
AKEUSDT,resident,新,1788231389000,09-01 10:56:29,0.008595,0.0094545,0.008595,0.0077355,0
AKEUSDT,resident,新,1788231805000,09-01 11:03:25,0.008683,0.0095513,0.008683,0.0078147,0
AKEUSDT,resident,新,1788232628000,09-01 11:17:08,0.008589,0.0094479,0.008589,0.0077301,0
AKEUSDT,resident,新,1788232698000,09-01 11:18:18,0.008675,0.0095425,0.008675,0.0078075,0
AKEUSDT,resident,新,1788232806000,09-01 11:20:06,0.0087715,0.00964865,0.0087715,0.00789435,0
AKEUSDT,resident,新,1788232865000,09-01 11:21:05,0.0086825,0.00955075,0.0086825,0.00781425,0
AKEUSDT,resident,新,1788233407000,09-01 11:30:07,0.008595,0.0094545,0.008595,0.0077355,0
AKEUSDT,resident,新,1788233526000,09-01 11:32:06,0.0086825,0.00955075,0.0086825,0.00781425,0
AKEUSDT,resident,新,1788234499000,09-01 11:48:19,0.00877,0.009647,0.00877,0.007893,0
AKEUSDT,resident,新,1788234730000,09-01 11:52:10,0.008681,0.0095491,0.008681,0.0078129,0
AKEUSDT,resident,新,1788236333000,09-01 12:18:53,0.008593,0.0094523,0.008593,0.0077337,0
AKEUSDT,resident,新,1788236906000,09-01 12:28:26,0.008503,0.0093533,0.008503,0.0076527,0
AKEUSDT,resident,新,1788237032000,09-01 12:30:32,0.008403,0.0092433,0.008403,0.0075627,0
AKEUSDT,resident,新,1788237324000,09-01 12:35:24,0.008506,0.0093566,0.008506,0.0076554,0
AKEUSDT,resident,新,1788239351000,09-01 13:09:11,0.008593,0.0094523,0.008593,0.0077337,0
AKEUSDT,resident,新,1788239381000,09-01 13:09:41,0.0086795,0.00954745,0.0086795,0.00781155,0
AKEUSDT,resident,新,1788239993000,09-01 13:19:53,0.008588,0.0094468,0.008588,0.0077292,0
AKEUSDT,resident,新,1788240733000,09-01 13:32:13,0.008674,0.0095414,0.008674,0.0078066,0
AKEUSDT,resident,新,1788240893000,09-01 13:34:53,0.0085855,0.00944405,0.0085855,0.00772695,0
AKEUSDT,resident,新,1788241895000,09-01 13:51:35,0.008672,0.0095392,0.008672,0.0078048,0
AKEUSDT,resident,新,1788242171000,09-01 13:56:11,0.008759,0.0096349,0.008759,0.0078831,0
AKEUSDT,resident,新,1788242598000,09-01 14:03:18,0.008847,0.0097317,0.008847,0.0079623,0
AKEUSDT,resident,新,1788243203000,09-01 14:13:23,0.00894,0.009834,0.00894,0.008046,0
AKEUSDT,resident,新,1788243384000,09-01 14:16:24,0.0088475,0.00973225,0.0088475,0.00796275,0
AKEUSDT,resident,新,1788247169000,09-01 15:19:29,0.0089387,0.00983257,0.0089387,0.00804483,0
AKEUSDT,resident,新,1788249153000,09-01 15:52:33,0.0088385,0.00972235,0.0088385,0.00795465,0
AKEUSDT,resident,新,1788249500000,09-01 15:58:20,0.008929,0.0098219,0.008929,0.0080361,0
AKEUSDT,resident,新,1788249751000,09-01 16:02:31,0.0090215,0.00992365,0.0090215,0.00811935,0
AKEUSDT,resident,新,1788250387000,09-01 16:13:07,0.00893,0.009823,0.00893,0.008037,0
AKEUSDT,resident,新,1788250873000,09-01 16:21:13,0.0090235,0.00992585,0.0090235,0.00812115,0
AKEUSDT,resident,新,1788251099000,09-01 16:24:59,0.008933,0.0098263,0.008933,0.0080397,0
AKEUSDT,resident,新,1788251255000,09-01 16:27:35,0.0090255,0.00992805,0.0090255,0.00812295,0
AKEUSDT,resident,新,1788251880000,09-01 16:38:00,0.0089295,0.00982245,0.0089295,0.00803655,0
AKEUSDT,resident,新,1788252024000,09-01 16:40:24,0.0090265,0.00992915,0.0090265,0.00812385,0
AKEUSDT,resident,新,1788252369000,09-01 16:46:09,0.0089345,0.00982795,0.0089345,0.00804105,0
AKEUSDT,resident,新,1788252376000,09-01 16:46:16,0.008844,0.0097284,0.008844,0.0079596,0
AKEUSDT,resident,新,1788252381000,09-01 16:46:21,0.008724,0.0095964,0.008724,0.0078516,0
AKEUSDT,resident,新,1788252383000,09-01 16:46:23,0.0085935,0.00945285,0.0085935,0.00773415,0
AKEUSDT,resident,新,1788252406000,09-01 16:46:46,0.0085,0.00935,0.0085,0.00765,0
AKEUSDT,resident,新,1788252412000,09-01 16:46:52,0.0086035,0.00946385,0.0086035,0.00774315,0
AKEUSDT,resident,新,1788252493000,09-01 16:48:13,0.008508,0.0093588,0.008508,0.0076572,0
AKEUSDT,resident,新,1788252537000,09-01 16:48:57,0.00838,0.009218,0.00838,0.007542,0
AKEUSDT,resident,新,1788252692000,09-01 16:51:32,0.0084665,0.00931315,0.0084665,0.00761985,0
AKEUSDT,resident,新,1788252830000,09-01 16:53:50,0.00838,0.009218,0.00838,0.007542,0
AKEUSDT,resident,新,1788253182000,09-01 16:59:42,0.0085065,0.00935715,0.0085065,0.00765585,0
AKEUSDT,resident,新,1788253193000,09-01 16:59:53,0.008594,0.0094534,0.008594,0.0077346,0
AKEUSDT,resident,新,1788253204000,09-01 17:00:04,0.0086965,0.00956615,0.0086965,0.00782685,0
AKEUSDT,resident,新,1788253218000,09-01 17:00:18,0.008605,0.0094655,0.008605,0.0077445,0
AKEUSDT,resident,新,1788253398000,09-01 17:03:18,0.008693,0.0095623,0.008693,0.0078237,0
AKEUSDT,resident,新,1788253439000,09-01 17:03:59,0.008592,0.0094512,0.008592,0.0077328,0
AKEUSDT,resident,新,1788253475000,09-01 17:04:35,0.0086935,0.00956285,0.0086935,0.00782415,0
AKEUSDT,resident,新,1788253493000,09-01 17:04:53,0.0088091,0.00969001,0.0088091,0.00792819,0
AKEUSDT,resident,新,1788253549000,09-01 17:05:49,0.0087185,0.00959035,0.0087185,0.00784665,0
AKEUSDT,resident,新,1788253685000,09-01 17:08:05,0.0088115,0.00969265,0.0088115,0.00793035,0
AKEUSDT,resident,新,1788253831000,09-01 17:10:31,0.0089035,0.00979385,0.0089035,0.00801315,0
AKEUSDT,resident,新,1788254057000,09-01 17:14:17,0.0088105,0.00969155,0.0088105,0.00792945,0
AKEUSDT,resident,新,1788254231000,09-01 17:17:11,0.008911,0.0098021,0.008911,0.0080199,0
AKEUSDT,resident,新,1788254550000,09-01 17:22:30,0.008804,0.0096844,0.008804,0.0079236,0
AKEUSDT,resident,新,1788254643000,09-01 17:24:03,0.0087115,0.00958265,0.0087115,0.00784035,0
AKEUSDT,resident,新,1788254714000,09-01 17:25:14,0.0087995,0.00967945,0.0087995,0.00791955,0
AKEUSDT,resident,新,1788255104000,09-01 17:31:44,0.008702,0.0095722,0.008702,0.0078318,0
AKEUSDT,resident,新,1788255123000,09-01 17:32:03,0.0086115,0.00947265,0.0086115,0.00775035,0
AKEUSDT,resident,新,1788255174000,09-01 17:32:54,0.00852,0.009372,0.00852,0.007668,0
AKEUSDT,resident,新,1788255180000,09-01 17:33:00,0.0084275,0.00927025,0.0084275,0.00758475,0
AKEUSDT,resident,新,1788255200000,09-01 17:33:20,0.008338,0.0091718,0.008338,0.0075042,0
AKEUSDT,resident,新,1788255227000,09-01 17:33:47,0.0084335,0.00927685,0.0084335,0.00759015,0
AKEUSDT,resident,新,1788255243000,09-01 17:34:03,0.008336,0.0091696,0.008336,0.0075024,0
AKEUSDT,resident,新,1788255251000,09-01 17:34:11,0.008509,0.0093599,0.008509,0.0076581,0
AKEUSDT,resident,新,1788255258000,09-01 17:34:18,0.0086235,0.00948585,0.0086235,0.00776115,0
AKEUSDT,resident,新,1788255293000,09-01 17:34:53,0.0085275,0.00938025,0.0085275,0.00767475,0
AKEUSDT,resident,新,1788255317000,09-01 17:35:17,0.0086205,0.00948255,0.0086205,0.00775845,0
AKEUSDT,resident,新,1788255381000,09-01 17:36:21,0.008708,0.0095788,0.008708,0.0078372,0
AKEUSDT,resident,新,1788255391000,09-01 17:36:31,0.00880075,0.009680825,0.00880075,0.007920675,0
AKEUSDT,resident,新,1788255409000,09-01 17:36:49,0.008702,0.0095722,0.008702,0.0078318,0
AKEUSDT,resident,新,1788255706000,09-01 17:41:46,0.0087895,0.00966845,0.0087895,0.00791055,0
AKEUSDT,resident,新,1788255962000,09-01 17:46:02,0.008893,0.0097823,0.008893,0.0080037,0
AKEUSDT,resident,新,1788256288000,09-01 17:51:28,0.0087915,0.00967065,0.0087915,0.00791235,0
AKEUSDT,resident,新,1788256903000,09-01 18:01:43,0.0088795,0.00976745,0.0088795,0.00799155,0
AKEUSDT,resident,新,1788257715000,09-01 18:15:15,0.008971,0.0098681,0.008971,0.0080739,0
AKEUSDT,resident,新,1788258668000,09-01 18:31:08,0.008879,0.0097669,0.008879,0.0079911,0
AKEUSDT,resident,新,1788258782000,09-01 18:33:02,0.008975,0.0098725,0.008975,0.0080775,0
AKEUSDT,resident,新,1788259168000,09-01 18:39:28,0.008871,0.0097581,0.008871,0.0079839,0
AKEUSDT,resident,新,1788259257000,09-01 18:40:57,0.00896,0.009856,0.00896,0.008064,0
AKEUSDT,resident,新,1788259722000,09-01 18:48:42,0.008869,0.0097559,0.008869,0.0079821,0
AKEUSDT,resident,新,1788260945000,09-01 19:09:05,0.0087365,0.00961015,0.0087365,0.00786285,0
AKEUSDT,resident,新,1788262559000,09-01 19:35:59,0.008638,0.0095018,0.008638,0.0077742,0
AKEUSDT,resident,新,1788263822000,09-01 19:57:02,0.0085335,0.00938685,0.0085335,0.00768015,0
AKEUSDT,resident,新,1788263912000,09-01 19:58:32,0.008619,0.0094809,0.008619,0.0077571,0
AKEUSDT,resident,新,1788265546000,09-01 20:25:46,0.0087055,0.00957605,0.0087055,0.00783495,0
AKEUSDT,resident,新,1788266143000,09-01 20:35:43,0.008604,0.0094644,0.008604,0.0077436,0
AKEUSDT,resident,新,1788273191000,09-01 22:33:11,0.0086905,0.00955955,0.0086905,0.00782145,0
AKEUSDT,resident,新,1788274053000,09-01 22:47:33,0.0087795,0.00965745,0.0087795,0.00790155,0
AKEUSDT,resident,新,1788274451000,09-01 22:54:11,0.0086875,0.00955625,0.0086875,0.00781875,0
AKEUSDT,resident,新,1788275629000,09-01 23:13:49,0.0085975,0.00945725,0.0085975,0.00773775,0
AKEUSDT,resident,新,1788277393000,09-01 23:43:13,0.008684,0.0095524,0.008684,0.0078156,0
AKEUSDT,resident,新,1788279983000,09-02 00:26:23,0.008786,0.0096646,0.008786,0.0079074,0
AKEUSDT,resident,新,1788280191000,09-02 00:29:51,0.0088885,0.00977735,0.0088885,0.00799965,0
AKEUSDT,resident,新,1788281246000,09-02 00:47:26,0.008797,0.0096767,0.008797,0.0079173,0
AKEUSDT,resident,新,1788281905000,09-02 00:58:25,0.0087065,0.00957715,0.0087065,0.00783585,0
AKEUSDT,resident,新,1788283523000,09-02 01:25:23,0.008794,0.0096734,0.008794,0.0079146,0
AKEUSDT,resident,新,1788285489000,09-02 01:58:09,0.0087055,0.00957605,0.0087055,0.00783495,0
AKEUSDT,resident,新,1788288131000,09-02 02:42:11,0.0087965,0.00967615,0.0087965,0.00791685,0
AKEUSDT,resident,新,1788289793000,09-02 03:09:53,0.0087085,0.00957935,0.0087085,0.00783765,0
AKEUSDT,resident,新,1788292037000,09-02 03:47:17,0.0087965,0.00967615,0.0087965,0.00791685,0
AKEUSDT,resident,新,1788294121000,09-02 04:22:01,0.008708,0.0095788,0.008708,0.0078372,0
AKEUSDT,resident,新,1788294740000,09-02 04:32:20,0.0086175,0.00947925,0.0086175,0.00775575,0
AKEUSDT,resident,新,1788295203000,09-02 04:40:03,0.008705,0.0095755,0.008705,0.0078345,0
AKEUSDT,resident,新,1788299542000,09-02 05:52:22,0.008794,0.0096734,0.008794,0.0079146,0
AKEUSDT,resident,新,1788300348000,09-02 06:05:48,0.0087045,0.00957495,0.0087045,0.00783405,0
AKEUSDT,resident,新,1788303141000,09-02 06:52:21,0.008792,0.0096712,0.008792,0.0079128,0
AKEUSDT,resident,新,1788303425000,09-02 06:57:05,0.0088805,0.00976855,0.0088805,0.00799245,0
AKEUSDT,resident,新,1788304083000,09-02 07:08:03,0.0089715,0.00986865,0.0089715,0.00807435,0
AKEUSDT,resident,新,1788304811000,09-02 07:20:11,0.0088775,0.00976525,0.0088775,0.00798975,0
AKEUSDT,resident,新,1788306964000,09-02 07:56:04,0.008765,0.0096415,0.008765,0.0078885,0
AKEUSDT,resident,新,1788308501000,09-02 08:21:41,0.008853,0.0097383,0.008853,0.0079677,0
AKEUSDT,resident,新,1788313134000,09-02 09:38:54,0.0087635,0.00963985,0.0087635,0.00788715,0
AKEUSDT,resident,新,1788313766000,09-02 09:49:26,0.0086755,0.00954305,0.0086755,0.00780795,0
AKEUSDT,resident,新,1788314480000,09-02 10:01:20,0.0087675,0.00964425,0.0087675,0.00789075,0
AKEUSDT,resident,新,1788315393000,09-02 10:16:33,0.008859,0.0097449,0.008859,0.0079731,0
AKEUSDT,resident,新,1788316267000,09-02 10:31:07,0.0087675,0.00964425,0.0087675,0.00789075,0
AKEUSDT,resident,新,1788316699000,09-02 10:38:19,0.0086755,0.00954305,0.0086755,0.00780795,0
AKEUSDT,resident,新,1788319216000,09-02 11:20:16,0.0087625,0.00963875,0.0087625,0.00788625,0
AKEUSDT,resident,新,1788321136000,09-02 11:52:16,0.0086725,0.00953975,0.0086725,0.00780525,0
AKEUSDT,resident,新,1788321912000,09-02 12:05:12,0.0085735,0.00943085,0.0085735,0.00771615,0
AKEUSDT,resident,新,1788325134000,09-02 12:58:54,0.0086595,0.00952545,0.0086595,0.00779355,0
AKEUSDT,resident,新,1788327837000,09-02 13:43:57,0.008572,0.0094292,0.008572,0.0077148,0
AKEUSDT,resident,新,1788327973000,09-02 13:46:13,0.008659,0.0095249,0.008659,0.0077931,0
AKEUSDT,resident,新,1788338521000,09-02 16:42:01,0.008567,0.0094237,0.008567,0.0077103,0
AKEUSDT,resident,新,1788338603000,09-02 16:43:23,0.00848,0.009328,0.00848,0.007632,0
AKEUSDT,resident,新,1788338661000,09-02 16:44:21,0.008389,0.0092279,0.008389,0.0075501,0
AKEUSDT,resident,新,1788338683000,09-02 16:44:43,0.0084835,0.00933185,0.0084835,0.00763515,0
AKEUSDT,resident,新,1788338723000,09-02 16:45:23,0.0083975,0.00923725,0.0083975,0.00755775,0
AKEUSDT,resident,新,1788338858000,09-02 16:47:38,0.008313,0.0091443,0.008313,0.0074817,0
AKEUSDT,resident,新,1788338892000,09-02 16:48:12,0.0082265,0.00904915,0.0082265,0.00740385,0
AKEUSDT,resident,新,1788338947000,09-02 16:49:07,0.008141,0.0089551,0.008141,0.0073269,0
AKEUSDT,resident,新,1788339002000,09-02 16:50:02,0.0080575,0.00886325,0.0080575,0.00725175,0
AKEUSDT,resident,新,1788339104000,09-02 16:51:44,0.008139,0.0089529,0.008139,0.0073251,0
AKEUSDT,resident,新,1788339108000,09-02 16:51:48,0.008051,0.0088561,0.008051,0.0072459,0
AKEUSDT,resident,新,1788339215000,09-02 16:53:35,0.0081365,0.00895015,0.0081365,0.00732285,0
AKEUSDT,resident,新,1788339261000,09-02 16:54:21,0.008225,0.0090475,0.008225,0.0074025,0
AKEUSDT,resident,新,1788339267000,09-02 16:54:27,0.0083375,0.00917125,0.0083375,0.00750375,0
AKEUSDT,resident,新,1788339331000,09-02 16:55:31,0.0082535,0.00907885,0.0082535,0.00742815,0
AKEUSDT,resident,新,1788339402000,09-02 16:56:42,0.008342,0.0091762,0.008342,0.0075078,0
AKEUSDT,resident,新,1788339414000,09-02 16:56:54,0.008237,0.0090607,0.008237,0.0074133,0
AKEUSDT,resident,新,1788339521000,09-02 16:58:41,0.00815,0.008965,0.00815,0.007335,0
AKEUSDT,resident,新,1788339541000,09-02 16:59:01,0.0080475,0.00885225,0.0080475,0.00724275,0
AKEUSDT,resident,新,1788339643000,09-02 17:00:43,0.0081295,0.00894245,0.0081295,0.00731655,0
AKEUSDT,resident,新,1788339691000,09-02 17:01:31,0.0082195,0.00904145,0.0082195,0.00739755,0
AKEUSDT,resident,新,1788339895000,09-02 17:04:55,0.008137,0.0089507,0.008137,0.0073233,0
AKEUSDT,resident,新,1788340060000,09-02 17:07:40,0.0082225,0.00904475,0.0082225,0.00740025,0
AKEUSDT,resident,新,1788340539000,09-02 17:15:39,0.008359,0.0091949,0.008359,0.0075231,0
AKEUSDT,resident,新,1788340540000,09-02 17:15:40,0.0084505,0.00929555,0.0084505,0.00760545,0
AKEUSDT,resident,新,1788340543000,09-02 17:15:43,0.008545,0.0093995,0.008545,0.0076905,0
AKEUSDT,resident,新,1788340562000,09-02 17:16:02,0.0086465,0.00951115,0.0086465,0.00778185,0
AKEUSDT,resident,新,1788340579000,09-02 17:16:19,0.00856,0.009416,0.00856,0.007704,0
AKEUSDT,resident,新,1788340600000,09-02 17:16:40,0.008681,0.0095491,0.008681,0.0078129,0
AKEUSDT,resident,新,1788340695000,09-02 17:18:15,0.0087905,0.00966955,0.0087905,0.00791145,0
AKEUSDT,resident,新,1788341010000,09-02 17:23:30,0.0086885,0.00955735,0.0086885,0.00781965,0
AKEUSDT,resident,新,1788341733000,09-02 17:35:33,0.008599,0.0094589,0.008599,0.0077391,0
AKEUSDT,resident,新,1788342844000,09-02 17:54:04,0.008506,0.0093566,0.008506,0.0076554,0
AKEUSDT,resident,新,1788342917000,09-02 17:55:17,0.0086025,0.00946275,0.0086025,0.00774225,0
AKEUSDT,resident,新,1788343421000,09-02 18:03:41,0.0085135,0.00936485,0.0085135,0.00766215,0
AKEUSDT,resident,新,1788344276000,09-02 18:17:56,0.008414,0.0092554,0.008414,0.0075726,0
AKEUSDT,resident,新,1788347445000,09-02 19:10:45,0.0085135,0.00936485,0.0085135,0.00766215,0
AKEUSDT,resident,新,1788350052000,09-02 19:54:12,0.0086,0.00946,0.0086,0.00774,0
AKEUSDT,resident,新,1788350508000,09-02 20:01:48,0.008693,0.0095623,0.008693,0.0078237,0
AKEUSDT,resident,新,1788352539000,09-02 20:35:39,0.00860525,0.009465775,0.00860525,0.007744725,0
AKEUSDT,resident,新,1788355084000,09-02 21:18:04,0.0087215,0.00959365,0.0087215,0.00784935,0
AKEUSDT,resident,新,1788355889000,09-02 21:31:29,0.0088115,0.00969265,0.0088115,0.00793035,0
AKEUSDT,resident,新,1788355912000,09-02 21:31:52,0.008916,0.0098076,0.008916,0.0080244,0
AKEUSDT,resident,新,1788355925000,09-02 21:32:05,0.0090115,0.00991265,0.0090115,0.00811035,0
AKEUSDT,resident,新,1788355932000,09-02 21:32:12,0.0089005,0.00979055,0.0089005,0.00801045,0
AKEUSDT,resident,新,1788355942000,09-02 21:32:22,0.0089905,0.00988955,0.0089905,0.00809145,0
AKEUSDT,resident,新,1788355954000,09-02 21:32:34,0.0091295,0.01004245,0.0091295,0.00821655,0
AKEUSDT,resident,新,1788355989000,09-02 21:33:09,0.009034,0.0099374,0.009034,0.0081306,0
AKEUSDT,resident,新,1788356009000,09-02 21:33:29,0.0089365,0.00983015,0.0089365,0.00804285,0
AKEUSDT,resident,新,1788356048000,09-02 21:34:08,0.0090315,0.00993465,0.0090315,0.00812835,0
AKEUSDT,resident,新,1788356499000,09-02 21:41:39,0.0091235,0.01003585,0.0091235,0.00821115,0
AKEUSDT,resident,新,1788356535000,09-02 21:42:15,0.0092175,0.01013925,0.0092175,0.00829575,0
AKEUSDT,resident,新,1788356556000,09-02 21:42:36,0.0093415,0.01027565,0.0093415,0.00840735,0
AKEUSDT,resident,新,1788356571000,09-02 21:42:51,0.009445,0.0103895,0.009445,0.0085005,0
AKEUSDT,resident,新,1788356596000,09-02 21:43:16,0.009312,0.0102432,0.009312,0.0083808,0
AKEUSDT,resident,新,1788356614000,09-02 21:43:34,0.0094365,0.01038015,0.0094365,0.00849285,0
AKEUSDT,resident,新,1788356640000,09-02 21:44:00,0.0095325,0.01048575,0.0095325,0.00857925,0
AKEUSDT,resident,新,1788356799000,09-02 21:46:39,0.0096355,0.01059905,0.0096355,0.00867195,0
AKEUSDT,resident,新,1788356821000,09-02 21:47:01,0.00974,0.010714,0.00974,0.008766,0
AKEUSDT,resident,新,1788356848000,09-02 21:47:28,0.009848,0.0108328,0.009848,0.0088632,0
AKEUSDT,resident,新,1788356915000,09-02 21:48:35,0.0097475,0.01072225,0.0097475,0.00877275,0
AKEUSDT,resident,新,1788357019000,09-02 21:50:19,0.0099635,0.01095985,0.0099635,0.00896715,0
AKEUSDT,resident,新,1788357022000,09-02 21:50:22,0.010081,0.0110891,0.010081,0.0090729,0
AKEUSDT,resident,新,1788357027000,09-02 21:50:27,0.0099595,0.01095545,0.0099595,0.00896355,0
AKEUSDT,resident,新,1788357088000,09-02 21:51:28,0.010064,0.0110704,0.010064,0.0090576,0
AKEUSDT,resident,新,1788357104000,09-02 21:51:44,0.0101655,0.01118205,0.0101655,0.00914895,0
AKEUSDT,resident,新,1788357182000,09-02 21:53:02,0.0102715,0.01129865,0.0102715,0.00924435,0
AKEUSDT,resident,新,1788357205000,09-02 21:53:25,0.0101645,0.01118095,0.0101645,0.00914805,0
AKEUSDT,resident,新,1788357226000,09-02 21:53:46,0.010014,0.0110154,0.010014,0.0090126,0
AKEUSDT,resident,新,1788357251000,09-02 21:54:11,0.00989,0.010879,0.00989,0.008901,0
AKEUSDT,resident,新,1788357254000,09-02 21:54:14,0.009762,0.0107382,0.009762,0.0087858,0
AKEUSDT,resident,新,1788357263000,09-02 21:54:23,0.0096535,0.01061885,0.0096535,0.00868815,0
AKEUSDT,resident,新,1788357291000,09-02 21:54:51,0.009759,0.0107349,0.009759,0.0087831,0
AKEUSDT,resident,新,1788357303000,09-02 21:55:03,0.0096605,0.01062655,0.0096605,0.00869445,0
AKEUSDT,resident,新,1788357319000,09-02 21:55:19,0.0097955,0.01077505,0.0097955,0.00881595,0
AKEUSDT,resident,新,1788357328000,09-02 21:55:28,0.0099075,0.01089825,0.0099075,0.00891675,0
AKEUSDT,resident,新,1788357357000,09-02 21:55:57,0.010023,0.0110253,0.010023,0.0090207,0
AKEUSDT,resident,新,1788357379000,09-02 21:56:19,0.00986,0.010846,0.00986,0.008874,0
AKEUSDT,resident,新,1788357389000,09-02 21:56:29,0.009743,0.0107173,0.009743,0.0087687,0
AKEUSDT,resident,新,1788357392000,09-02 21:56:32,0.009843,0.0108273,0.009843,0.0088587,0
AKEUSDT,resident,新,1788357427000,09-02 21:57:07,0.0099545,0.01094995,0.0099545,0.00895905,0
AKEUSDT,resident,新,1788357463000,09-02 21:57:43,0.0100885,0.01109735,0.0100885,0.00907965,0
AKEUSDT,resident,新,1788357469000,09-02 21:57:49,0.0102095,0.01123045,0.0102095,0.00918855,0
AKEUSDT,resident,新,1788357495000,09-02 21:58:15,0.0101065,0.01111715,0.0101065,0.00909585,0
AKEUSDT,resident,新,1788357523000,09-02 21:58:43,0.0102395,0.01126345,0.0102395,0.00921555,0
AKEUSDT,resident,新,1788357606000,09-02 22:00:06,0.010363,0.0113993,0.010363,0.0093267,0
AKEUSDT,resident,新,1788357630000,09-02 22:00:30,0.0102565,0.01128215,0.0102565,0.00923085,0
AKEUSDT,resident,新,1788357640000,09-02 22:00:40,0.010372,0.0114092,0.010372,0.0093348,0
AKEUSDT,resident,新,1788357651000,09-02 22:00:51,0.0104765,0.01152415,0.0104765,0.00942885,0
AKEUSDT,resident,新,1788357740000,09-02 22:02:20,0.01059,0.011649,0.01059,0.009531,0
AKEUSDT,resident,新,1788357750000,09-02 22:02:30,0.010707,0.0117777,0.010707,0.0096363,0
AKEUSDT,resident,新,1788357824000,09-02 22:03:44,0.010599,0.0116589,0.010599,0.0095391,0
AKEUSDT,resident,新,1788357831000,09-02 22:03:51,0.010456,0.0115016,0.010456,0.0094104,0
AKEUSDT,resident,新,1788357843000,09-02 22:04:03,0.010562,0.0116182,0.010562,0.0095058,0
AKEUSDT,resident,新,1788357868000,09-02 22:04:28,0.0106695,0.01173645,0.0106695,0.00960255,0
AKEUSDT,resident,新,1788357902000,09-02 22:05:02,0.0107835,0.01186185,0.0107835,0.00970515,0
AKEUSDT,resident,新,1788357938000,09-02 22:05:38,0.010892,0.0119812,0.010892,0.0098028,0
AKEUSDT,resident,新,1788357983000,09-02 22:06:23,0.0110135,0.01211485,0.0110135,0.00991215,0
AKEUSDT,resident,新,1788358009000,09-02 22:06:49,0.011134,0.0122474,0.011134,0.0100206,0
AKEUSDT,resident,新,1788358049000,09-02 22:07:29,0.011018,0.0121198,0.011018,0.0099162,0
AKEUSDT,resident,新,1788358096000,09-02 22:08:16,0.010862,0.0119482,0.010862,0.0097758,0
AKEUSDT,resident,新,1788358098000,09-02 22:08:18,0.010728,0.0118008,0.010728,0.0096552,0
AKEUSDT,resident,新,1788358101000,09-02 22:08:21,0.0108945,0.01198395,0.0108945,0.00980505,0
AKEUSDT,resident,新,1788358108000,09-02 22:08:28,0.011007,0.0121077,0.011007,0.0099063,0
AKEUSDT,resident,新,1788358119000,09-02 22:08:39,0.010881,0.0119691,0.010881,0.0097929,0
AKEUSDT,resident,新,1788358125000,09-02 22:08:45,0.01075,0.011825,0.01075,0.009675,0
AKEUSDT,resident,新,1788358141000,09-02 22:09:01,0.01087,0.011957,0.01087,0.009783,0
AKEUSDT,resident,新,1788358162000,09-02 22:09:22,0.010995,0.0120945,0.010995,0.0098955,0
AKEUSDT,resident,新,1788358189000,09-02 22:09:49,0.010881,0.0119691,0.010881,0.0097929,0
AKEUSDT,resident,新,1788358203000,09-02 22:10:03,0.01099,0.012089,0.01099,0.009891,0
AKEUSDT,resident,新,1788358243000,09-02 22:10:43,0.0108615,0.01194765,0.0108615,0.00977535,0
AKEUSDT,resident,新,1788358266000,09-02 22:11:06,0.010983,0.0120813,0.010983,0.0098847,0
AKEUSDT,resident,新,1788358328000,09-02 22:12:08,0.011113,0.0122243,0.011113,0.0100017,0
AKEUSDT,resident,新,1788358344000,09-02 22:12:24,0.010998,0.0120978,0.010998,0.0098982,0
AKEUSDT,resident,新,1788358382000,09-02 22:13:02,0.01087,0.011957,0.01087,0.009783,0
AKEUSDT,resident,新,1788358407000,09-02 22:13:27,0.01099,0.012089,0.01099,0.009891,0
AKEUSDT,resident,新,1788358525000,09-02 22:15:25,0.0111135,0.01222485,0.0111135,0.01000215,0
AKEUSDT,resident,新,1788358544000,09-02 22:15:44,0.01099,0.012089,0.01099,0.009891,0
AKEUSDT,resident,新,1788358551000,09-02 22:15:51,0.010879,0.0119669,0.010879,0.0097911,0
AKEUSDT,resident,新,1788358555000,09-02 22:15:55,0.0110035,0.01210385,0.0110035,0.00990315,0
AKEUSDT,resident,新,1788358573000,09-02 22:16:13,0.010881,0.0119691,0.010881,0.0097929,0
AKEUSDT,resident,新,1788358609000,09-02 22:16:49,0.011004,0.0121044,0.011004,0.0099036,0
AKEUSDT,resident,新,1788358625000,09-02 22:17:05,0.011133,0.0122463,0.011133,0.0100197,0
AKEUSDT,resident,新,1788358642000,09-02 22:17:22,0.0110165,0.01211815,0.0110165,0.00991485,0
AKEUSDT,resident,新,1788358696000,09-02 22:18:16,0.0111275,0.01224025,0.0111275,0.01001475,0
AKEUSDT,resident,新,1788358776000,09-02 22:19:36,0.0112465,0.01237115,0.0112465,0.01012185,0
AKEUSDT,resident,新,1788358802000,09-02 22:20:02,0.0111265,0.01223915,0.0111265,0.01001385,0
AKEUSDT,resident,新,1788358908000,09-02 22:21:48,0.0110115,0.01211265,0.0110115,0.00991035,0
AKEUSDT,resident,新,1788359083000,09-02 22:24:43,0.010887,0.0119757,0.010887,0.0097983,0
AKEUSDT,resident,新,1788359088000,09-02 22:24:48,0.010767,0.0118437,0.010767,0.0096903,0
AKEUSDT,resident,新,1788359093000,09-02 22:24:53,0.010605,0.0116655,0.010605,0.0095445,0
AKEUSDT,resident,新,1788359095000,09-02 22:24:55,0.0104375,0.01148125,0.0104375,0.00939375,0
AKEUSDT,resident,新,1788359096000,09-02 22:24:56,0.0102725,0.01129975,0.0102725,0.00924525,0
AKEUSDT,resident,新,1788359101000,09-02 22:25:01,0.0101685,0.01118535,0.0101685,0.00915165,0
AKEUSDT,resident,新,1788359102000,09-02 22:25:02,0.0100465,0.01105115,0.0100465,0.00904185,0
AKEUSDT,resident,新,1788359104000,09-02 22:25:04,0.01022,0.011242,0.01022,0.009198,0
AKEUSDT,resident,新,1788359105000,09-02 22:25:05,0.0103555,0.01139105,0.0103555,0.00931995,0
AKEUSDT,resident,新,1788359107000,09-02 22:25:07,0.010212,0.0112332,0.010212,0.0091908,0
AKEUSDT,resident,新,1788359110000,09-02 22:25:10,0.0103335,0.01136685,0.0103335,0.00930015,0
AKEUSDT,resident,新,1788359115000,09-02 22:25:15,0.0101495,0.01116445,0.0101495,0.00913455,0
AKEUSDT,resident,新,1788359121000,09-02 22:25:21,0.010042,0.0110462,0.010042,0.0090378,0
AKEUSDT,resident,新,1788359123000,09-02 22:25:23,0.009927,0.0109197,0.009927,0.0089343,0
AKEUSDT,resident,新,1788359134000,09-02 22:25:34,0.01004,0.011044,0.01004,0.009036,0
AKEUSDT,resident,新,1788359141000,09-02 22:25:41,0.009933,0.0109263,0.009933,0.0089397,0
AKEUSDT,resident,新,1788359144000,09-02 22:25:44,0.0098205,0.01080255,0.0098205,0.00883845,0
AKEUSDT,resident,新,1788359149000,09-02 22:25:49,0.0096955,0.01066505,0.0096955,0.00872595,0
AKEUSDT,resident,新,1788359153000,09-02 22:25:53,0.0095095,0.01046045,0.0095095,0.00855855,0
AKEUSDT,resident,新,1788359155000,09-02 22:25:55,0.009392,0.0103312,0.009392,0.0084528,0
AKEUSDT,resident,新,1788359158000,09-02 22:25:58,0.0092385,0.01016235,0.0092385,0.00831465,0
AKEUSDT,resident,新,1788359160000,09-02 22:26:00,0.00934,0.010274,0.00934,0.008406,0
AKEUSDT,resident,新,1788359164000,09-02 22:26:04,0.009445,0.0103895,0.009445,0.0085005,0
AKEUSDT,resident,新,1788359165000,09-02 22:26:05,0.0092975,0.01022725,0.0092975,0.00836775,0
AKEUSDT,resident,新,1788359166000,09-02 22:26:06,0.0091625,0.01007875,0.0091625,0.00824625,0
AKEUSDT,resident,新,1788359169000,09-02 22:26:09,0.009025,0.0099275,0.009025,0.0081225,0
AKEUSDT,resident,新,1788359170000,09-02 22:26:10,0.0089235,0.00981585,0.0089235,0.00803115,0
AKEUSDT,resident,新,1788359179000,09-02 22:26:19,0.0090215,0.00992365,0.0090215,0.00811935,0
AKEUSDT,resident,新,1788359184000,09-02 22:26:24,0.008885,0.0097735,0.008885,0.0079965,0
AKEUSDT,resident,新,1788359185000,09-02 22:26:25,0.008773,0.0096503,0.008773,0.0078957,0
AKEUSDT,resident,新,1788359190000,09-02 22:26:30,0.008862,0.0097482,0.008862,0.0079758,0
AKEUSDT,resident,新,1788359193000,09-02 22:26:33,0.0087435,0.00961785,0.0087435,0.00786915,0
AKEUSDT,resident,新,1788359201000,09-02 22:26:41,0.0086535,0.00951885,0.0086535,0.00778815,0
AKEUSDT,resident,新,1788359215000,09-02 22:26:55,0.008764,0.0096404,0.008764,0.0078876,0
AKEUSDT,resident,新,1788359219000,09-02 22:26:59,0.0089045,0.00979495,0.0089045,0.00801405,0
AKEUSDT,resident,新,1788359221000,09-02 22:27:01,0.008814,0.0096954,0.008814,0.0079326,0
AKEUSDT,resident,新,1788359223000,09-02 22:27:03,0.008916,0.0098076,0.008916,0.0080244,0
AKEUSDT,resident,新,1788359226000,09-02 22:27:06,0.0090385,0.00994235,0.0090385,0.00813465,0
AKEUSDT,resident,新,1788359242000,09-02 22:27:22,0.008939,0.0098329,0.008939,0.0080451,0
AKEUSDT,resident,新,1788359243000,09-02 22:27:23,0.0088425,0.00972675,0.0088425,0.00795825,0
AKEUSDT,resident,新,1788359245000,09-02 22:27:25,0.00866,0.009526,0.00866,0.007794,0
AKEUSDT,resident,新,1788359253000,09-02 22:27:33,0.0087605,0.00963655,0.0087605,0.00788445,0
AKEUSDT,resident,新,1788359267000,09-02 22:27:47,0.008855,0.0097405,0.008855,0.0079695,0
AKEUSDT,resident,新,1788359270000,09-02 22:27:50,0.008968,0.0098648,0.008968,0.0080712,0
AKEUSDT,resident,新,1788359279000,09-02 22:27:59,0.0088615,0.00974765,0.0088615,0.00797535,0
AKEUSDT,resident,新,1788359352000,09-02 22:29:12,0.008743,0.0096173,0.008743,0.0078687,0
AKEUSDT,resident,新,1788359355000,09-02 22:29:15,0.008637,0.0095007,0.008637,0.0077733,0
AKEUSDT,resident,新,1788359366000,09-02 22:29:26,0.0087465,0.00962115,0.0087465,0.00787185,0
AKEUSDT,resident,新,1788359387000,09-02 22:29:47,0.008853,0.0097383,0.008853,0.0079677,0
AKEUSDT,resident,新,1788359395000,09-02 22:29:55,0.0087295,0.00960245,0.0087295,0.00785655,0
AKEUSDT,resident,新,1788359400000,09-02 22:30:00,0.0085935,0.00945285,0.0085935,0.00773415,0
AKEUSDT,resident,新,1788359423000,09-02 22:30:23,0.0084865,0.00933515,0.0084865,0.00763785,0
AKEUSDT,resident,新,1788359434000,09-02 22:30:34,0.0084015,0.00924165,0.0084015,0.00756135,0
AKEUSDT,resident,新,1788359437000,09-02 22:30:37,0.0083055,0.00913605,0.0083055,0.00747495,0
AKEUSDT,resident,新,1788359443000,09-02 22:30:43,0.0084435,0.00928785,0.0084435,0.00759915,0
AKEUSDT,resident,新,1788359446000,09-02 22:30:46,0.008549,0.0094039,0.008549,0.0076941,0
AKEUSDT,resident,新,1788359464000,09-02 22:31:04,0.00844,0.009284,0.00844,0.007596,0
AKEUSDT,resident,新,1788359468000,09-02 22:31:08,0.008345,0.0091795,0.008345,0.0075105,0
AKEUSDT,resident,新,1788359474000,09-02 22:31:14,0.008443,0.0092873,0.008443,0.0075987,0
AKEUSDT,resident,新,1788359483000,09-02 22:31:23,0.0083095,0.00914045,0.0083095,0.00747855,0
AKEUSDT,resident,新,1788359490000,09-02 22:31:30,0.008446,0.0092906,0.008446,0.0076014,0
AKEUSDT,resident,新,1788359525000,09-02 22:32:05,0.008557,0.0094127,0.008557,0.0077013,0
AKEUSDT,resident,新,1788359533000,09-02 22:32:13,0.00845,0.009295,0.00845,0.007605,0
AKEUSDT,resident,新,1788359542000,09-02 22:32:22,0.0083555,0.00919105,0.0083555,0.00751995,0
AKEUSDT,resident,新,1788359546000,09-02 22:32:26,0.008243,0.0090673,0.008243,0.0074187,0
AKEUSDT,resident,新,1788359613000,09-02 22:33:33,0.0081595,0.00897545,0.0081595,0.00734355,0
AKEUSDT,resident,新,1788359621000,09-02 22:33:41,0.008071,0.0088781,0.008071,0.0072639,0
AKEUSDT,resident,新,1788359622000,09-02 22:33:42,0.0079805,0.00877855,0.0079805,0.00718245,0
AKEUSDT,resident,新,1788359640000,09-02 22:34:00,0.0078815,0.00866965,0.0078815,0.00709335,0
AKEUSDT,resident,新,1788359650000,09-02 22:34:10,0.0077795,0.00855745,0.0077795,0.00700155,0
AKEUSDT,resident,新,1788359651000,09-02 22:34:11,0.00768,0.008448,0.00768,0.006912,0
AKEUSDT,resident,新,1788359666000,09-02 22:34:26,0.0077865,0.00856515,0.0077865,0.00700785,0
AKEUSDT,resident,新,1788359669000,09-02 22:34:29,0.0077055,0.00847605,0.0077055,0.00693495,0
AKEUSDT,resident,新,1788359701000,09-02 22:35:01,0.007798,0.0085778,0.007798,0.0070182,0
AKEUSDT,resident,新,1788359704000,09-02 22:35:04,0.007893,0.0086823,0.007893,0.0071037,0
AKEUSDT,resident,新,1788359714000,09-02 22:35:14,0.0080145,0.00881595,0.0080145,0.00721305,0
AKEUSDT,resident,新,1788359717000,09-02 22:35:17,0.008126,0.0089386,0.008126,0.0073134,0
AKEUSDT,resident,新,1788359738000,09-02 22:35:38,0.008011,0.0088121,0.008011,0.0072099,0
AKEUSDT,resident,新,1788359751000,09-02 22:35:51,0.0081215,0.00893365,0.0081215,0.00730935,0
AKEUSDT,resident,新,1788359760000,09-02 22:36:00,0.0082035,0.00902385,0.0082035,0.00738315,0
AKEUSDT,resident,新,1788359782000,09-02 22:36:22,0.0083025,0.00913275,0.0083025,0.00747225,0
AKEUSDT,resident,新,1788359785000,09-02 22:36:25,0.00843,0.009273,0.00843,0.007587,0
AKEUSDT,resident,新,1788359791000,09-02 22:36:31,0.0083335,0.00916685,0.0083335,0.00750015,0
AKEUSDT,resident,新,1788359821000,09-02 22:37:01,0.008429,0.0092719,0.008429,0.0075861,0
AKEUSDT,resident,新,1788359852000,09-02 22:37:32,0.0083275,0.00916025,0.0083275,0.00749475,0
AKEUSDT,resident,新,1788359865000,09-02 22:37:45,0.008433,0.0092763,0.008433,0.0075897,0
AKEUSDT,resident,新,1788359898000,09-02 22:38:18,0.0083275,0.00916025,0.0083275,0.00749475,0
AKEUSDT,resident,新,1788359960000,09-02 22:39:20,0.008412,0.0092532,0.008412,0.0075708,0
AKEUSDT,resident,新,1788359989000,09-02 22:39:49,0.0083195,0.00915145,0.0083195,0.00748755,0
AKEUSDT,resident,新,1788360017000,09-02 22:40:17,0.008428,0.0092708,0.008428,0.0075852,0
AKEUSDT,resident,新,1788360024000,09-02 22:40:24,0.008513,0.0093643,0.008513,0.0076617,0
AKEUSDT,resident,新,1788360037000,09-02 22:40:37,0.008424,0.0092664,0.008424,0.0075816,0
AKEUSDT,resident,新,1788360095000,09-02 22:41:35,0.0083385,0.00917235,0.0083385,0.00750465,0
AKEUSDT,resident,新,1788360108000,09-02 22:41:48,0.008426,0.0092686,0.008426,0.0075834,0
AKEUSDT,resident,新,1788360181000,09-02 22:43:01,0.008341,0.0091751,0.008341,0.0075069,0
AKEUSDT,resident,新,1788360244000,09-02 22:44:04,0.008432,0.0092752,0.008432,0.0075888,0
AKEUSDT,resident,新,1788360289000,09-02 22:44:49,0.0083425,0.00917675,0.0083425,0.00750825,0
AKEUSDT,resident,新,1788360379000,09-02 22:46:19,0.008427,0.0092697,0.008427,0.0075843,0
AKEUSDT,resident,新,1788360401000,09-02 22:46:41,0.008519,0.0093709,0.008519,0.0076671,0
AKEUSDT,resident,新,1788360407000,09-02 22:46:47,0.008617,0.0094787,0.008617,0.0077553,0
AKEUSDT,resident,新,1788360423000,09-02 22:47:03,0.0087575,0.00963325,0.0087575,0.00788175,0
AKEUSDT,resident,新,1788360431000,09-02 22:47:11,0.0088535,0.00973885,0.0088535,0.00796815,0
AKEUSDT,resident,新,1788360436000,09-02 22:47:16,0.0089855,0.00988405,0.0089855,0.00808695,0
AKEUSDT,resident,新,1788360438000,09-02 22:47:18,0.009104,0.0100144,0.009104,0.0081936,0
AKEUSDT,resident,新,1788360442000,09-02 22:47:22,0.0090025,0.00990275,0.0090025,0.00810225,0
AKEUSDT,resident,新,1788360454000,09-02 22:47:34,0.009173,0.0100903,0.009173,0.0082557,0
AKEUSDT,resident,新,1788360456000,09-02 22:47:36,0.009266,0.0101926,0.009266,0.0083394,0
AKEUSDT,resident,新,1788360480000,09-02 22:48:00,0.009385,0.0103235,0.009385,0.0084465,0
AKEUSDT,resident,新,1788360507000,09-02 22:48:27,0.0092855,0.01021405,0.0092855,0.00835695,0
AKEUSDT,resident,新,1788360518000,09-02 22:48:38,0.009192,0.0101112,0.009192,0.0082728,0
AKEUSDT,resident,新,1788360532000,09-02 22:48:52,0.009099,0.0100089,0.009099,0.0081891,0
AKEUSDT,resident,新,1788360561000,09-02 22:49:21,0.009205,0.0101255,0.009205,0.0082845,0
AKEUSDT,resident,新,1788360574000,09-02 22:49:34,0.009104,0.0100144,0.009104,0.0081936,0
AKEUSDT,resident,新,1788360578000,09-02 22:49:38,0.0090075,0.00990825,0.0090075,0.00810675,0
AKEUSDT,resident,新,1788360585000,09-02 22:49:45,0.008907,0.0097977,0.008907,0.0080163,0
AKEUSDT,resident,新,1788360594000,09-02 22:49:54,0.008803,0.0096833,0.008803,0.0079227,0
AKEUSDT,resident,新,1788360596000,09-02 22:49:56,0.008703,0.0095733,0.008703,0.0078327,0
AKEUSDT,resident,新,1788360616000,09-02 22:50:16,0.008606,0.0094666,0.008606,0.0077454,0
AKEUSDT,resident,新,1788360640000,09-02 22:50:40,0.0086945,0.00956395,0.0086945,0.00782505,0
AKEUSDT,resident,新,1788360647000,09-02 22:50:47,0.008795,0.0096745,0.008795,0.0079155,0
AKEUSDT,resident,新,1788360688000,09-02 22:51:28,0.0089085,0.00979935,0.0089085,0.00801765,0
AKEUSDT,resident,新,1788360724000,09-02 22:52:04,0.008789,0.0096679,0.008789,0.0079101,0
AKEUSDT,resident,新,1788360748000,09-02 22:52:28,0.008903,0.0097933,0.008903,0.0080127,0
AKEUSDT,resident,新,1788360771000,09-02 22:52:51,0.0089955,0.00989505,0.0089955,0.00809595,0
AKEUSDT,resident,新,1788360791000,09-02 22:53:11,0.009112,0.0100232,0.009112,0.0082008,0
AKEUSDT,resident,新,1788360816000,09-02 22:53:36,0.0092035,0.01012385,0.0092035,0.00828315,0
AKEUSDT,resident,新,1788360991000,09-02 22:56:31,0.0090925,0.01000175,0.0090925,0.00818325,0
AKEUSDT,resident,新,1788361022000,09-02 22:57:02,0.0091855,0.01010405,0.0091855,0.00826695,0
AKEUSDT,resident,新,1788361059000,09-02 22:57:39,0.009279,0.0102069,0.009279,0.0083511,0
AKEUSDT,resident,新,1788361117000,09-02 22:58:37,0.009178,0.0100958,0.009178,0.0082602,0
AKEUSDT,resident,新,1788361181000,09-02 22:59:41,0.0090815,0.00998965,0.0090815,0.00817335,0
AKEUSDT,resident,新,1788361192000,09-02 22:59:52,0.0089185,0.00981035,0.0089185,0.00802665,0
AKEUSDT,resident,新,1788361197000,09-02 22:59:57,0.0087865,0.00966515,0.0087865,0.00790785,0
AKEUSDT,resident,新,1788361202000,09-02 23:00:02,0.0088915,0.00978065,0.0088915,0.00800235,0
AKEUSDT,resident,新,1788361234000,09-02 23:00:34,0.008988,0.0098868,0.008988,0.0080892,0
AKEUSDT,resident,新,1788361265000,09-02 23:01:05,0.0088815,0.00976965,0.0088815,0.00799335,0
AKEUSDT,resident,新,1788361308000,09-02 23:01:48,0.0089735,0.00987085,0.0089735,0.00807615,0
AKEUSDT,resident,新,1788361622000,09-02 23:07:02,0.008882,0.0097702,0.008882,0.0079938,0
AKEUSDT,resident,新,1788361654000,09-02 23:07:34,0.0089775,0.00987525,0.0089775,0.00807975,0
AKEUSDT,resident,新,1788361719000,09-02 23:08:39,0.009071,0.0099781,0.009071,0.0081639,0
AKEUSDT,resident,新,1788361886000,09-02 23:11:26,0.008979,0.0098769,0.008979,0.0080811,0
AKEUSDT,resident,新,1788361969000,09-02 23:12:49,0.008889,0.0097779,0.008889,0.0080001,0
AKEUSDT,resident,新,1788361995000,09-02 23:13:15,0.008794,0.0096734,0.008794,0.0079146,0
AKEUSDT,resident,新,1788362081000,09-02 23:14:41,0.008889,0.0097779,0.008889,0.0080001,0
AKEUSDT,resident,新,1788362120000,09-02 23:15:20,0.00901,0.009911,0.00901,0.008109,0
AKEUSDT,resident,新,1788362203000,09-02 23:16:43,0.0091285,0.01004135,0.0091285,0.00821565,0
AKEUSDT,resident,新,1788362208000,09-02 23:16:48,0.0092495,0.01017445,0.0092495,0.00832455,0
AKEUSDT,resident,新,1788362210000,09-02 23:16:50,0.0093685,0.01030535,0.0093685,0.00843165,0
AKEUSDT,resident,新,1788362214000,09-02 23:16:54,0.009541,0.0104951,0.009541,0.0085869,0
AKEUSDT,resident,新,1788362223000,09-02 23:17:03,0.0096715,0.01063865,0.0096715,0.00870435,0
AKEUSDT,resident,新,1788362227000,09-02 23:17:07,0.0097805,0.01075855,0.0097805,0.00880245,0
AKEUSDT,resident,新,1788362230000,09-02 23:17:10,0.009676,0.0106436,0.009676,0.0087084,0
AKEUSDT,resident,新,1788362236000,09-02 23:17:16,0.0095435,0.01049785,0.0095435,0.00858915,0
AKEUSDT,resident,新,1788362245000,09-02 23:17:25,0.009425,0.0103675,0.009425,0.0084825,0
AKEUSDT,resident,新,1788362257000,09-02 23:17:37,0.009601,0.0105611,0.009601,0.0086409,0
AKEUSDT,resident,新,1788362259000,09-02 23:17:39,0.0097095,0.01068045,0.0097095,0.00873855,0
AKEUSDT,resident,新,1788362268000,09-02 23:17:48,0.009827,0.0108097,0.009827,0.0088443,0
AKEUSDT,resident,新,1788362279000,09-02 23:17:59,0.0097225,0.01069475,0.0097225,0.00875025,0
AKEUSDT,resident,新,1788362306000,09-02 23:18:26,0.0096195,0.01058145,0.0096195,0.00865755,0
AKEUSDT,resident,新,1788362312000,09-02 23:18:32,0.009741,0.0107151,0.009741,0.0087669,0
AKEUSDT,resident,新,1788362315000,09-02 23:18:35,0.0098855,0.01087405,0.0098855,0.00889695,0
AKEUSDT,resident,新,1788362319000,09-02 23:18:39,0.0100065,0.01100715,0.0100065,0.00900585,0
AKEUSDT,resident,新,1788362321000,09-02 23:18:41,0.009892,0.0108812,0.009892,0.0089028,0
AKEUSDT,resident,新,1788362326000,09-02 23:18:46,0.0097575,0.01073325,0.0097575,0.00878175,0
AKEUSDT,resident,新,1788362328000,09-02 23:18:48,0.009659,0.0106249,0.009659,0.0086931,0
AKEUSDT,resident,新,1788362332000,09-02 23:18:52,0.009503,0.0104533,0.009503,0.0085527,0
AKEUSDT,resident,新,1788362346000,09-02 23:19:06,0.0093785,0.01031635,0.0093785,0.00844065,0
AKEUSDT,resident,新,1788362348000,09-02 23:19:08,0.009267,0.0101937,0.009267,0.0083403,0
AKEUSDT,resident,新,1788362351000,09-02 23:19:11,0.00937,0.010307,0.00937,0.008433,0
AKEUSDT,resident,新,1788362362000,09-02 23:19:22,0.009471,0.0104181,0.009471,0.0085239,0
AKEUSDT,resident,新,1788362380000,09-02 23:19:40,0.009591,0.0105501,0.009591,0.0086319,0
AKEUSDT,resident,新,1788362386000,09-02 23:19:46,0.0094775,0.01042525,0.0094775,0.00852975,0
AKEUSDT,resident,新,1788362401000,09-02 23:20:01,0.00938,0.010318,0.00938,0.008442,0
AKEUSDT,resident,新,1788362406000,09-02 23:20:06,0.009524,0.0104764,0.009524,0.0085716,0
AKEUSDT,resident,新,1788362432000,09-02 23:20:32,0.0096335,0.01059685,0.0096335,0.00867015,0
AKEUSDT,resident,新,1788362440000,09-02 23:20:40,0.0097425,0.01071675,0.0097425,0.00876825,0
AKEUSDT,resident,新,1788362458000,09-02 23:20:58,0.0096385,0.01060235,0.0096385,0.00867465,0
AKEUSDT,resident,新,1788362511000,09-02 23:21:51,0.0095375,0.01049125,0.0095375,0.00858375,0
AKEUSDT,resident,新,1788362529000,09-02 23:22:09,0.009643,0.0106073,0.009643,0.0086787,0
AKEUSDT,resident,新,1788362544000,09-02 23:22:24,0.009754,0.0107294,0.009754,0.0087786,0
AKEUSDT,resident,新,1788362550000,09-02 23:22:30,0.009857,0.0108427,0.009857,0.0088713,0
AKEUSDT,resident,新,1788362560000,09-02 23:22:40,0.009756,0.0107316,0.009756,0.0087804,0
AKEUSDT,resident,新,1788362656000,09-02 23:24:16,0.00986,0.010846,0.00986,0.008874,0
AKEUSDT,resident,新,1788362659000,09-02 23:24:19,0.00996,0.010956,0.00996,0.008964,0
AKEUSDT,resident,新,1788362685000,09-02 23:24:45,0.009856,0.0108416,0.009856,0.0088704,0
AKEUSDT,resident,新,1788362708000,09-02 23:25:08,0.0097335,0.01070685,0.0097335,0.00876015,0
AKEUSDT,resident,新,1788362711000,09-02 23:25:11,0.0096215,0.01058365,0.0096215,0.00865935,0
AKEUSDT,resident,新,1788362782000,09-02 23:26:22,0.0097315,0.01070465,0.0097315,0.00875835,0
AKEUSDT,resident,新,1788362875000,09-02 23:27:55,0.0098385,0.01082235,0.0098385,0.00885465,0
AKEUSDT,resident,新,1788362896000,09-02 23:28:16,0.0097375,0.01071125,0.0097375,0.00876375,0
AKEUSDT,resident,新,1788362928000,09-02 23:28:48,0.009625,0.0105875,0.009625,0.0086625,0
AKEUSDT,resident,新,1788362953000,09-02 23:29:13,0.0097265,0.01069915,0.0097265,0.00875385,0
AKEUSDT,resident,新,1788363094000,09-02 23:31:34,0.009824,0.0108064,0.009824,0.0088416,0
AKEUSDT,resident,新,1788363208000,09-02 23:33:28,0.009715,0.0106865,0.009715,0.0087435,0
AKEUSDT,resident,新,1788363221000,09-02 23:33:41,0.0098125,0.01079375,0.0098125,0.00883125,0
AKEUSDT,resident,新,1788363249000,09-02 23:34:09,0.0099285,0.01092135,0.0099285,0.00893565,0
AKEUSDT,resident,新,1788363277000,09-02 23:34:37,0.0098205,0.01080255,0.0098205,0.00883845,0
AKEUSDT,resident,新,1788363388000,09-02 23:36:28,0.00972,0.010692,0.00972,0.008748,0
AKEUSDT,resident,新,1788363626000,09-02 23:40:26,0.0096175,0.01057925,0.0096175,0.00865575,0
AKEUSDT,resident,新,1788363773000,09-02 23:42:53,0.0097325,0.01070575,0.0097325,0.00875925,0
AKEUSDT,resident,新,1788363779000,09-02 23:42:59,0.009835,0.0108185,0.009835,0.0088515,0
AKEUSDT,resident,新,1788363865000,09-02 23:44:25,0.009935,0.0109285,0.009935,0.0089415,0
AKEUSDT,resident,新,1788363871000,09-02 23:44:31,0.010036,0.0110396,0.010036,0.0090324,0
AKEUSDT,resident,新,1788363877000,09-02 23:44:37,0.009888,0.0108768,0.009888,0.0088992,0
AKEUSDT,resident,新,1788363897000,09-02 23:44:57,0.010006,0.0110066,0.010006,0.0090054,0
AKEUSDT,resident,新,1788363903000,09-02 23:45:03,0.0101075,0.01111825,0.0101075,0.00909675,0
AKEUSDT,resident,新,1788363915000,09-02 23:45:15,0.010233,0.0112563,0.010233,0.0092097,0
AKEUSDT,resident,新,1788363936000,09-02 23:45:36,0.0103415,0.01137565,0.0103415,0.00930735,0
AKEUSDT,resident,新,1788363942000,09-02 23:45:42,0.0101975,0.01121725,0.0101975,0.00917775,0
AKEUSDT,resident,新,1788364002000,09-02 23:46:42,0.0103095,0.01134045,0.0103095,0.00927855,0
AKEUSDT,resident,新,1788364039000,09-02 23:47:19,0.010197,0.0112167,0.010197,0.0091773,0
AKEUSDT,resident,新,1788364134000,09-02 23:48:54,0.0103155,0.01134705,0.0103155,0.00928395,0
AKEUSDT,resident,新,1788364163000,09-02 23:49:23,0.010429,0.0114719,0.010429,0.0093861,0
AKEUSDT,resident,新,1788364391000,09-02 23:53:11,0.010309,0.0113399,0.010309,0.0092781,0
AKEUSDT,resident,新,1788364398000,09-02 23:53:18,0.0104173,0.01145903,0.0104173,0.00937557,0
AKEUSDT,resident,新,1788364441000,09-02 23:54:01,0.0105325,0.01158575,0.0105325,0.00947925,0
AKEUSDT,resident,新,1788364446000,09-02 23:54:06,0.010657,0.0117227,0.010657,0.0095913,0
AKEUSDT,resident,新,1788364458000,09-02 23:54:18,0.010545,0.0115995,0.010545,0.0094905,0
AKEUSDT,resident,新,1788364470000,09-02 23:54:30,0.0104305,0.01147355,0.0104305,0.00938745,0
AKEUSDT,resident,新,1788364902000,09-03 00:01:42,0.010546,0.0116006,0.010546,0.0094914,0
AKEUSDT,resident,新,1788364925000,09-03 00:02:05,0.010712,0.0117832,0.010712,0.0096408,0
AKEUSDT,resident,新,1788364940000,09-03 00:02:20,0.010825,0.0119075,0.010825,0.0097425,0
AKEUSDT,resident,新,1788365055000,09-03 00:04:15,0.010711,0.0117821,0.010711,0.0096399,0
AKEUSDT,resident,新,1788365123000,09-03 00:05:23,0.010825,0.0119075,0.010825,0.0097425,0
AKEUSDT,resident,新,1788365163000,09-03 00:06:03,0.0109415,0.01203565,0.0109415,0.00984735,0
AKEUSDT,resident,新,1788365209000,09-03 00:06:49,0.010815,0.0118965,0.010815,0.0097335,0
AKEUSDT,resident,新,1788365226000,09-03 00:07:06,0.0109435,0.01203785,0.0109435,0.00984915,0
AKEUSDT,resident,新,1788365492000,09-03 00:11:32,0.010834,0.0119174,0.010834,0.0097506,0
AKEUSDT,resident,新,1788365494000,09-03 00:11:34,0.010716,0.0117876,0.010716,0.0096444,0
AKEUSDT,resident,新,1788365509000,09-03 00:11:49,0.010837,0.0119207,0.010837,0.0097533,0
AKEUSDT,resident,新,1788365549000,09-03 00:12:29,0.0109475,0.01204225,0.0109475,0.00985275,0
AKEUSDT,resident,新,1788365605000,09-03 00:13:25,0.011061,0.0121671,0.011061,0.0099549,0
AKEUSDT,resident,新,1788365629000,09-03 00:13:49,0.011173,0.0122903,0.011173,0.0100557,0
AKEUSDT,resident,新,1788365723000,09-03 00:15:23,0.011053,0.0121583,0.011053,0.0099477,0
AKEUSDT,resident,新,1788365725000,09-03 00:15:25,0.010915,0.0120065,0.010915,0.0098235,0
AKEUSDT,resident,新,1788365729000,09-03 00:15:29,0.0110405,0.01214455,0.0110405,0.00993645,0
AKEUSDT,resident,新,1788365738000,09-03 00:15:38,0.010902,0.0119922,0.010902,0.0098118,0
AKEUSDT,resident,新,1788365740000,09-03 00:15:40,0.0107335,0.01180685,0.0107335,0.00966015,0
AKEUSDT,resident,新,1788365741000,09-03 00:15:41,0.0106085,0.01166935,0.0106085,0.00954765,0
AKEUSDT,resident,新,1788365743000,09-03 00:15:43,0.010502,0.0115522,0.010502,0.0094518,0
AKEUSDT,resident,新,1788365748000,09-03 00:15:48,0.010614,0.0116754,0.010614,0.0095526,0
AKEUSDT,resident,新,1788365754000,09-03 00:15:54,0.010722,0.0117942,0.010722,0.0096498,0
AKEUSDT,resident,新,1788365761000,09-03 00:16:01,0.010894,0.0119834,0.010894,0.0098046,0
AKEUSDT,resident,新,1788365763000,09-03 00:16:03,0.0110455,0.01215005,0.0110455,0.00994095,0
AKEUSDT,resident,新,1788365828000,09-03 00:17:08,0.010891,0.0119801,0.010891,0.0098019,0
AKEUSDT,resident,新,1788365900000,09-03 00:18:20,0.0107805,0.01185855,0.0107805,0.00970245,0
AKEUSDT,resident,新,1788365910000,09-03 00:18:30,0.0109155,0.01200705,0.0109155,0.00982395,0
AKEUSDT,resident,新,1788365929000,09-03 00:18:49,0.010798,0.0118778,0.010798,0.0097182,0
AKEUSDT,resident,新,1788365987000,09-03 00:19:47,0.010937,0.0120307,0.010937,0.0098433,0
AKEUSDT,resident,新,1788366002000,09-03 00:20:02,0.011097,0.0122067,0.011097,0.0099873,0
AKEUSDT,resident,新,1788366064000,09-03 00:21:04,0.0112635,0.01238985,0.0112635,0.01013715,0
AKEUSDT,resident,新,1788366075000,09-03 00:21:15,0.0111045,0.01221495,0.0111045,0.00999405,0
AKEUSDT,resident,新,1788366080000,09-03 00:21:20,0.011222,0.0123442,0.011222,0.0100998,0
AKEUSDT,resident,新,1788366141000,09-03 00:22:21,0.011339,0.0124729,0.011339,0.0102051,0
AKEUSDT,resident,新,1788366177000,09-03 00:22:57,0.011456,0.0126016,0.011456,0.0103104,0
AKEUSDT,resident,新,1788366202000,09-03 00:23:22,0.011601,0.0127611,0.011601,0.0104409,0
AKEUSDT,resident,新,1788366216000,09-03 00:23:36,0.011748,0.0129228,0.011748,0.0105732,0
AKEUSDT,resident,新,1788366247000,09-03 00:24:07,0.0116215,0.01278365,0.0116215,0.01045935,0
AKEUSDT,resident,新,1788366255000,09-03 00:24:15,0.0117515,0.01292665,0.0117515,0.01057635,0
AKEUSDT,resident,新,1788366282000,09-03 00:24:42,0.0118755,0.01306305,0.0118755,0.01068795,0
AKEUSDT,resident,新,1788366315000,09-03 00:25:15,0.0117455,0.01292005,0.0117455,0.01057095,0
AKEUSDT,resident,新,1788366353000,09-03 00:25:53,0.011883,0.0130713,0.011883,0.0106947,0
AKEUSDT,resident,新,1788366581000,09-03 00:29:41,0.0120135,0.01321485,0.0120135,0.01081215,0
AKEUSDT,resident,新,1788366606000,09-03 00:30:06,0.0121425,0.01335675,0.0121425,0.01092825,0
AKEUSDT,resident,新,1788366627000,09-03 00:30:27,0.012014,0.0132154,0.012014,0.0108126,0
AKEUSDT,resident,新,1788366631000,09-03 00:30:31,0.011861,0.0130471,0.011861,0.0106749,0
AKEUSDT,resident,新,1788366639000,09-03 00:30:39,0.0120045,0.01320495,0.0120045,0.01080405,0
AKEUSDT,resident,新,1788366646000,09-03 00:30:46,0.012127,0.0133397,0.012127,0.0109143,0
AKEUSDT,resident,新,1788366659000,09-03 00:30:59,0.0122595,0.01348545,0.0122595,0.01103355,0
AKEUSDT,resident,新,1788366690000,09-03 00:31:30,0.0121095,0.01332045,0.0121095,0.01089855,0
AKEUSDT,resident,新,1788366733000,09-03 00:32:13,0.0122525,0.01347775,0.0122525,0.01102725,0
AKEUSDT,resident,新,1788366749000,09-03 00:32:29,0.012377,0.0136147,0.012377,0.0111393,0
AKEUSDT,resident,新,1788366783000,09-03 00:33:03,0.0125905,0.01384955,0.0125905,0.01133145,0
AKEUSDT,resident,新,1788366785000,09-03 00:33:05,0.012734,0.0140074,0.012734,0.0114606,0
AKEUSDT,resident,新,1788366824000,09-03 00:33:44,0.0125535,0.01380885,0.0125535,0.01129815,0
AKEUSDT,resident,新,1788366826000,09-03 00:33:46,0.012374,0.0136114,0.012374,0.0111366,0
AKEUSDT,resident,新,1788366900000,09-03 00:35:00,0.0125,0.01375,0.0125,0.01125,0
AKEUSDT,resident,新,1788366929000,09-03 00:35:29,0.0123695,0.01360645,0.0123695,0.01113255,0
AKEUSDT,resident,新,1788366934000,09-03 00:35:34,0.012225,0.0134475,0.012225,0.0110025,0
AKEUSDT,resident,新,1788366940000,09-03 00:35:40,0.0119815,0.01317965,0.0119815,0.01078335,0
AKEUSDT,resident,新,1788366941000,09-03 00:35:41,0.011826,0.0130086,0.011826,0.0106434,0
AKEUSDT,resident,新,1788366943000,09-03 00:35:43,0.0116445,0.01280895,0.0116445,0.01048005,0
AKEUSDT,resident,新,1788366946000,09-03 00:35:46,0.011764,0.0129404,0.011764,0.0105876,0
AKEUSDT,resident,新,1788366948000,09-03 00:35:48,0.0118965,0.01308615,0.0118965,0.01070685,0
AKEUSDT,resident,新,1788366953000,09-03 00:35:53,0.012033,0.0132363,0.012033,0.0108297,0
AKEUSDT,resident,新,1788366954000,09-03 00:35:54,0.012185,0.0134035,0.012185,0.0109665,0
AKEUSDT,resident,新,1788366973000,09-03 00:36:13,0.012316,0.0135476,0.012316,0.0110844,0
AKEUSDT,resident,新,1788366991000,09-03 00:36:31,0.0124875,0.01373625,0.0124875,0.01123875,0
AKEUSDT,resident,新,1788366997000,09-03 00:36:37,0.0123525,0.01358775,0.0123525,0.01111725,0
AKEUSDT,resident,新,1788367012000,09-03 00:36:52,0.0122135,0.01343485,0.0122135,0.01099215,0
AKEUSDT,resident,新,1788367013000,09-03 00:36:53,0.012342,0.0135762,0.012342,0.0111078,0
AKEUSDT,resident,新,1788367016000,09-03 00:36:56,0.0124865,0.01373515,0.0124865,0.01123785,0
AKEUSDT,resident,新,1788367022000,09-03 00:37:02,0.012358,0.0135938,0.012358,0.0111222,0
AKEUSDT,resident,新,1788367031000,09-03 00:37:11,0.0121835,0.01340185,0.0121835,0.01096515,0
AKEUSDT,resident,新,1788367038000,09-03 00:37:18,0.012357,0.0135927,0.012357,0.0111213,0
AKEUSDT,resident,新,1788367155000,09-03 00:39:15,0.012514,0.0137654,0.012514,0.0112626,0
AKEUSDT,resident,新,1788367158000,09-03 00:39:18,0.012657,0.0139227,0.012657,0.0113913,0
AKEUSDT,resident,新,1788367164000,09-03 00:39:24,0.012821,0.0141031,0.012821,0.0115389,0
AKEUSDT,resident,新,1788367186000,09-03 00:39:46,0.0126865,0.01395515,0.0126865,0.01141785,0
AKEUSDT,resident,新,1788367215000,09-03 00:40:15,0.0128135,0.01409485,0.0128135,0.01153215,0
AKEUSDT,resident,新,1788367357000,09-03 00:42:37,0.012677,0.0139447,0.012677,0.0114093,0
AKEUSDT,resident,新,1788367367000,09-03 00:42:47,0.01248,0.013728,0.01248,0.011232,0
AKEUSDT,resident,新,1788367368000,09-03 00:42:48,0.0123515,0.01358665,0.0123515,0.01111635,0
AKEUSDT,resident,新,1788367370000,09-03 00:42:50,0.0124795,0.01372745,0.0124795,0.01123155,0
AKEUSDT,resident,新,1788367383000,09-03 00:43:03,0.0126305,0.01389355,0.0126305,0.01136745,0
AKEUSDT,resident,新,1788367422000,09-03 00:43:42,0.0124945,0.01374395,0.0124945,0.01124505,0
AKEUSDT,resident,新,1788367430000,09-03 00:43:50,0.0123665,0.01360315,0.0123665,0.01112985,0
AKEUSDT,resident,新,1788367438000,09-03 00:43:58,0.012493,0.0137423,0.012493,0.0112437,0
AKEUSDT,resident,新,1788367493000,09-03 00:44:53,0.012687,0.0139557,0.012687,0.0114183,0
AKEUSDT,resident,新,1788367532000,09-03 00:45:32,0.012843,0.0141273,0.012843,0.0115587,0
AKEUSDT,resident,新,1788367569000,09-03 00:46:09,0.0126695,0.01393645,0.0126695,0.01140255,0
AKEUSDT,resident,新,1788367674000,09-03 00:47:54,0.0128055,0.01408605,0.0128055,0.01152495,0
AKEUSDT,resident,新,1788367742000,09-03 00:49:02,0.012949,0.0142439,0.012949,0.0116541,0
AKEUSDT,resident,新,1788367778000,09-03 00:49:38,0.0128095,0.01409045,0.0128095,0.01152855,0
AKEUSDT,resident,新,1788367788000,09-03 00:49:48,0.012652,0.0139172,0.012652,0.0113868,0
AKEUSDT,resident,新,1788367809000,09-03 00:50:09,0.012434,0.0136774,0.012434,0.0111906,0
AKEUSDT,resident,新,1788367811000,09-03 00:50:11,0.0126125,0.01387375,0.0126125,0.01135125,0
AKEUSDT,resident,新,1788367814000,09-03 00:50:14,0.0127765,0.01405415,0.0127765,0.01149885,0
AKEUSDT,resident,新,1788367822000,09-03 00:50:22,0.012909,0.0141999,0.012909,0.0116181,0
AKEUSDT,resident,新,1788367858000,09-03 00:50:58,0.012755,0.0140305,0.012755,0.0114795,0
AKEUSDT,resident,新,1788367870000,09-03 00:51:10,0.0128835,0.01417185,0.0128835,0.01159515,0
AKEUSDT,resident,新,1788367986000,09-03 00:53:06,0.012742,0.0140162,0.012742,0.0114678,0
AKEUSDT,resident,新,1788367993000,09-03 00:53:13,0.0128765,0.01416415,0.0128765,0.01158885,0
AKEUSDT,resident,新,1788368110000,09-03 00:55:10,0.0130565,0.01436215,0.0130565,0.01175085,0
AKEUSDT,resident,新,1788368125000,09-03 00:55:25,0.01291,0.014201,0.01291,0.011619,0
AKEUSDT,resident,新,1788368253000,09-03 00:57:33,0.0130505,0.01435555,0.0130505,0.01174545,0
AKEUSDT,resident,新,1788368303000,09-03 00:58:23,0.012857,0.0141427,0.012857,0.0115713,0
AKEUSDT,resident,新,1788368319000,09-03 00:58:39,0.01301,0.014311,0.01301,0.011709,0
AKEUSDT,resident,新,1788368406000,09-03 01:00:06,0.0128615,0.01414765,0.0128615,0.01157535,0
AKEUSDT,resident,新,1788368423000,09-03 01:00:23,0.0127135,0.01398485,0.0127135,0.01144215,0
AKEUSDT,resident,新,1788368439000,09-03 01:00:39,0.0125185,0.01377035,0.0125185,0.01126665,0
AKEUSDT,resident,新,1788368443000,09-03 01:00:43,0.012332,0.0135652,0.012332,0.0110988,0
AKEUSDT,resident,新,1788368445000,09-03 01:00:45,0.012621,0.0138831,0.012621,0.0113589,0
AKEUSDT,resident,新,1788368451000,09-03 01:00:51,0.012464,0.0137104,0.012464,0.0112176,0
AKEUSDT,resident,新,1788368457000,09-03 01:00:57,0.0123105,0.01354155,0.0123105,0.01107945,0
AKEUSDT,resident,新,1788368460000,09-03 01:01:00,0.01205,0.013255,0.01205,0.010845,0
AKEUSDT,resident,新,1788368464000,09-03 01:01:04,0.0122595,0.01348545,0.0122595,0.01103355,0
AKEUSDT,resident,新,1788368466000,09-03 01:01:06,0.0121275,0.01334025,0.0121275,0.01091475,0
AKEUSDT,resident,新,1788368467000,09-03 01:01:07,0.011976,0.0131736,0.011976,0.0107784,0
AKEUSDT,resident,新,1788368469000,09-03 01:01:09,0.0118175,0.01299925,0.0118175,0.01063575,0
AKEUSDT,resident,新,1788368471000,09-03 01:01:11,0.012025,0.0132275,0.012025,0.0108225,0
AKEUSDT,resident,新,1788368483000,09-03 01:01:23,0.0121615,0.01337765,0.0121615,0.01094535,0
AKEUSDT,resident,新,1788368489000,09-03 01:01:29,0.011998,0.0131978,0.011998,0.0107982,0
AKEUSDT,resident,新,1788368498000,09-03 01:01:38,0.012223,0.0134453,0.012223,0.0110007,0
AKEUSDT,resident,新,1788368499000,09-03 01:01:39,0.012399,0.0136389,0.012399,0.0111591,0
AKEUSDT,resident,新,1788368503000,09-03 01:01:43,0.0125645,0.01382095,0.0125645,0.01130805,0
AKEUSDT,resident,新,1788368506000,09-03 01:01:46,0.0127,0.01397,0.0127,0.01143,0
AKEUSDT,resident,新,1788368510000,09-03 01:01:50,0.0129035,0.01419385,0.0129035,0.01161315,0
AKEUSDT,resident,新,1788368515000,09-03 01:01:55,0.012731,0.0140041,0.012731,0.0114579,0
AKEUSDT,resident,新,1788368520000,09-03 01:02:00,0.01287745,0.014165195,0.01287745,0.011589705,0
AKEUSDT,resident,新,1788368535000,09-03 01:02:15,0.0131285,0.01444135,0.0131285,0.01181565,0
AKEUSDT,resident,新,1788368536000,09-03 01:02:16,0.0136185,0.01498035,0.0136185,0.01225665,0
AKEUSDT,resident,新,1788368545000,09-03 01:02:25,0.013898,0.0152878,0.013898,0.0125082,0
AKEUSDT,resident,新,1788368561000,09-03 01:02:41,0.013745,0.0151195,0.013745,0.0123705,0
AKEUSDT,resident,新,1788368577000,09-03 01:02:57,0.0135935,0.01495285,0.0135935,0.01223415,0
AKEUSDT,resident,新,1788368593000,09-03 01:03:13,0.013448,0.0147928,0.013448,0.0121032,0
AKEUSDT,resident,新,1788368603000,09-03 01:03:23,0.0136035,0.01496385,0.0136035,0.01224315,0
AKEUSDT,resident,新,1788368604000,09-03 01:03:24,0.013942,0.0153362,0.013942,0.0125478,0
AKEUSDT,resident,新,1788368611000,09-03 01:03:31,0.013801,0.0151811,0.013801,0.0124209,0
AKEUSDT,resident,新,1788368614000,09-03 01:03:34,0.013562,0.0149182,0.013562,0.0122058,0
AKEUSDT,resident,新,1788368615000,09-03 01:03:35,0.0133835,0.01472185,0.0133835,0.01204515,0
AKEUSDT,resident,新,1788368622000,09-03 01:03:42,0.0132475,0.01457225,0.0132475,0.01192275,0
AKEUSDT,resident,新,1788368626000,09-03 01:03:46,0.013084,0.0143924,0.013084,0.0117756,0
AKEUSDT,resident,新,1788368627000,09-03 01:03:47,0.0128115,0.01409265,0.0128115,0.01153035,0
AKEUSDT,resident,新,1788368629000,09-03 01:03:49,0.0130345,0.01433795,0.0130345,0.01173105,0
AKEUSDT,resident,新,1788368636000,09-03 01:03:56,0.0128065,0.01408715,0.0128065,0.01152585,0
AKEUSDT,resident,新,1788368639000,09-03 01:03:59,0.012638,0.0139018,0.012638,0.0113742,0
AKEUSDT,resident,新,1788368640000,09-03 01:04:00,0.0127655,0.01404205,0.0127655,0.01148895,0
AKEUSDT,resident,新,1788368647000,09-03 01:04:07,0.012622,0.0138842,0.012622,0.0113598,0
AKEUSDT,resident,新,1788368657000,09-03 01:04:17,0.0127645,0.01404095,0.0127645,0.01148805,0
AKEUSDT,resident,新,1788368661000,09-03 01:04:21,0.0126135,0.01387485,0.0126135,0.01135215,0
AKEUSDT,resident,新,1788368678000,09-03 01:04:38,0.0127535,0.01402885,0.0127535,0.01147815,0
AKEUSDT,resident,新,1788368691000,09-03 01:04:51,0.0129,0.01419,0.0129,0.01161,0
AKEUSDT,resident,新,1788368701000,09-03 01:05:01,0.0127085,0.01397935,0.0127085,0.01143765,0
AKEUSDT,resident,新,1788368706000,09-03 01:05:06,0.0125645,0.01382095,0.0125645,0.01130805,0
AKEUSDT,resident,新,1788368711000,09-03 01:05:11,0.0126955,0.01396505,0.0126955,0.01142595,0
AKEUSDT,resident,新,1788368719000,09-03 01:05:19,0.012977,0.0142747,0.012977,0.0116793,0
AKEUSDT,resident,新,1788368720000,09-03 01:05:20,0.013167,0.0144837,0.013167,0.0118503,0
AKEUSDT,resident,新,1788368726000,09-03 01:05:26,0.0130305,0.01433355,0.0130305,0.01172745,0
AKEUSDT,resident,新,1788368730000,09-03 01:05:30,0.0131685,0.01448535,0.0131685,0.01185165,0
AKEUSDT,resident,新,1788368745000,09-03 01:05:45,0.013035,0.0143385,0.013035,0.0117315,0
AKEUSDT,resident,新,1788368765000,09-03 01:06:05,0.0131725,0.01448975,0.0131725,0.01185525,0
AKEUSDT,resident,新,1788368771000,09-03 01:06:11,0.0130295,0.01433245,0.0130295,0.01172655,0
AKEUSDT,resident,新,1788368807000,09-03 01:06:47,0.013293,0.0146223,0.013293,0.0119637,0
AKEUSDT,resident,新,1788368818000,09-03 01:06:58,0.0131405,0.01445455,0.0131405,0.01182645,0
AKEUSDT,resident,新,1788368887000,09-03 01:08:07,0.012992,0.0142912,0.012992,0.0116928,0
AKEUSDT,resident,新,1788368903000,09-03 01:08:23,0.013124,0.0144364,0.013124,0.0118116,0
AKEUSDT,resident,新,1788368961000,09-03 01:09:21,0.013265,0.0145915,0.013265,0.0119385,0
AKEUSDT,resident,新,1788369042000,09-03 01:10:42,0.0134435,0.01478785,0.0134435,0.01209915,0
AKEUSDT,resident,新,1788369056000,09-03 01:10:56,0.0135805,0.01493855,0.0135805,0.01222245,0
AKEUSDT,resident,新,1788369129000,09-03 01:12:09,0.013437,0.0147807,0.013437,0.0120933,0
AKEUSDT,resident,新,1788369385000,09-03 01:16:25,0.0136025,0.01496275,0.0136025,0.01224225,0
AKEUSDT,resident,新,1788369448000,09-03 01:17:28,0.013755,0.0151305,0.013755,0.0123795,0
AKEUSDT,resident,新,1788369503000,09-03 01:18:23,0.0139125,0.01530375,0.0139125,0.01252125,0
AKEUSDT,resident,新,1788369506000,09-03 01:18:26,0.014073,0.0154803,0.014073,0.0126657,0
AKEUSDT,resident,新,1788369522000,09-03 01:18:42,0.013909,0.0152999,0.013909,0.0125181,0
AKEUSDT,resident,新,1788369546000,09-03 01:19:06,0.0137645,0.01514095,0.0137645,0.01238805,0
AKEUSDT,resident,新,1788369563000,09-03 01:19:23,0.013943,0.0153373,0.013943,0.0125487,0
AKEUSDT,resident,新,1788369735000,09-03 01:22:15,0.0137765,0.01515415,0.0137765,0.01239885,0
AKEUSDT,resident,新,1788369744000,09-03 01:22:24,0.0139655,0.01536205,0.0139655,0.01256895,0
AKEUSDT,resident,新,1788370005000,09-03 01:26:45,0.014193,0.0156123,0.014193,0.0127737,0
AKEUSDT,resident,新,1788370025000,09-03 01:27:05,0.0140485,0.01545335,0.0140485,0.01264365,0
AKEUSDT,resident,新,1788370188000,09-03 01:29:48,0.0141915,0.01561065,0.0141915,0.01277235,0
AKEUSDT,resident,新,1788370514000,09-03 01:35:14,0.014348,0.0157828,0.014348,0.0129132,0
AKEUSDT,resident,新,1788370522000,09-03 01:35:22,0.014195,0.0156145,0.014195,0.0127755,0
AKEUSDT,resident,新,1788370593000,09-03 01:36:33,0.0143415,0.01577565,0.0143415,0.01290735,0
AKEUSDT,resident,新,1788370623000,09-03 01:37:03,0.01451,0.015961,0.01451,0.013059,0
AKEUSDT,resident,新,1788370682000,09-03 01:38:02,0.0143325,0.01576575,0.0143325,0.01289925,0
AKEUSDT,resident,新,1788370736000,09-03 01:38:56,0.0144825,0.01593075,0.0144825,0.01303425,0
AKEUSDT,resident,新,1788370810000,09-03 01:40:10,0.0146755,0.01614305,0.0146755,0.01320795,0
AKEUSDT,resident,新,1788370815000,09-03 01:40:15,0.014851,0.0163361,0.014851,0.0133659,0
AKEUSDT,resident,新,1788371107000,09-03 01:45:07,0.014696,0.0161656,0.014696,0.0132264,0
AKEUSDT,resident,新,1788371119000,09-03 01:45:19,0.014855,0.0163405,0.014855,0.0133695,0
AKEUSDT,resident,新,1788371193000,09-03 01:46:33,0.014686,0.0161546,0.014686,0.0132174,0
AKEUSDT,resident,新,1788371221000,09-03 01:47:01,0.014861,0.0163471,0.014861,0.0133749,0
AKEUSDT,resident,新,1788371248000,09-03 01:47:28,0.0145415,0.01599565,0.0145415,0.01308735,0
AKEUSDT,resident,新,1788371249000,09-03 01:47:29,0.014396,0.0158356,0.014396,0.0129564,0
AKEUSDT,resident,新,1788371252000,09-03 01:47:32,0.01463,0.016093,0.01463,0.013167,0
AKEUSDT,resident,新,1788371390000,09-03 01:49:50,0.0144785,0.01592635,0.0144785,0.01303065,0
AKEUSDT,resident,新,1788371412000,09-03 01:50:12,0.014644,0.0161084,0.014644,0.0131796,0
AKEUSDT,resident,新,1788371473000,09-03 01:51:13,0.0148005,0.01628055,0.0148005,0.01332045,0
AKEUSDT,resident,新,1788371578000,09-03 01:52:58,0.0145995,0.01605945,0.0145995,0.01313955,0
AKEUSDT,resident,新,1788371659000,09-03 01:54:19,0.014288,0.0157168,0.014288,0.0128592,0
AKEUSDT,resident,新,1788371668000,09-03 01:54:28,0.0145795,0.01603745,0.0145795,0.01312155,0
AKEUSDT,resident,新,1788371672000,09-03 01:54:32,0.0143755,0.01581305,0.0143755,0.01293795,0
AKEUSDT,resident,新,1788371680000,09-03 01:54:40,0.01417,0.015587,0.01417,0.012753,0
AKEUSDT,resident,新,1788371691000,09-03 01:54:51,0.014334,0.0157674,0.014334,0.0129006,0
AKEUSDT,resident,新,1788371716000,09-03 01:55:16,0.0141475,0.01556225,0.0141475,0.01273275,0
AKEUSDT,resident,新,1788371719000,09-03 01:55:19,0.0139955,0.01539505,0.0139955,0.01259595,0
AKEUSDT,resident,新,1788371723000,09-03 01:55:23,0.01414,0.015554,0.01414,0.012726,0
AKEUSDT,resident,新,1788371729000,09-03 01:55:29,0.0143745,0.01581195,0.0143745,0.01293705,0
AKEUSDT,resident,新,1788371742000,09-03 01:55:42,0.01454,0.015994,0.01454,0.013086,0
AKEUSDT,resident,新,1788371802000,09-03 01:56:42,0.0147045,0.01617495,0.0147045,0.01323405,0
AKEUSDT,resident,新,1788371815000,09-03 01:56:55,0.0150275,0.01653025,0.0150275,0.01352475,0
AKEUSDT,resident,新,1788371832000,09-03 01:57:12,0.0152805,0.01680855,0.0152805,0.01375245,0
AKEUSDT,resident,新,1788371851000,09-03 01:57:31,0.015117,0.0166287,0.015117,0.0136053,0
AKEUSDT,resident,新,1788371892000,09-03 01:58:12,0.014965,0.0164615,0.014965,0.0134685,0
AKEUSDT,resident,新,1788371910000,09-03 01:58:30,0.014795,0.0162745,0.014795,0.0133155,0
AKEUSDT,resident,新,1788371940000,09-03 01:59:00,0.014945,0.0164395,0.014945,0.0134505,0
AKEUSDT,resident,新,1788371995000,09-03 01:59:55,0.0147555,0.01623105,0.0147555,0.01327995,0
AKEUSDT,resident,新,1788372022000,09-03 02:00:22,0.014904,0.0163944,0.014904,0.0134136,0
AKEUSDT,resident,新,1788372104000,09-03 02:01:44,0.0150965,0.01660615,0.0150965,0.01358685,0
AKEUSDT,resident,新,1788372118000,09-03 02:01:58,0.0152565,0.01678215,0.0152565,0.01373085,0
AKEUSDT,resident,新,1788372128000,09-03 02:02:08,0.015453,0.0169983,0.015453,0.0139077,0
AKEUSDT,resident,新,1788372142000,09-03 02:02:22,0.0152915,0.01682065,0.0152915,0.01376235,0
AKEUSDT,resident,新,1788372190000,09-03 02:03:10,0.015447,0.0169917,0.015447,0.0139023,0
AKEUSDT,resident,新,1788372216000,09-03 02:03:36,0.015291,0.0168201,0.015291,0.0137619,0
AKEUSDT,resident,新,1788372260000,09-03 02:04:20,0.01547,0.017017,0.01547,0.013923,0
AKEUSDT,resident,新,1788372332000,09-03 02:05:32,0.0152935,0.01682285,0.0152935,0.01376415,0
AKEUSDT,resident,新,1788372398000,09-03 02:06:38,0.015467,0.0170137,0.015467,0.0139203,0
AKEUSDT,resident,新,1788372566000,09-03 02:09:26,0.0156255,0.01718805,0.0156255,0.01406295,0
AKEUSDT,resident,新,1788372578000,09-03 02:09:38,0.0157905,0.01736955,0.0157905,0.01421145,0
AKEUSDT,resident,新,1788373058000,09-03 02:17:38,0.01595,0.017545,0.01595,0.014355,0
AKEUSDT,resident,新,1788373237000,09-03 02:20:37,0.015702,0.0172722,0.015702,0.0141318,0
AKEUSDT,resident,新,1788373246000,09-03 02:20:46,0.0158765,0.01746415,0.0158765,0.01428885,0
AKEUSDT,resident,新,1788373306000,09-03 02:21:46,0.016047,0.0176517,0.016047,0.0144423,0
AKEUSDT,resident,新,1788373353000,09-03 02:22:33,0.016297,0.0179267,0.016297,0.0146673,0
AKEUSDT,resident,新,1788373358000,09-03 02:22:38,0.0161225,0.01773475,0.0161225,0.01451025,0
AKEUSDT,resident,新,1788373362000,09-03 02:22:42,0.0158555,0.01744105,0.0158555,0.01426995,0
AKEUSDT,resident,新,1788373364000,09-03 02:22:44,0.015592,0.0171512,0.015592,0.0140328,0
AKEUSDT,resident,新,1788373366000,09-03 02:22:46,0.015873,0.0174603,0.015873,0.0142857,0
AKEUSDT,resident,新,1788373373000,09-03 02:22:53,0.016085,0.0176935,0.016085,0.0144765,0
AKEUSDT,resident,新,1788373384000,09-03 02:23:04,0.016305,0.0179355,0.016305,0.0146745,0
AKEUSDT,resident,新,1788373398000,09-03 02:23:18,0.016134,0.0177474,0.016134,0.0145206,0
AKEUSDT,resident,新,1788373457000,09-03 02:24:17,0.0159225,0.01751475,0.0159225,0.01433025,0
AKEUSDT,resident,新,1788373461000,09-03 02:24:21,0.016102,0.0177122,0.016102,0.0144918,0
AKEUSDT,resident,新,1788373625000,09-03 02:27:05,0.0163,0.01793,0.0163,0.01467,0
AKEUSDT,resident,新,1788373626000,09-03 02:27:06,0.016584,0.0182424,0.016584,0.0149256,0
AKEUSDT,resident,新,1788373629000,09-03 02:27:09,0.0168195,0.01850145,0.0168195,0.01513755,0
AKEUSDT,resident,新,1788373633000,09-03 02:27:13,0.017093,0.0188023,0.017093,0.0153837,0
AKEUSDT,resident,新,1788373634000,09-03 02:27:14,0.017293,0.0190223,0.017293,0.0155637,0
AKEUSDT,resident,新,1788373635000,09-03 02:27:15,0.0170595,0.01876545,0.0170595,0.01535355,0
AKEUSDT,resident,新,1788373640000,09-03 02:27:20,0.016866,0.0185526,0.016866,0.0151794,0
AKEUSDT,resident,新,1788373649000,09-03 02:27:29,0.01709,0.018799,0.01709,0.015381,0
AKEUSDT,resident,新,1788373650000,09-03 02:27:30,0.0173225,0.01905475,0.0173225,0.01559025,0
AKEUSDT,resident,新,1788373651000,09-03 02:27:31,0.01752,0.019272,0.01752,0.015768,0
AKEUSDT,resident,新,1788373665000,09-03 02:27:45,0.017732,0.0195052,0.017732,0.0159588,0
AKEUSDT,resident,新,1788373669000,09-03 02:27:49,0.017539,0.0192929,0.017539,0.0157851,0
AKEUSDT,resident,新,1788373672000,09-03 02:27:52,0.017359,0.0190949,0.017359,0.0156231,0
AKEUSDT,resident,新,1788373680000,09-03 02:28:00,0.017169,0.0188859,0.017169,0.0154521,0
AKEUSDT,resident,新,1788373683000,09-03 02:28:03,0.017379,0.0191169,0.017379,0.0156411,0
AKEUSDT,resident,新,1788373687000,09-03 02:28:07,0.0171535,0.01886885,0.0171535,0.01543815,0
AKEUSDT,resident,新,1788373694000,09-03 02:28:14,0.0169755,0.01867305,0.0169755,0.01527795,0
AKEUSDT,resident,新,1788373698000,09-03 02:28:18,0.017154,0.0188694,0.017154,0.0154386,0
AKEUSDT,resident,新,1788373704000,09-03 02:28:24,0.016965,0.0186615,0.016965,0.0152685,0
AKEUSDT,resident,新,1788373711000,09-03 02:28:31,0.0171615,0.01887765,0.0171615,0.01544535,0
AKEUSDT,resident,新,1788373789000,09-03 02:29:49,0.01698,0.018678,0.01698,0.015282,0
AKEUSDT,resident,新,1788373805000,09-03 02:30:05,0.01716,0.018876,0.01716,0.015444,0
AKEUSDT,resident,新,1788373807000,09-03 02:30:07,0.0173405,0.01907455,0.0173405,0.01560645,0
AKEUSDT,resident,新,1788373817000,09-03 02:30:17,0.017573,0.0193303,0.017573,0.0158157,0
AKEUSDT,resident,新,1788373828000,09-03 02:30:28,0.017392,0.0191312,0.017392,0.0156528,0
AKEUSDT,resident,新,1788373878000,09-03 02:31:18,0.0172015,0.01892165,0.0172015,0.01548135,0
AKEUSDT,resident,新,1788373933000,09-03 02:32:13,0.017402,0.0191422,0.017402,0.0156618,0
AKEUSDT,resident,新,1788373961000,09-03 02:32:41,0.0172125,0.01893375,0.0172125,0.01549125,0
AKEUSDT,resident,新,1788373983000,09-03 02:33:03,0.0173905,0.01912955,0.0173905,0.01565145,0
AKEUSDT,resident,新,1788374042000,09-03 02:34:02,0.017202,0.0189222,0.017202,0.0154818,0
AKEUSDT,resident,新,1788374063000,09-03 02:34:23,0.0173765,0.01911415,0.0173765,0.01563885,0
AKEUSDT,resident,新,1788374082000,09-03 02:34:42,0.0175505,0.01930555,0.0175505,0.01579545,0
AKEUSDT,resident,新,1788374105000,09-03 02:35:05,0.0173515,0.01908665,0.0173515,0.01561635,0
AKEUSDT,resident,新,1788374122000,09-03 02:35:22,0.0171565,0.01887215,0.0171565,0.01544085,0
AKEUSDT,resident,新,1788374136000,09-03 02:35:36,0.0169375,0.01863125,0.0169375,0.01524375,0
AKEUSDT,resident,新,1788374138000,09-03 02:35:38,0.0171265,0.01883915,0.0171265,0.01541385,0
AKEUSDT,resident,新,1788374142000,09-03 02:35:42,0.0173065,0.01903715,0.0173065,0.01557585,0
AKEUSDT,resident,新,1788374146000,09-03 02:35:46,0.0175225,0.01927475,0.0175225,0.01577025,0
AKEUSDT,resident,新,1788374152000,09-03 02:35:52,0.017284,0.0190124,0.017284,0.0155556,0
AKEUSDT,resident,新,1788374189000,09-03 02:36:29,0.017457,0.0192027,0.017457,0.0157113,0
AKEUSDT,resident,新,1788374209000,09-03 02:36:49,0.017244,0.0189684,0.017244,0.0155196,0
AKEUSDT,resident,新,1788374271000,09-03 02:37:51,0.017446,0.0191906,0.017446,0.0157014,0
AKEUSDT,resident,新,1788374299000,09-03 02:38:19,0.01727,0.018997,0.01727,0.015543,0
AKEUSDT,resident,新,1788374364000,09-03 02:39:24,0.017086,0.0187946,0.017086,0.0153774,0
AKEUSDT,resident,新,1788374379000,09-03 02:39:39,0.01726,0.018986,0.01726,0.015534,0
AKEUSDT,resident,新,1788374388000,09-03 02:39:48,0.0170775,0.01878525,0.0170775,0.01536975,0
AKEUSDT,resident,新,1788374428000,09-03 02:40:28,0.0172805,0.01900855,0.0172805,0.01555245,0
AKEUSDT,resident,新,1788374469000,09-03 02:41:09,0.017094,0.0188034,0.017094,0.0153846,0
AKEUSDT,resident,新,1788374529000,09-03 02:42:09,0.0168635,0.01854985,0.0168635,0.01517715,0
AKEUSDT,resident,新,1788374544000,09-03 02:42:24,0.0166575,0.01832325,0.0166575,0.01499175,0
AKEUSDT,resident,新,1788374551000,09-03 02:42:31,0.016863,0.0185493,0.016863,0.0151767,0
AKEUSDT,resident,新,1788374564000,09-03 02:42:44,0.017054,0.0187594,0.017054,0.0153486,0
AKEUSDT,resident,新,1788374568000,09-03 02:42:48,0.017271,0.0189981,0.017271,0.0155439,0
AKEUSDT,resident,新,1788374579000,09-03 02:42:59,0.0170045,0.01870495,0.0170045,0.01530405,0
AKEUSDT,resident,新,1788374700000,09-03 02:45:00,0.017182,0.0189002,0.017182,0.0154638,0
AKEUSDT,resident,新,1788374713000,09-03 02:45:13,0.0173695,0.01910645,0.0173695,0.01563255,0
AKEUSDT,resident,新,1788374759000,09-03 02:45:59,0.017118,0.0188298,0.017118,0.0154062,0
AKEUSDT,resident,新,1788374837000,09-03 02:47:17,0.017296,0.0190256,0.017296,0.0155664,0
AKEUSDT,resident,新,1788374859000,09-03 02:47:39,0.017531,0.0192841,0.017531,0.0157779,0
AKEUSDT,resident,新,1788374864000,09-03 02:47:44,0.01734,0.019074,0.01734,0.015606,0
AKEUSDT,resident,新,1788374977000,09-03 02:49:37,0.017523,0.0192753,0.017523,0.0157707,0
AKEUSDT,resident,新,1788374980000,09-03 02:49:40,0.017702,0.0194722,0.017702,0.0159318,0
AKEUSDT,resident,新,1788374982000,09-03 02:49:42,0.0175135,0.01926485,0.0175135,0.01576215,0
AKEUSDT,resident,新,1788375007000,09-03 02:50:07,0.0177215,0.01949365,0.0177215,0.01594935,0
AKEUSDT,resident,新,1788375033000,09-03 02:50:33,0.017543,0.0192973,0.017543,0.0157887,0
AKEUSDT,resident,新,1788375059000,09-03 02:50:59,0.0177195,0.01949145,0.0177195,0.01594755,0
AKEUSDT,resident,新,1788375109000,09-03 02:51:49,0.0179265,0.01971915,0.0179265,0.01613385,0
AKEUSDT,resident,新,1788375116000,09-03 02:51:56,0.0181255,0.01993805,0.0181255,0.01631295,0
AKEUSDT,resident,新,1788375147000,09-03 02:52:27,0.017927,0.0197197,0.017927,0.0161343,0
AKEUSDT,resident,新,1788375285000,09-03 02:54:45,0.01772,0.019492,0.01772,0.015948,0
AKEUSDT,resident,新,1788375477000,09-03 02:57:57,0.0179,0.01969,0.0179,0.01611,0
AKEUSDT,resident,新,1788375824000,09-03 03:03:44,0.018086,0.0198946,0.018086,0.0162774,0
AKEUSDT,resident,新,1788375869000,09-03 03:04:29,0.0182685,0.02009535,0.0182685,0.01644165,0
AKEUSDT,resident,新,1788375974000,09-03 03:06:14,0.0184635,0.02030985,0.0184635,0.01661715,0
AKEUSDT,resident,新,1788376387000,09-03 03:13:07,0.0182155,0.02003705,0.0182155,0.01639395,0
AKEUSDT,resident,新,1788376393000,09-03 03:13:13,0.018401,0.0202411,0.018401,0.0165609,0
AKEUSDT,resident,新,1788376469000,09-03 03:14:29,0.018211,0.0200321,0.018211,0.0163899,0
AKEUSDT,resident,新,1788376527000,09-03 03:15:27,0.0183975,0.02023725,0.0183975,0.01655775,0
AKEUSDT,resident,新,1788376576000,09-03 03:16:16,0.018607,0.0204677,0.018607,0.0167463,0
AKEUSDT,resident,新,1788376860000,09-03 03:21:00,0.0188055,0.02068605,0.0188055,0.01692495,0
AKEUSDT,resident,新,1788377298000,09-03 03:28:18,0.0186105,0.02047155,0.0186105,0.01674945,0
AKEUSDT,resident,新,1788377395000,09-03 03:29:55,0.018398,0.0202378,0.018398,0.0165582,0
AKEUSDT,resident,新,1788377460000,09-03 03:31:00,0.0185995,0.02045945,0.0185995,0.01673955,0
AKEUSDT,resident,新,1788377536000,09-03 03:32:16,0.018786,0.0206646,0.018786,0.0169074,0
AKEUSDT,resident,新,1788377646000,09-03 03:34:06,0.018569,0.0204259,0.018569,0.0167121,0
AKEUSDT,resident,新,1788377714000,09-03 03:35:14,0.018355,0.0201905,0.018355,0.0165195,0
AKEUSDT,resident,新,1788377723000,09-03 03:35:23,0.018146,0.0199606,0.018146,0.0163314,0
AKEUSDT,resident,新,1788377762000,09-03 03:36:02,0.0183525,0.02018775,0.0183525,0.01651725,0
AKEUSDT,resident,新,1788377767000,09-03 03:36:07,0.018141,0.0199551,0.018141,0.0163269,0
AKEUSDT,resident,新,1788377779000,09-03 03:36:19,0.0183385,0.02017235,0.0183385,0.01650465,0
AKEUSDT,resident,新,1788377792000,09-03 03:36:32,0.018534,0.0203874,0.018534,0.0166806,0
AKEUSDT,resident,新,1788377800000,09-03 03:36:40,0.0187595,0.02063545,0.0187595,0.01688355,0
AKEUSDT,resident,新,1788378055000,09-03 03:40:55,0.018564,0.0204204,0.018564,0.0167076,0
AKEUSDT,resident,新,1788378075000,09-03 03:41:15,0.018761,0.0206371,0.018761,0.0168849,0
AKEUSDT,resident,新,1788379198000,09-03 03:59:58,0.0189555,0.02085105,0.0189555,0.01705995,0
AKEUSDT,resident,新,1788379273000,09-03 04:01:13,0.018765,0.0206415,0.018765,0.0168885,0
AKEUSDT,resident,新,1788379277000,09-03 04:01:17,0.018561,0.0204171,0.018561,0.0167049,0
AKEUSDT,resident,新,1788379283000,09-03 04:01:23,0.018749,0.0206239,0.018749,0.0168741,0
AKEUSDT,resident,新,1788379292000,09-03 04:01:32,0.018948,0.0208428,0.018948,0.0170532,0
AKEUSDT,resident,新,1788379304000,09-03 04:01:44,0.0191581,0.02107391,0.0191581,0.01724229,0
AKEUSDT,resident,新,1788379750000,09-03 04:09:10,0.0189435,0.02083785,0.0189435,0.01704915,0
AKEUSDT,resident,新,1788379762000,09-03 04:09:22,0.019139,0.0210529,0.019139,0.0172251,0
AKEUSDT,resident,新,1788379778000,09-03 04:09:38,0.018857,0.0207427,0.018857,0.0169713,0
AKEUSDT,resident,新,1788379783000,09-03 04:09:43,0.0186485,0.02051335,0.0186485,0.01678365,0
AKEUSDT,resident,新,1788379784000,09-03 04:09:44,0.018394,0.0202334,0.018394,0.0165546,0
AKEUSDT,resident,新,1788379790000,09-03 04:09:50,0.018171,0.0199881,0.018171,0.0163539,0
AKEUSDT,resident,新,1788379791000,09-03 04:09:51,0.017954,0.0197494,0.017954,0.0161586,0
AKEUSDT,resident,新,1788379795000,09-03 04:09:55,0.018158,0.0199738,0.018158,0.0163422,0
AKEUSDT,resident,新,1788379796000,09-03 04:09:56,0.017976,0.0197736,0.017976,0.0161784,0
AKEUSDT,resident,新,1788379802000,09-03 04:10:02,0.017313,0.0190443,0.017313,0.0155817,0
AKEUSDT,resident,新,1788379803000,09-03 04:10:03,0.0167665,0.01844315,0.0167665,0.01508985,0
AKEUSDT,resident,新,1788379805000,09-03 04:10:05,0.0170265,0.01872915,0.0170265,0.01532385,0
AKEUSDT,resident,新,1788379806000,09-03 04:10:06,0.017284,0.0190124,0.017284,0.0155556,0
AKEUSDT,resident,新,1788379809000,09-03 04:10:09,0.0176795,0.01944745,0.0176795,0.01591155,0
AKEUSDT,resident,新,1788379812000,09-03 04:10:12,0.0179065,0.01969715,0.0179065,0.01611585,0
AKEUSDT,resident,新,1788379813000,09-03 04:10:13,0.018178,0.0199958,0.018178,0.0163602,0
AKEUSDT,resident,新,1788379815000,09-03 04:10:15,0.0178855,0.01967405,0.0178855,0.01609695,0
AKEUSDT,resident,新,1788379818000,09-03 04:10:18,0.0176555,0.01942105,0.0176555,0.01588995,0
AKEUSDT,resident,新,1788379819000,09-03 04:10:19,0.017445,0.0191895,0.017445,0.0157005,0
AKEUSDT,resident,新,1788379821000,09-03 04:10:21,0.0176785,0.01944635,0.0176785,0.01591065,0
AKEUSDT,resident,新,1788379825000,09-03 04:10:25,0.0178645,0.01965095,0.0178645,0.01607805,0
AKEUSDT,resident,新,1788379826000,09-03 04:10:26,0.018127,0.0199397,0.018127,0.0163143,0
AKEUSDT,resident,新,1788379827000,09-03 04:10:27,0.018389,0.0202279,0.018389,0.0165501,0
AKEUSDT,resident,新,1788379829000,09-03 04:10:29,0.018157,0.0199727,0.018157,0.0163413,0
AKEUSDT,resident,新,1788379833000,09-03 04:10:33,0.018365,0.0202015,0.018365,0.0165285,0
AKEUSDT,resident,新,1788379853000,09-03 04:10:53,0.018143,0.0199573,0.018143,0.0163287,0
AKEUSDT,resident,新,1788379858000,09-03 04:10:58,0.018353,0.0201883,0.018353,0.0165177,0
AKEUSDT,resident,新,1788379860000,09-03 04:11:00,0.0185715,0.02042865,0.0185715,0.01671435,0
AKEUSDT,resident,新,1788379862000,09-03 04:11:02,0.0183335,0.02016685,0.0183335,0.01650015,0
AKEUSDT,resident,新,1788379876000,09-03 04:11:16,0.0180695,0.01987645,0.0180695,0.01626255,0
AKEUSDT,resident,新,1788379883000,09-03 04:11:23,0.017786,0.0195646,0.017786,0.0160074,0
AKEUSDT,resident,新,1788379890000,09-03 04:11:30,0.017993,0.0197923,0.017993,0.0161937,0
AKEUSDT,resident,新,1788379895000,09-03 04:11:35,0.0178025,0.01958275,0.0178025,0.01602225,0
AKEUSDT,resident,新,1788379903000,09-03 04:11:43,0.0180205,0.01982255,0.0180205,0.01621845,0
AKEUSDT,resident,新,1788379914000,09-03 04:11:54,0.0182115,0.02003265,0.0182115,0.01639035,0
AKEUSDT,resident,新,1788379922000,09-03 04:12:02,0.018023,0.0198253,0.018023,0.0162207,0
AKEUSDT,resident,新,1788379950000,09-03 04:12:30,0.018232,0.0200552,0.018232,0.0164088,0
AKEUSDT,resident,新,1788379960000,09-03 04:12:40,0.0180085,0.01980935,0.0180085,0.01620765,0
AKEUSDT,resident,新,1788379963000,09-03 04:12:43,0.017258,0.0189838,0.017258,0.0155322,0
AKEUSDT,resident,新,1788379964000,09-03 04:12:44,0.0169785,0.01867635,0.0169785,0.01528065,0
AKEUSDT,resident,新,1788379967000,09-03 04:12:47,0.017243,0.0189673,0.017243,0.0155187,0
AKEUSDT,resident,新,1788379972000,09-03 04:12:52,0.0174385,0.01918235,0.0174385,0.01569465,0
AKEUSDT,resident,新,1788379974000,09-03 04:12:54,0.0172265,0.01894915,0.0172265,0.01550385,0
AKEUSDT,resident,新,1788379984000,09-03 04:13:04,0.0166285,0.01829135,0.0166285,0.01496565,0
AKEUSDT,resident,新,1788379985000,09-03 04:13:05,0.0164325,0.01807575,0.0164325,0.01478925,0
AKEUSDT,resident,新,1788379987000,09-03 04:13:07,0.016736,0.0184096,0.016736,0.0150624,0
AKEUSDT,resident,新,1788379989000,09-03 04:13:09,0.0170795,0.01878745,0.0170795,0.01537155,0
AKEUSDT,resident,新,1788379990000,09-03 04:13:10,0.017341,0.0190751,0.017341,0.0156069,0
AKEUSDT,resident,新,1788379992000,09-03 04:13:12,0.017132,0.0188452,0.017132,0.0154188,0
AKEUSDT,resident,新,1788379995000,09-03 04:13:15,0.0168865,0.01857515,0.0168865,0.01519785,0
AKEUSDT,resident,新,1788379997000,09-03 04:13:17,0.0165995,0.01825945,0.0165995,0.01493955,0
AKEUSDT,resident,新,1788379998000,09-03 04:13:18,0.0162765,0.01790415,0.0162765,0.01464885,0
AKEUSDT,resident,新,1788380000000,09-03 04:13:20,0.0164935,0.01814285,0.0164935,0.01484415,0
AKEUSDT,resident,新,1788380002000,09-03 04:13:22,0.0167125,0.01838375,0.0167125,0.01504125,0
AKEUSDT,resident,新,1788380010000,09-03 04:13:30,0.016897,0.0185867,0.016897,0.0152073,0
AKEUSDT,resident,新,1788380014000,09-03 04:13:34,0.0170925,0.01880175,0.0170925,0.01538325,0
AKEUSDT,resident,新,1788380017000,09-03 04:13:37,0.0172635,0.01898985,0.0172635,0.01553715,0
AKEUSDT,resident,新,1788380021000,09-03 04:13:41,0.0170835,0.01879185,0.0170835,0.01537515,0
AKEUSDT,resident,新,1788380030000,09-03 04:13:50,0.0173825,0.01912075,0.0173825,0.01564425,0
AKEUSDT,resident,新,1788380035000,09-03 04:13:55,0.0175585,0.01931435,0.0175585,0.01580265,0
AKEUSDT,resident,新,1788380058000,09-03 04:14:18,0.017861,0.0196471,0.017861,0.0160749,0
AKEUSDT,resident,新,1788380068000,09-03 04:14:28,0.0181045,0.01991495,0.0181045,0.01629405,0
AKEUSDT,resident,新,1788380090000,09-03 04:14:50,0.018318,0.0201498,0.018318,0.0164862,0
AKEUSDT,resident,新,1788380092000,09-03 04:14:52,0.0185105,0.02036155,0.0185105,0.01665945,0
AKEUSDT,resident,新,1788380094000,09-03 04:14:54,0.018704,0.0205744,0.018704,0.0168336,0
AKEUSDT,resident,新,1788380096000,09-03 04:14:56,0.0184595,0.02030545,0.0184595,0.01661355,0
AKEUSDT,resident,新,1788380104000,09-03 04:15:04,0.018187,0.0200057,0.018187,0.0163683,0
AKEUSDT,resident,新,1788380106000,09-03 04:15:06,0.018454,0.0202994,0.018454,0.0166086,0
AKEUSDT,resident,新,1788380126000,09-03 04:15:26,0.0182675,0.02009425,0.0182675,0.01644075,0
AKEUSDT,resident,新,1788380139000,09-03 04:15:39,0.018071,0.0198781,0.018071,0.0162639,0
AKEUSDT,resident,新,1788380156000,09-03 04:15:56,0.0178275,0.01961025,0.0178275,0.01604475,0
AKEUSDT,resident,新,1788380166000,09-03 04:16:06,0.0180715,0.01987865,0.0180715,0.01626435,0
AKEUSDT,resident,新,1788380190000,09-03 04:16:30,0.018265,0.0200915,0.018265,0.0164385,0
AKEUSDT,resident,新,1788380207000,09-03 04:16:47,0.0184925,0.02034175,0.0184925,0.01664325,0
AKEUSDT,resident,新,1788380212000,09-03 04:16:52,0.018266,0.0200926,0.018266,0.0164394,0
AKEUSDT,resident,新,1788380226000,09-03 04:17:06,0.0184925,0.02034175,0.0184925,0.01664325,0
AKEUSDT,resident,新,1788380231000,09-03 04:17:11,0.0187315,0.02060465,0.0187315,0.01685835,0
AKEUSDT,resident,新,1788380240000,09-03 04:17:20,0.0185345,0.02038795,0.0185345,0.01668105,0
AKEUSDT,resident,新,1788380302000,09-03 04:18:22,0.018731,0.0206041,0.018731,0.0168579,0
AKEUSDT,resident,新,1788380308000,09-03 04:18:28,0.018967,0.0208637,0.018967,0.0170703,0
AKEUSDT,resident,新,1788380309000,09-03 04:18:29,0.0194155,0.02135705,0.0194155,0.01747395,0
AKEUSDT,resident,新,1788380320000,09-03 04:18:40,0.0197505,0.02172555,0.0197505,0.01777545,0
AKEUSDT,resident,新,1788380327000,09-03 04:18:47,0.019991,0.0219901,0.019991,0.0179919,0
AKEUSDT,resident,新,1788380328000,09-03 04:18:48,0.0202415,0.02226565,0.0202415,0.01821735,0
AKEUSDT,resident,新,1788380335000,09-03 04:18:55,0.020538,0.0225918,0.020538,0.0184842,0
AKEUSDT,resident,新,1788380349000,09-03 04:19:09,0.0207955,0.02287505,0.0207955,0.01871595,0
AKEUSDT,resident,新,1788380352000,09-03 04:19:12,0.0205285,0.02258135,0.0205285,0.01847565,0
AKEUSDT,resident,新,1788380358000,09-03 04:19:18,0.020805,0.0228855,0.020805,0.0187245,0
AKEUSDT,resident,新,1788380398000,09-03 04:19:58,0.0205825,0.02264075,0.0205825,0.01852425,0
AKEUSDT,resident,新,1788380429000,09-03 04:20:29,0.020806,0.0228866,0.020806,0.0187254,0
AKEUSDT,resident,新,1788380432000,09-03 04:20:32,0.0210925,0.02320175,0.0210925,0.01898325,0
AKEUSDT,resident,新,1788380455000,09-03 04:20:55,0.0208725,0.02295975,0.0208725,0.01878525,0
AKEUSDT,resident,新,1788380470000,09-03 04:21:10,0.02110165,0.023211815,0.02110165,0.018991485,0
AKEUSDT,resident,新,1788380473000,09-03 04:21:13,0.021335,0.0234685,0.021335,0.0192015,0
AKEUSDT,resident,新,1788380493000,09-03 04:21:33,0.0215585,0.02371435,0.0215585,0.01940265,0
AKEUSDT,resident,新,1788380495000,09-03 04:21:35,0.0213135,0.02344485,0.0213135,0.01918215,0
AKEUSDT,resident,新,1788380498000,09-03 04:21:38,0.0215385,0.02369235,0.0215385,0.01938465,0
AKEUSDT,resident,新,1788380513000,09-03 04:21:53,0.0213035,0.02343385,0.0213035,0.01917315,0
AKEUSDT,resident,新,1788380519000,09-03 04:21:59,0.0210395,0.02314345,0.0210395,0.01893555,0
AKEUSDT,resident,新,1788380546000,09-03 04:22:26,0.0205305,0.02258355,0.0205305,0.01847745,0
AKEUSDT,resident,新,1788380557000,09-03 04:22:37,0.0208415,0.02292565,0.0208415,0.01875735,0
AKEUSDT,resident,新,1788380559000,09-03 04:22:39,0.020614,0.0226754,0.020614,0.0185526,0
AKEUSDT,resident,新,1788380560000,09-03 04:22:40,0.02036,0.022396,0.02036,0.018324,0
AKEUSDT,resident,新,1788380567000,09-03 04:22:47,0.019995,0.0219945,0.019995,0.0179955,0
AKEUSDT,resident,新,1788380572000,09-03 04:22:52,0.019746,0.0217206,0.019746,0.0177714,0
AKEUSDT,resident,新,1788380577000,09-03 04:22:57,0.0199795,0.02197745,0.0199795,0.01798155,0
AKEUSDT,resident,新,1788380583000,09-03 04:23:03,0.019554,0.0215094,0.019554,0.0175986,0
AKEUSDT,resident,新,1788380590000,09-03 04:23:10,0.0193175,0.02124925,0.0193175,0.01738575,0
AKEUSDT,resident,新,1788380592000,09-03 04:23:12,0.019093,0.0210023,0.019093,0.0171837,0
AKEUSDT,resident,新,1788380594000,09-03 04:23:14,0.0194295,0.02137245,0.0194295,0.01748655,0
AKEUSDT,resident,新,1788380597000,09-03 04:23:17,0.019116,0.0210276,0.019116,0.0172044,0
AKEUSDT,resident,新,1788380599000,09-03 04:23:19,0.0188245,0.02070695,0.0188245,0.01694205,0
AKEUSDT,resident,新,1788380600000,09-03 04:23:20,0.018548,0.0204028,0.018548,0.0166932,0
AKEUSDT,resident,新,1788380604000,09-03 04:23:24,0.01835,0.020185,0.01835,0.016515,0
AKEUSDT,resident,新,1788380612000,09-03 04:23:32,0.018081,0.0198891,0.018081,0.0162729,0
AKEUSDT,resident,新,1788380613000,09-03 04:23:33,0.018411,0.0202521,0.018411,0.0165699,0
AKEUSDT,resident,新,1788380614000,09-03 04:23:34,0.0186445,0.02050895,0.0186445,0.01678005,0
AKEUSDT,resident,新,1788380616000,09-03 04:23:36,0.0183635,0.02019985,0.0183635,0.01652715,0
AKEUSDT,resident,新,1788380619000,09-03 04:23:39,0.018609,0.0204699,0.018609,0.0167481,0
AKEUSDT,resident,新,1788380621000,09-03 04:23:41,0.0189165,0.02080815,0.0189165,0.01702485,0
AKEUSDT,resident,新,1788380623000,09-03 04:23:43,0.0187055,0.02057605,0.0187055,0.01683495,0
AKEUSDT,resident,新,1788380624000,09-03 04:23:44,0.0185015,0.02035165,0.0185015,0.01665135,0
AKEUSDT,resident,新,1788380630000,09-03 04:23:50,0.0183115,0.02014265,0.0183115,0.01648035,0
AKEUSDT,resident,新,1788380634000,09-03 04:23:54,0.017878,0.0196658,0.017878,0.0160902,0
AKEUSDT,resident,新,1788380635000,09-03 04:23:55,0.017681,0.0194491,0.017681,0.0159129,0
AKEUSDT,resident,新,1788380638000,09-03 04:23:58,0.017909,0.0196999,0.017909,0.0161181,0
AKEUSDT,resident,新,1788380641000,09-03 04:24:01,0.017554,0.0193094,0.017554,0.0157986,0
AKEUSDT,resident,新,1788380642000,09-03 04:24:02,0.0177905,0.01956955,0.0177905,0.01601145,0
AKEUSDT,resident,新,1788380645000,09-03 04:24:05,0.018061,0.0198671,0.018061,0.0162549,0
AKEUSDT,resident,新,1788380647000,09-03 04:24:07,0.018254,0.0200794,0.018254,0.0164286,0
AKEUSDT,resident,新,1788380651000,09-03 04:24:11,0.0180175,0.01981925,0.0180175,0.01621575,0
AKEUSDT,resident,新,1788380659000,09-03 04:24:19,0.0183665,0.02020315,0.0183665,0.01652985,0
AKEUSDT,resident,新,1788380660000,09-03 04:24:20,0.0186195,0.02048145,0.0186195,0.01675755,0
AKEUSDT,resident,新,1788380668000,09-03 04:24:28,0.0182135,0.02003485,0.0182135,0.01639215,0
AKEUSDT,resident,新,1788380672000,09-03 04:24:32,0.018426,0.0202686,0.018426,0.0165834,0
AKEUSDT,resident,新,1788380681000,09-03 04:24:41,0.018614,0.0204754,0.018614,0.0167526,0
AKEUSDT,resident,新,1788380687000,09-03 04:24:47,0.018427,0.0202697,0.018427,0.0165843,0
AKEUSDT,resident,新,1788380696000,09-03 04:24:56,0.01823,0.020053,0.01823,0.016407,0
AKEUSDT,resident,新,1788380701000,09-03 04:25:01,0.018005,0.0198055,0.018005,0.0162045,0
AKEUSDT,resident,新,1788380703000,09-03 04:25:03,0.0177665,0.01954315,0.0177665,0.01598985,0
AKEUSDT,resident,新,1788380705000,09-03 04:25:05,0.0179445,0.01973895,0.0179445,0.01615005,0
AKEUSDT,resident,新,1788380712000,09-03 04:25:12,0.018224,0.0200464,0.018224,0.0164016,0
AKEUSDT,resident,新,1788380718000,09-03 04:25:18,0.018035,0.0198385,0.018035,0.0162315,0
AKEUSDT,resident,新,1788380720000,09-03 04:25:20,0.017842,0.0196262,0.017842,0.0160578,0
AKEUSDT,resident,新,1788380724000,09-03 04:25:24,0.018027,0.0198297,0.018027,0.0162243,0
AKEUSDT,resident,新,1788380731000,09-03 04:25:31,0.017828,0.0196108,0.017828,0.0160452,0
AKEUSDT,resident,新,1788380736000,09-03 04:25:36,0.017524,0.0192764,0.017524,0.0157716,0
AKEUSDT,resident,新,1788380741000,09-03 04:25:41,0.017759,0.0195349,0.017759,0.0159831,0
AKEUSDT,resident,新,1788380743000,09-03 04:25:43,0.0175615,0.01931765,0.0175615,0.01580535,0
AKEUSDT,resident,新,1788380751000,09-03 04:25:51,0.0173725,0.01910975,0.0173725,0.01563525,0
AKEUSDT,resident,新,1788380757000,09-03 04:25:57,0.0171825,0.01890075,0.0171825,0.01546425,0
AKEUSDT,resident,新,1788380764000,09-03 04:26:04,0.016903,0.0185933,0.016903,0.0152127,0
AKEUSDT,resident,新,1788380766000,09-03 04:26:06,0.017142,0.0188562,0.017142,0.0154278,0
AKEUSDT,resident,新,1788380768000,09-03 04:26:08,0.017476,0.0192236,0.017476,0.0157284,0
AKEUSDT,resident,新,1788380773000,09-03 04:26:13,0.017707,0.0194777,0.017707,0.0159363,0
AKEUSDT,resident,新,1788380777000,09-03 04:26:17,0.0179065,0.01969715,0.0179065,0.01611585,0
AKEUSDT,resident,新,1788380783000,09-03 04:26:23,0.017658,0.0194238,0.017658,0.0158922,0
AKEUSDT,resident,新,1788380795000,09-03 04:26:35,0.018015,0.0198165,0.018015,0.0162135,0
AKEUSDT,resident,新,1788380807000,09-03 04:26:47,0.0182045,0.02002495,0.0182045,0.01638405,0
AKEUSDT,resident,新,1788380815000,09-03 04:26:55,0.018001,0.0198011,0.018001,0.0162009,0
AKEUSDT,resident,新,1788380839000,09-03 04:27:19,0.017748,0.0195228,0.017748,0.0159732,0
AKEUSDT,resident,新,1788380845000,09-03 04:27:25,0.0175665,0.01932315,0.0175665,0.01580985,0
AKEUSDT,resident,新,1788380855000,09-03 04:27:35,0.0173445,0.01907895,0.0173445,0.01561005,0
AKEUSDT,resident,新,1788380866000,09-03 04:27:46,0.017573,0.0193303,0.017573,0.0158157,0
AKEUSDT,resident,新,1788380870000,09-03 04:27:50,0.0178225,0.01960475,0.0178225,0.01604025,0
AKEUSDT,resident,新,1788380899000,09-03 04:28:19,0.0175165,0.01926815,0.0175165,0.01576485,0
AKEUSDT,resident,新,1788380903000,09-03 04:28:23,0.0172985,0.01902835,0.0172985,0.01556865,0
AKEUSDT,resident,新,1788380912000,09-03 04:28:32,0.0175195,0.01927145,0.0175195,0.01576755,0
AKEUSDT,resident,新,1788380917000,09-03 04:28:37,0.0172385,0.01896235,0.0172385,0.01551465,0
AKEUSDT,resident,新,1788380942000,09-03 04:29:02,0.0170105,0.01871155,0.0170105,0.01530945,0
AKEUSDT,resident,新,1788380951000,09-03 04:29:11,0.01725,0.018975,0.01725,0.015525,0
AKEUSDT,resident,新,1788380966000,09-03 04:29:26,0.0174285,0.01917135,0.0174285,0.01568565,0
AKEUSDT,resident,新,1788380983000,09-03 04:29:43,0.017251,0.0189761,0.017251,0.0155259,0
AKEUSDT,resident,新,1788380987000,09-03 04:29:47,0.0174985,0.01924835,0.0174985,0.01574865,0
AKEUSDT,resident,新,1788381003000,09-03 04:30:03,0.017303,0.0190333,0.017303,0.0155727,0
AKEUSDT,resident,新,1788381009000,09-03 04:30:09,0.017549,0.0193039,0.017549,0.0157941,0
AKEUSDT,resident,新,1788381022000,09-03 04:30:22,0.0172145,0.01893595,0.0172145,0.01549305,0
AKEUSDT,resident,新,1788381030000,09-03 04:30:30,0.0174675,0.01921425,0.0174675,0.01572075,0
AKEUSDT,resident,新,1788381039000,09-03 04:30:39,0.017759,0.0195349,0.017759,0.0159831,0
AKEUSDT,resident,新,1788381042000,09-03 04:30:42,0.018006,0.0198066,0.018006,0.0162054,0
AKEUSDT,resident,新,1788381062000,09-03 04:31:02,0.017716,0.0194876,0.017716,0.0159444,0
AKEUSDT,resident,新,1788381068000,09-03 04:31:08,0.017962,0.0197582,0.017962,0.0161658,0
AKEUSDT,resident,新,1788381080000,09-03 04:31:20,0.0177795,0.01955745,0.0177795,0.01600155,0
AKEUSDT,resident,新,1788381088000,09-03 04:31:28,0.018078,0.0198858,0.018078,0.0162702,0
AKEUSDT,resident,新,1788381093000,09-03 04:31:33,0.01827,0.020097,0.01827,0.016443,0
AKEUSDT,resident,新,1788381099000,09-03 04:31:39,0.018642,0.0205062,0.018642,0.0167778,0
AKEUSDT,resident,新,1788381105000,09-03 04:31:45,0.0184215,0.02026365,0.0184215,0.01657935,0
AKEUSDT,resident,新,1788381109000,09-03 04:31:49,0.018632,0.0204952,0.018632,0.0167688,0
AKEUSDT,resident,新,1788381114000,09-03 04:31:54,0.0188565,0.02074215,0.0188565,0.01697085,0
AKEUSDT,resident,新,1788381116000,09-03 04:31:56,0.019158,0.0210738,0.019158,0.0172422,0
AKEUSDT,resident,新,1788381122000,09-03 04:32:02,0.0188755,0.02076305,0.0188755,0.01698795,0
AKEUSDT,resident,新,1788381126000,09-03 04:32:06,0.0184405,0.02028455,0.0184405,0.01659645,0
AKEUSDT,resident,新,1788381130000,09-03 04:32:10,0.0186415,0.02050565,0.0186415,0.01677735,0
AKEUSDT,resident,新,1788381162000,09-03 04:32:42,0.018829,0.0207119,0.018829,0.0169461,0
AKEUSDT,resident,新,1788381173000,09-03 04:32:53,0.0186325,0.02049575,0.0186325,0.01676925,0
AKEUSDT,resident,新,1788381182000,09-03 04:33:02,0.0188905,0.02077955,0.0188905,0.01700145,0
AKEUSDT,resident,新,1788381193000,09-03 04:33:13,0.0191935,0.02111285,0.0191935,0.01727415,0
AKEUSDT,resident,新,1788381203000,09-03 04:33:23,0.019405,0.0213455,0.019405,0.0174645,0
AKEUSDT,resident,新,1788381207000,09-03 04:33:27,0.019605,0.0215655,0.019605,0.0176445,0
AKEUSDT,resident,新,1788381220000,09-03 04:33:40,0.0193315,0.02126465,0.0193315,0.01739835,0
AKEUSDT,resident,新,1788381231000,09-03 04:33:51,0.0191025,0.02101275,0.0191025,0.01719225,0
AKEUSDT,resident,新,1788381266000,09-03 04:34:26,0.019319,0.0212509,0.019319,0.0173871,0
AKEUSDT,resident,新,1788381279000,09-03 04:34:39,0.0190875,0.02099625,0.0190875,0.01717875,0
AKEUSDT,resident,新,1788381288000,09-03 04:34:48,0.0192985,0.02122835,0.0192985,0.01736865,0
AKEUSDT,resident,新,1788381304000,09-03 04:35:04,0.019105,0.0210155,0.019105,0.0171945,0
AKEUSDT,resident,新,1788381330000,09-03 04:35:30,0.0188665,0.02075315,0.0188665,0.01697985,0
AKEUSDT,resident,新,1788381331000,09-03 04:35:31,0.018606,0.0204666,0.018606,0.0167454,0
AKEUSDT,resident,新,1788381338000,09-03 04:35:38,0.0188725,0.02075975,0.0188725,0.01698525,0
AKEUSDT,resident,新,1788381363000,09-03 04:36:03,0.0191,0.02101,0.0191,0.01719,0
AKEUSDT,resident,新,1788381382000,09-03 04:36:22,0.0193135,0.02124485,0.0193135,0.01738215,0
AKEUSDT,resident,新,1788381388000,09-03 04:36:28,0.019539,0.0214929,0.019539,0.0175851,0
AKEUSDT,resident,新,1788381420000,09-03 04:37:00,0.0197725,0.02174975,0.0197725,0.01779525,0
AKEUSDT,resident,新,1788381451000,09-03 04:37:31,0.019557,0.0215127,0.019557,0.0176013,0
AKEUSDT,resident,新,1788381467000,09-03 04:37:47,0.0197545,0.02172995,0.0197545,0.01777905,0
AKEUSDT,resident,新,1788381511000,09-03 04:38:31,0.0201545,0.02216995,0.0201545,0.01813905,0
AKEUSDT,resident,新,1788381523000,09-03 04:38:43,0.020415,0.0224565,0.020415,0.0183735,0
AKEUSDT,resident,新,1788381534000,09-03 04:38:54,0.020165,0.0221815,0.020165,0.0181485,0
AKEUSDT,resident,新,1788381623000,09-03 04:40:23,0.0203745,0.02241195,0.0203745,0.01833705,0
AKEUSDT,resident,新,1788381664000,09-03 04:41:04,0.0201215,0.02213365,0.0201215,0.01810935,0
AKEUSDT,resident,新,1788381670000,09-03 04:41:10,0.020332,0.0223652,0.020332,0.0182988,0
AKEUSDT,resident,新,1788381695000,09-03 04:41:35,0.020542,0.0225962,0.020542,0.0184878,0
AKEUSDT,resident,新,1788381722000,09-03 04:42:02,0.020773,0.0228503,0.020773,0.0186957,0
AKEUSDT,resident,新,1788381861000,09-03 04:44:21,0.020982,0.0230802,0.020982,0.0188838,0
AKEUSDT,resident,新,1788381873000,09-03 04:44:33,0.021208,0.0233288,0.021208,0.0190872,0
AKEUSDT,resident,新,1788381879000,09-03 04:44:39,0.0209805,0.02307855,0.0209805,0.01888245,0
AKEUSDT,resident,新,1788381886000,09-03 04:44:46,0.020749,0.0228239,0.020749,0.0186741,0
AKEUSDT,resident,新,1788381890000,09-03 04:44:50,0.020495,0.0225445,0.020495,0.0184455,0
AKEUSDT,resident,新,1788381892000,09-03 04:44:52,0.020284,0.0223124,0.020284,0.0182556,0
AKEUSDT,resident,新,1788381902000,09-03 04:45:02,0.020503,0.0225533,0.020503,0.0184527,0
AKEUSDT,resident,新,1788381905000,09-03 04:45:05,0.0201985,0.02221835,0.0201985,0.01817865,0
AKEUSDT,resident,新,1788381907000,09-03 04:45:07,0.020413,0.0224543,0.020413,0.0183717,0
AKEUSDT,resident,新,1788381911000,09-03 04:45:11,0.020631,0.0226941,0.020631,0.0185679,0
AKEUSDT,resident,新,1788381929000,09-03 04:45:29,0.020852,0.0229372,0.020852,0.0187668,0
AKEUSDT,resident,新,1788381936000,09-03 04:45:36,0.020556,0.0226116,0.020556,0.0185004,0
AKEUSDT,resident,新,1788381948000,09-03 04:45:48,0.0207835,0.02286185,0.0207835,0.01870515,0
AKEUSDT,resident,新,1788381973000,09-03 04:46:13,0.0210055,0.02310605,0.0210055,0.01890495,0
AKEUSDT,resident,新,1788382033000,09-03 04:47:13,0.0207685,0.02284535,0.0207685,0.01869165,0
AKEUSDT,resident,新,1788382039000,09-03 04:47:19,0.020543,0.0225973,0.020543,0.0184887,0
AKEUSDT,resident,新,1788382059000,09-03 04:47:39,0.020749,0.0228239,0.020749,0.0186741,0
AKEUSDT,resident,新,1788382072000,09-03 04:47:52,0.0209665,0.02306315,0.0209665,0.01886985,0
AKEUSDT,resident,新,1788382080000,09-03 04:48:00,0.020756,0.0228316,0.020756,0.0186804,0
AKEUSDT,resident,新,1788382163000,09-03 04:49:23,0.0209835,0.02308185,0.0209835,0.01888515,0
AKEUSDT,resident,新,1788382209000,09-03 04:50:09,0.020711,0.0227821,0.020711,0.0186399,0
AKEUSDT,resident,新,1788382233000,09-03 04:50:33,0.0209395,0.02303345,0.0209395,0.01884555,0
AKEUSDT,resident,新,1788382242000,09-03 04:50:42,0.0212985,0.02342835,0.0212985,0.01916865,0
AKEUSDT,resident,新,1788382249000,09-03 04:50:49,0.021636,0.0237996,0.021636,0.0194724,0
AKEUSDT,resident,新,1788382266000,09-03 04:51:06,0.021412,0.0235532,0.021412,0.0192708,0
AKEUSDT,resident,新,1788382267000,09-03 04:51:07,0.021178,0.0232958,0.021178,0.0190602,0
AKEUSDT,resident,新,1788382302000,09-03 04:51:42,0.021436,0.0235796,0.021436,0.0192924,0
AKEUSDT,resident,新,1788382345000,09-03 04:52:25,0.021205,0.0233255,0.021205,0.0190845,0
AKEUSDT,resident,新,1788382350000,09-03 04:52:30,0.0209565,0.02305215,0.0209565,0.01886085,0
AKEUSDT,resident,新,1788382360000,09-03 04:52:40,0.02118,0.023298,0.02118,0.019062,0
AKEUSDT,resident,新,1788382395000,09-03 04:53:15,0.0214145,0.02355595,0.0214145,0.01927305,0
AKEUSDT,resident,新,1788382413000,09-03 04:53:33,0.021183,0.0233013,0.021183,0.0190647,0
AKEUSDT,resident,新,1788382466000,09-03 04:54:26,0.020964,0.0230604,0.020964,0.0188676,0
AKEUSDT,resident,新,1788382485000,09-03 04:54:45,0.021225,0.0233475,0.021225,0.0191025,0
AKEUSDT,resident,新,1788382518000,09-03 04:55:18,0.0209645,0.02306095,0.0209645,0.01886805,0
AKEUSDT,resident,新,1788382555000,09-03 04:55:55,0.021221,0.0233431,0.021221,0.0190989,0
AKEUSDT,resident,新,1788382579000,09-03 04:56:19,0.0209875,0.02308625,0.0209875,0.01888875,0
AKEUSDT,resident,新,1788382613000,09-03 04:56:53,0.020763,0.0228393,0.020763,0.0186867,0
AKEUSDT,resident,新,1788382616000,09-03 04:56:56,0.020502,0.0225522,0.020502,0.0184518,0
AKEUSDT,resident,新,1788382626000,09-03 04:57:06,0.0202945,0.02232395,0.0202945,0.01826505,0
AKEUSDT,resident,新,1788382635000,09-03 04:57:15,0.020541,0.0225951,0.020541,0.0184869,0
AKEUSDT,resident,新,1788382641000,09-03 04:57:21,0.0202025,0.02222275,0.0202025,0.01818225,0
AKEUSDT,resident,新,1788382643000,09-03 04:57:23,0.019987,0.0219857,0.019987,0.0179883,0
AKEUSDT,resident,新,1788382648000,09-03 04:57:28,0.020247,0.0222717,0.020247,0.0182223,0
AKEUSDT,resident,新,1788382663000,09-03 04:57:43,0.020643,0.0227073,0.020643,0.0185787,0
AKEUSDT,resident,新,1788382701000,09-03 04:58:21,0.020419,0.0224609,0.020419,0.0183771,0
AKEUSDT,resident,新,1788382726000,09-03 04:58:46,0.0206265,0.02268915,0.0206265,0.01856385,0
AKEUSDT,resident,新,1788382752000,09-03 04:59:12,0.020372,0.0224092,0.020372,0.0183348,0
AKEUSDT,resident,新,1788382772000,09-03 04:59:32,0.020085,0.0220935,0.020085,0.0180765,0
AKEUSDT,resident,新,1788382820000,09-03 05:00:20,0.020349,0.0223839,0.020349,0.0183141,0
AKEUSDT,resident,新,1788382828000,09-03 05:00:28,0.0205855,0.02264405,0.0205855,0.01852695,0
AKEUSDT,resident,新,1788382836000,09-03 05:00:36,0.0209525,0.02304775,0.0209525,0.01885725,0
AKEUSDT,resident,新,1788382842000,09-03 05:00:42,0.0212205,0.02334255,0.0212205,0.01909845,0
AKEUSDT,resident,新,1788382849000,09-03 05:00:49,0.0214885,0.02363735,0.0214885,0.01933965,0
AKEUSDT,resident,新,1788382871000,09-03 05:01:11,0.021186,0.0233046,0.021186,0.0190674,0
AKEUSDT,resident,新,1788382877000,09-03 05:01:17,0.02097,0.023067,0.02097,0.018873,0
AKEUSDT,resident,新,1788382883000,09-03 05:01:23,0.0212015,0.02332165,0.0212015,0.01908135,0
AKEUSDT,resident,新,1788382895000,09-03 05:01:35,0.020937,0.0230307,0.020937,0.0188433,0
AKEUSDT,resident,新,1788382902000,09-03 05:01:42,0.0211965,0.02331615,0.0211965,0.01907685,0
AKEUSDT,resident,新,1788382907000,09-03 05:01:47,0.0209205,0.02301255,0.0209205,0.01882845,0
AKEUSDT,resident,新,1788382917000,09-03 05:01:57,0.021144,0.0232584,0.021144,0.0190296,0
AKEUSDT,resident,新,1788382924000,09-03 05:02:04,0.020897,0.0229867,0.020897,0.0188073,0
AKEUSDT,resident,新,1788382964000,09-03 05:02:44,0.020671,0.0227381,0.020671,0.0186039,0
AKEUSDT,resident,新,1788382983000,09-03 05:03:03,0.020961,0.0230571,0.020961,0.0188649,0
AKEUSDT,resident,新,1788383000000,09-03 05:03:20,0.0207315,0.02280465,0.0207315,0.01865835,0
AKEUSDT,resident,新,1788383012000,09-03 05:03:32,0.020939,0.0230329,0.020939,0.0188451,0
AKEUSDT,resident,新,1788383048000,09-03 05:04:08,0.0207075,0.02277825,0.0207075,0.01863675,0
AKEUSDT,resident,新,1788383104000,09-03 05:05:04,0.020474,0.0225214,0.020474,0.0184266,0
AKEUSDT,resident,新,1788383116000,09-03 05:05:16,0.020698,0.0227678,0.020698,0.0186282,0
AKEUSDT,resident,新,1788383264000,09-03 05:07:44,0.0209645,0.02306095,0.0209645,0.01886805,0
AKEUSDT,resident,新,1788383277000,09-03 05:07:57,0.021187,0.0233057,0.021187,0.0190683,0
AKEUSDT,resident,新,1788383304000,09-03 05:08:24,0.021414,0.0235554,0.021414,0.0192726,0
AKEUSDT,resident,新,1788383354000,09-03 05:09:14,0.0211945,0.02331395,0.0211945,0.01907505,0
AKEUSDT,resident,新,1788383400000,09-03 05:10:00,0.020958,0.0230538,0.020958,0.0188622,0
AKEUSDT,resident,新,1788383434000,09-03 05:10:34,0.0212035,0.02332385,0.0212035,0.01908315,0
AKEUSDT,resident,新,1788383543000,09-03 05:12:23,0.021431,0.0235741,0.021431,0.0192879,0
AKEUSDT,resident,新,1788383620000,09-03 05:13:40,0.021199,0.0233189,0.021199,0.0190791,0
AKEUSDT,resident,新,1788383653000,09-03 05:14:13,0.02142,0.023562,0.02142,0.019278,0
AKEUSDT,resident,新,1788383732000,09-03 05:15:32,0.0216675,0.02383425,0.0216675,0.01950075,0
AKEUSDT,resident,新,1788383735000,09-03 05:15:35,0.021983,0.0241813,0.021983,0.0197847,0
AKEUSDT,resident,新,1788383749000,09-03 05:15:49,0.0217545,0.02392995,0.0217545,0.01957905,0
AKEUSDT,resident,新,1788383763000,09-03 05:16:03,0.022019,0.0242209,0.022019,0.0198171,0
AKEUSDT,resident,新,1788383768000,09-03 05:16:08,0.021791,0.0239701,0.021791,0.0196119,0
AKEUSDT,resident,新,1788383780000,09-03 05:16:20,0.0215665,0.02372315,0.0215665,0.01940985,0
AKEUSDT,resident,新,1788383812000,09-03 05:16:52,0.02183835,0.024022185,0.02183835,0.019654515,0
AKEUSDT,resident,新,1788383820000,09-03 05:17:00,0.0220875,0.02429625,0.0220875,0.01987875,0
AKEUSDT,resident,新,1788383837000,09-03 05:17:17,0.021866,0.0240526,0.021866,0.0196794,0
AKEUSDT,resident,新,1788383881000,09-03 05:18:01,0.0216235,0.02378585,0.0216235,0.01946115,0
AKEUSDT,resident,新,1788383912000,09-03 05:18:32,0.021842,0.0240262,0.021842,0.0196578,0
AKEUSDT,resident,新,1788384007000,09-03 05:20:07,0.0216135,0.02377485,0.0216135,0.01945215,0
AKEUSDT,resident,新,1788384031000,09-03 05:20:31,0.021831,0.0240141,0.021831,0.0196479,0
AKEUSDT,resident,新,1788384136000,09-03 05:22:16,0.0220745,0.02428195,0.0220745,0.01986705,0
AKEUSDT,resident,新,1788384187000,09-03 05:23:07,0.021773,0.0239503,0.021773,0.0195957,0
AKEUSDT,resident,新,1788384241000,09-03 05:24:01,0.0214125,0.02355375,0.0214125,0.01927125,0
AKEUSDT,resident,新,1788384267000,09-03 05:24:27,0.021676,0.0238436,0.021676,0.0195084,0
AKEUSDT,resident,新,1788384439000,09-03 05:27:19,0.0219005,0.02409055,0.0219005,0.01971045,0
AKEUSDT,resident,新,1788384765000,09-03 05:32:45,0.0221335,0.02434685,0.0221335,0.01992015,0
AKEUSDT,resident,新,1788384827000,09-03 05:33:47,0.0223805,0.02461855,0.0223805,0.02014245,0
AKEUSDT,resident,新,1788384830000,09-03 05:33:50,0.0226325,0.02489575,0.0226325,0.02036925,0
AKEUSDT,resident,新,1788384843000,09-03 05:34:03,0.0223755,0.02461305,0.0223755,0.02013795,0
AKEUSDT,resident,新,1788385034000,09-03 05:37:14,0.0226205,0.02488255,0.0226205,0.02035845,0
AKEUSDT,resident,新,1788385036000,09-03 05:37:16,0.0230265,0.02532915,0.0230265,0.02072385,0
AKEUSDT,resident,新,1788385048000,09-03 05:37:28,0.023465,0.0258115,0.023465,0.0211185,0
AKEUSDT,resident,新,1788385049000,09-03 05:37:29,0.023797,0.0261767,0.023797,0.0214173,0
AKEUSDT,resident,新,1788385053000,09-03 05:37:33,0.024101,0.0265111,0.024101,0.0216909,0
AKEUSDT,resident,新,1788385055000,09-03 05:37:35,0.02437,0.026807,0.02437,0.021933,0
AKEUSDT,resident,新,1788385067000,09-03 05:37:47,0.02411,0.026521,0.02411,0.021699,0
AKEUSDT,resident,新,1788385095000,09-03 05:38:15,0.024421,0.0268631,0.024421,0.0219789,0
AKEUSDT,resident,新,1788385097000,09-03 05:38:17,0.024671,0.0271381,0.024671,0.0222039,0
AKEUSDT,resident,新,1788385111000,09-03 05:38:31,0.024925,0.0274175,0.024925,0.0224325,0
AKEUSDT,resident,新,1788385141000,09-03 05:39:01,0.0244875,0.02693625,0.0244875,0.02203875,0
AKEUSDT,resident,新,1788385202000,09-03 05:40:02,0.024811,0.0272921,0.024811,0.0223299,0
AKEUSDT,resident,新,1788385215000,09-03 05:40:15,0.0251205,0.02763255,0.0251205,0.02260845,0
AKEUSDT,resident,新,1788385217000,09-03 05:40:17,0.0248295,0.02731245,0.0248295,0.02234655,0
AKEUSDT,resident,新,1788385223000,09-03 05:40:23,0.025223,0.0277453,0.025223,0.0227007,0
AKEUSDT,resident,新,1788385224000,09-03 05:40:24,0.0255935,0.02815285,0.0255935,0.02303415,0
AKEUSDT,resident,新,1788385225000,09-03 05:40:25,0.026165,0.0287815,0.026165,0.0235485,0
AKEUSDT,resident,新,1788385227000,09-03 05:40:27,0.026701,0.0293711,0.026701,0.0240309,0
AKEUSDT,resident,新,1788385229000,09-03 05:40:29,0.027281,0.0300091,0.027281,0.0245529,0
AKEUSDT,resident,新,1788385231000,09-03 05:40:31,0.0280115,0.03081265,0.0280115,0.02521035,0
AKEUSDT,resident,新,1788385232000,09-03 05:40:32,0.0285995,0.03145945,0.0285995,0.02573955,0
AKEUSDT,resident,新,1788385234000,09-03 05:40:34,0.028908,0.0317988,0.028908,0.0260172,0
AKEUSDT,resident,新,1788385235000,09-03 05:40:35,0.0285305,0.03138355,0.0285305,0.02567745,0
AKEUSDT,resident,新,1788385236000,09-03 05:40:36,0.0281465,0.03096115,0.0281465,0.02533185,0
AKEUSDT,resident,新,1788385237000,09-03 05:40:37,0.027615,0.0303765,0.027615,0.0248535,0
AKEUSDT,resident,新,1788385238000,09-03 05:40:38,0.0281055,0.03091605,0.0281055,0.02529495,0
AKEUSDT,resident,新,1788385240000,09-03 05:40:40,0.0276125,0.03037375,0.0276125,0.02485125,0
AKEUSDT,resident,新,1788385241000,09-03 05:40:41,0.0273085,0.03003935,0.0273085,0.02457765,0
AKEUSDT,resident,新,1788385244000,09-03 05:40:44,0.0276445,0.03040895,0.0276445,0.02488005,0
AKEUSDT,resident,新,1788385249000,09-03 05:40:49,0.0282355,0.03105905,0.0282355,0.02541195,0
AKEUSDT,resident,新,1788385253000,09-03 05:40:53,0.0276505,0.03041555,0.0276505,0.02488545,0
AKEUSDT,resident,新,1788385255000,09-03 05:40:55,0.028321,0.0311531,0.028321,0.0254889,0
AKEUSDT,resident,新,1788385256000,09-03 05:40:56,0.028625,0.0314875,0.028625,0.0257625,0
AKEUSDT,resident,新,1788385257000,09-03 05:40:57,0.0293145,0.03224595,0.0293145,0.02638305,0
AKEUSDT,resident,新,1788385260000,09-03 05:41:00,0.029018,0.0319198,0.029018,0.0261162,0
AKEUSDT,resident,新,1788385261000,09-03 05:41:01,0.027517,0.0302687,0.027517,0.0247653,0
AKEUSDT,resident,新,1788385262000,09-03 05:41:02,0.026783,0.0294613,0.026783,0.0241047,0
AKEUSDT,resident,新,1788385267000,09-03 05:41:07,0.027544,0.0302984,0.027544,0.0247896,0
AKEUSDT,resident,新,1788385268000,09-03 05:41:08,0.027849,0.0306339,0.027849,0.0250641,0
AKEUSDT,resident,新,1788385270000,09-03 05:41:10,0.0274835,0.03023185,0.0274835,0.02473515,0
AKEUSDT,resident,新,1788385271000,09-03 05:41:11,0.0272065,0.02992715,0.0272065,0.02448585,0
AKEUSDT,resident,新,1788385272000,09-03 05:41:12,0.0269285,0.02962135,0.0269285,0.02423565,0
AKEUSDT,resident,新,1788385278000,09-03 05:41:18,0.026192,0.0288112,0.026192,0.0235728,0
AKEUSDT,resident,新,1788385282000,09-03 05:41:22,0.026605,0.0292655,0.026605,0.0239445,0
AKEUSDT,resident,新,1788385283000,09-03 05:41:23,0.026907,0.0295977,0.026907,0.0242163,0
AKEUSDT,resident,新,1788385291000,09-03 05:41:31,0.026589,0.0292479,0.026589,0.0239301,0
AKEUSDT,resident,新,1788385297000,09-03 05:41:37,0.026235,0.0288585,0.026235,0.0236115,0
AKEUSDT,resident,新,1788385309000,09-03 05:41:49,0.02653355,0.029186905,0.02653355,0.023880195,0
AKEUSDT,resident,新,1788385320000,09-03 05:42:00,0.026204,0.0288244,0.026204,0.0235836,0
AKEUSDT,resident,新,1788385323000,09-03 05:42:03,0.025899,0.0284889,0.025899,0.0233091,0
AKEUSDT,resident,新,1788385329000,09-03 05:42:09,0.02554,0.028094,0.02554,0.022986,0
AKEUSDT,resident,新,1788385332000,09-03 05:42:12,0.0259545,0.02854995,0.0259545,0.02335905,0
AKEUSDT,resident,新,1788385337000,09-03 05:42:17,0.0262635,0.02888985,0.0262635,0.02363715,0
AKEUSDT,resident,新,1788385360000,09-03 05:42:40,0.026641,0.0293051,0.026641,0.0239769,0
AKEUSDT,resident,新,1788385361000,09-03 05:42:41,0.027029,0.0297319,0.027029,0.0243261,0
AKEUSDT,resident,新,1788385363000,09-03 05:42:43,0.027389,0.0301279,0.027389,0.0246501,0
AKEUSDT,resident,新,1788385365000,09-03 05:42:45,0.026913,0.0296043,0.026913,0.0242217,0
AKEUSDT,resident,新,1788385374000,09-03 05:42:54,0.0272485,0.02997335,0.0272485,0.02452365,0
AKEUSDT,resident,新,1788385376000,09-03 05:42:56,0.027755,0.0305305,0.027755,0.0249795,0
AKEUSDT,resident,新,1788385381000,09-03 05:43:01,0.0273835,0.03012185,0.0273835,0.02464515,0
AKEUSDT,resident,新,1788385383000,09-03 05:43:03,0.0269575,0.02965325,0.0269575,0.02426175,0
AKEUSDT,resident,新,1788385387000,09-03 05:43:07,0.027253,0.0299783,0.027253,0.0245277,0
AKEUSDT,resident,新,1788385390000,09-03 05:43:10,0.0268985,0.02958835,0.0268985,0.02420865,0
AKEUSDT,resident,新,1788385395000,09-03 05:43:15,0.0272565,0.02998215,0.0272565,0.02453085,0
AKEUSDT,resident,新,1788385405000,09-03 05:43:25,0.02763725,0.030400975,0.02763725,0.024873525,0
AKEUSDT,resident,新,1788385430000,09-03 05:43:50,0.0280895,0.03089845,0.0280895,0.02528055,0
AKEUSDT,resident,新,1788385436000,09-03 05:43:56,0.0285915,0.03145065,0.0285915,0.02573235,0
AKEUSDT,resident,新,1788385438000,09-03 05:43:58,0.028972,0.0318692,0.028972,0.0260748,0
AKEUSDT,resident,新,1788385439000,09-03 05:43:59,0.0296395,0.03260345,0.0296395,0.02667555,0
AKEUSDT,resident,新,1788385441000,09-03 05:44:01,0.0305615,0.03361765,0.0305615,0.02750535,0
AKEUSDT,resident,新,1788385442000,09-03 05:44:02,0.031246,0.0343706,0.031246,0.0281214,0
AKEUSDT,resident,新,1788385444000,09-03 05:44:04,0.031938,0.0351318,0.031938,0.0287442,0
AKEUSDT,resident,新,1788385445000,09-03 05:44:05,0.032777,0.0360547,0.032777,0.0294993,0
AKEUSDT,resident,新,1788385447000,09-03 05:44:07,0.03183,0.035013,0.03183,0.028647,0
AKEUSDT,resident,新,1788385449000,09-03 05:44:09,0.032759,0.0360349,0.032759,0.0294831,0
AKEUSDT,resident,新,1788385450000,09-03 05:44:10,0.0318825,0.03507075,0.0318825,0.02869425,0
AKEUSDT,resident,新,1788385451000,09-03 05:44:11,0.0333825,0.03672075,0.0333825,0.03004425,0
AKEUSDT,resident,新,1788385452000,09-03 05:44:12,0.0350165,0.03851815,0.0350165,0.03151485,0
AKEUSDT,resident,新,1788385453000,09-03 05:44:13,0.035871,0.0394581,0.035871,0.0322839,0
AKEUSDT,resident,新,1788385454000,09-03 05:44:14,0.037011,0.0407121,0.037011,0.0333099,0
AKEUSDT,resident,新,1788385455000,09-03 05:44:15,0.0361265,0.03973915,0.0361265,0.03251385,0
AKEUSDT,resident,新,1788385456000,09-03 05:44:16,0.0349235,0.03841585,0.0349235,0.03143115,0
AKEUSDT,resident,新,1788385457000,09-03 05:44:17,0.0362125,0.03983375,0.0362125,0.03259125,0
AKEUSDT,resident,新,1788385459000,09-03 05:44:19,0.0372855,0.04101405,0.0372855,0.03355695,0
AKEUSDT,resident,新,1788385462000,09-03 05:44:22,0.040359,0.0443949,0.0372855,0.03355695,1
AKEUSDT,resident,新,1788385463000,09-03 05:44:23,0.041335,0.0454685,0.0372855,0.03355695,1
AKEUSDT,resident,新,1788385464000,09-03 05:44:24,0.040145,0.0441595,0.040145,0.0361305,0
AKEUSDT,resident,新,1788385465000,09-03 05:44:25,0.0414295,0.04557245,0.0414295,0.03728655,0
AKEUSDT,resident,新,1788385466000,09-03 05:44:26,0.0400545,0.04405995,0.0400545,0.03604905,0
AKEUSDT,resident,新,1788385467000,09-03 05:44:27,0.038358,0.0421938,0.038358,0.0345222,0
AKEUSDT,resident,新,1788385468000,09-03 05:44:28,0.038358,0.0421938,0.0347,0.03123,1
AKEUSDT,resident,新,1788385469000,09-03 05:44:29,0.036628,0.0402908,0.036628,0.0329652,0
AKEUSDT,resident,新,1788385472000,09-03 05:44:32,0.03587105,0.039458155,0.03587105,0.032283945,0
AKEUSDT,resident,新,1788385473000,09-03 05:44:33,0.034165,0.0375815,0.034165,0.0307485,0
AKEUSDT,resident,新,1788385475000,09-03 05:44:35,0.035032,0.0385352,0.035032,0.0315288,0
AKEUSDT,resident,新,1788385476000,09-03 05:44:36,0.0358075,0.03938825,0.0358075,0.03222675,0
AKEUSDT,resident,新,1788385477000,09-03 05:44:37,0.0368905,0.04057955,0.0368905,0.03320145,0
AKEUSDT,resident,新,1788385478000,09-03 05:44:38,0.0381825,0.04200075,0.0381825,0.03436425,0
AKEUSDT,resident,新,1788385479000,09-03 05:44:39,0.0400015,0.04400165,0.0400015,0.03600135,0
AKEUSDT,resident,新,1788385480000,09-03 05:44:40,0.038297,0.0421267,0.038297,0.0344673,0
AKEUSDT,resident,新,1788385482000,09-03 05:44:42,0.0369815,0.04067965,0.0369815,0.03328335,0
AKEUSDT,resident,新,1788385483000,09-03 05:44:43,0.0362115,0.03983265,0.0362115,0.03259035,0
AKEUSDT,resident,新,1788385484000,09-03 05:44:44,0.0353555,0.03889105,0.0353555,0.03181995,0
AKEUSDT,resident,新,1788385486000,09-03 05:44:46,0.034761,0.0382371,0.034761,0.0312849,0
AKEUSDT,resident,新,1788385487000,09-03 05:44:47,0.034407,0.0378477,0.034407,0.0309663,0
AKEUSDT,resident,新,1788385488000,09-03 05:44:48,0.0349345,0.03842795,0.0349345,0.03144105,0
AKEUSDT,resident,新,1788385490000,09-03 05:44:50,0.033993,0.0373923,0.033993,0.0305937,0
AKEUSDT,resident,新,1788385494000,09-03 05:44:54,0.0345665,0.03802315,0.0345665,0.03110985,0
AKEUSDT,resident,新,1788385495000,09-03 05:44:55,0.037977,0.0417747,0.0345665,0.03110985,1
AKEUSDT,resident,新,1788385498000,09-03 05:44:58,0.036271,0.0398981,0.036271,0.0326439,0
AKEUSDT,resident,新,1788385499000,09-03 05:44:59,0.035138,0.0386518,0.035138,0.0316242,0
AKEUSDT,resident,新,1788385500000,09-03 05:45:00,0.0344785,0.03792635,0.0344785,0.03103065,0
AKEUSDT,resident,新,1788385501000,09-03 05:45:01,0.0337995,0.03717945,0.0337995,0.03041955,0
AKEUSDT,resident,新,1788385502000,09-03 05:45:02,0.0334135,0.03675485,0.0334135,0.03007215,0
AKEUSDT,resident,新,1788385503000,09-03 05:45:03,0.0320015,0.03520165,0.0320015,0.02880135,0
AKEUSDT,resident,新,1788385504000,09-03 05:45:04,0.0306625,0.03372875,0.0306625,0.02759625,0
AKEUSDT,resident,新,1788385505000,09-03 05:45:05,0.0315795,0.03473745,0.0315795,0.02842155,0
AKEUSDT,resident,新,1788385508000,09-03 05:45:08,0.0311385,0.03425235,0.0311385,0.02802465,0
AKEUSDT,resident,新,1788385513000,09-03 05:45:13,0.031744,0.0349184,0.031744,0.0285696,0
AKEUSDT,resident,新,1788385514000,09-03 05:45:14,0.032206,0.0354266,0.032206,0.0289854,0
AKEUSDT,resident,新,1788385515000,09-03 05:45:15,0.032924,0.0362164,0.032924,0.0296316,0
AKEUSDT,resident,新,1788385516000,09-03 05:45:16,0.033418,0.0367598,0.033418,0.0300762,0
AKEUSDT,resident,新,1788385518000,09-03 05:45:18,0.032965,0.0362615,0.032965,0.0296685,0
AKEUSDT,resident,新,1788385519000,09-03 05:45:19,0.031239,0.0343629,0.031239,0.0281151,0
AKEUSDT,resident,新,1788385520000,09-03 05:45:20,0.030603,0.0336633,0.030603,0.0275427,0
AKEUSDT,resident,新,1788385521000,09-03 05:45:21,0.0295565,0.03251215,0.0295565,0.02660085,0
AKEUSDT,resident,新,1788385522000,09-03 05:45:22,0.0292495,0.03217445,0.0292495,0.02632455,0
AKEUSDT,resident,新,1788385523000,09-03 05:45:23,0.02955,0.032505,0.02955,0.026595,0
AKEUSDT,resident,新,1788385525000,09-03 05:45:25,0.0299995,0.03299945,0.0299995,0.02699955,0
AKEUSDT,resident,新,1788385526000,09-03 05:45:26,0.029596,0.0325556,0.029596,0.0266364,0
AKEUSDT,resident,新,1788385527000,09-03 05:45:27,0.0291915,0.03211065,0.0291915,0.02627235,0
AKEUSDT,resident,新,1788385529000,09-03 05:45:29,0.0296885,0.03265735,0.0296885,0.02671965,0
AKEUSDT,resident,新,1788385530000,09-03 05:45:30,0.030026,0.0330286,0.030026,0.0270234,0
AKEUSDT,resident,新,1788385532000,09-03 05:45:32,0.031276,0.0344036,0.031276,0.0281484,0
AKEUSDT,resident,新,1788385533000,09-03 05:45:33,0.032558,0.0358138,0.032558,0.0293022,0
AKEUSDT,resident,新,1788385534000,09-03 05:45:34,0.0330795,0.03638745,0.0330795,0.02977155,0
AKEUSDT,resident,新,1788385536000,09-03 05:45:36,0.0322085,0.03542935,0.0322085,0.02898765,0
AKEUSDT,resident,新,1788385538000,09-03 05:45:38,0.031463,0.0346093,0.031463,0.0283167,0
AKEUSDT,resident,新,1788385540000,09-03 05:45:40,0.0321395,0.03535345,0.0321395,0.02892555,0
AKEUSDT,resident,新,1788385542000,09-03 05:45:42,0.0310715,0.03417865,0.0310715,0.02796435,0
AKEUSDT,resident,新,1788385543000,09-03 05:45:43,0.0303,0.03333,0.0303,0.02727,0
AKEUSDT,resident,新,1788385548000,09-03 05:45:48,0.029476,0.0324236,0.029476,0.0265284,0
AKEUSDT,resident,新,1788385549000,09-03 05:45:49,0.0291765,0.03209415,0.0291765,0.02625885,0
AKEUSDT,resident,新,1788385550000,09-03 05:45:50,0.0297285,0.03270135,0.0297285,0.02675565,0
AKEUSDT,resident,新,1788385551000,09-03 05:45:51,0.030164,0.0331804,0.030164,0.0271476,0
AKEUSDT,resident,新,1788385556000,09-03 05:45:56,0.0294485,0.03239335,0.0294485,0.02650365,0
AKEUSDT,resident,新,1788385558000,09-03 05:45:58,0.0297645,0.03274095,0.0297645,0.02678805,0
AKEUSDT,resident,新,1788385560000,09-03 05:46:00,0.029081,0.0319891,0.029081,0.0261729,0
AKEUSDT,resident,新,1788385562000,09-03 05:46:02,0.029504,0.0324544,0.029504,0.0265536,0
AKEUSDT,resident,新,1788385563000,09-03 05:46:03,0.029836,0.0328196,0.029836,0.0268524,0
AKEUSDT,resident,新,1788385565000,09-03 05:46:05,0.029505,0.0324555,0.029505,0.0265545,0
AKEUSDT,resident,新,1788385566000,09-03 05:46:06,0.0290735,0.03198085,0.0290735,0.02616615,0
AKEUSDT,resident,新,1788385569000,09-03 05:46:09,0.029604,0.0325644,0.029604,0.0266436,0
AKEUSDT,resident,新,1788385570000,09-03 05:46:10,0.0307235,0.03379585,0.0307235,0.02765115,0
AKEUSDT,resident,新,1788385571000,09-03 05:46:11,0.030179,0.0331969,0.030179,0.0271611,0
AKEUSDT,resident,新,1788385574000,09-03 05:46:14,0.029089,0.0319979,0.029089,0.0261801,0
AKEUSDT,resident,新,1788385575000,09-03 05:46:15,0.028259,0.0310849,0.028259,0.0254331,0
AKEUSDT,resident,新,1788385577000,09-03 05:46:17,0.027838,0.0306218,0.027838,0.0250542,0
AKEUSDT,resident,新,1788385581000,09-03 05:46:21,0.027524,0.0302764,0.027524,0.0247716,0
AKEUSDT,resident,新,1788385585000,09-03 05:46:25,0.0272435,0.02996785,0.0272435,0.02451915,0
AKEUSDT,resident,新,1788385588000,09-03 05:46:28,0.02754,0.030294,0.02754,0.024786,0
AKEUSDT,resident,新,1788385590000,09-03 05:46:30,0.0269605,0.02965655,0.0269605,0.02426445,0
AKEUSDT,resident,新,1788385591000,09-03 05:46:31,0.0266665,0.02933315,0.0266665,0.02399985,0
AKEUSDT,resident,新,1788385593000,09-03 05:46:33,0.026261,0.0288871,0.026261,0.0236349,0
AKEUSDT,resident,新,1788385598000,09-03 05:46:38,0.02597,0.028567,0.02597,0.023373,0
AKEUSDT,resident,新,1788385599000,09-03 05:46:39,0.025514,0.0280654,0.025514,0.0229626,0
AKEUSDT,resident,新,1788385602000,09-03 05:46:42,0.0258905,0.02847955,0.0258905,0.02330145,0
AKEUSDT,resident,新,1788385603000,09-03 05:46:43,0.0261975,0.02881725,0.0261975,0.02357775,0
AKEUSDT,resident,新,1788385604000,09-03 05:46:44,0.025669,0.0282359,0.025669,0.0231021,0
AKEUSDT,resident,新,1788385605000,09-03 05:46:45,0.0252345,0.02775795,0.0252345,0.02271105,0
AKEUSDT,resident,新,1788385610000,09-03 05:46:50,0.0248995,0.02738945,0.0248995,0.02240955,0
AKEUSDT,resident,新,1788385611000,09-03 05:46:51,0.0244435,0.02688785,0.0244435,0.02199915,0
AKEUSDT,resident,新,1788385612000,09-03 05:46:52,0.0241425,0.02655675,0.0241425,0.02172825,0
AKEUSDT,resident,新,1788385614000,09-03 05:46:54,0.0247135,0.02718485,0.0247135,0.02224215,0
AKEUSDT,resident,新,1788385616000,09-03 05:46:56,0.0243085,0.02673935,0.0243085,0.02187765,0
AKEUSDT,resident,新,1788385617000,09-03 05:46:57,0.02387,0.026257,0.02387,0.021483,0
AKEUSDT,resident,新,1788385622000,09-03 05:47:02,0.0245545,0.02700995,0.0245545,0.02209905,0
AKEUSDT,resident,新,1788385623000,09-03 05:47:03,0.024903,0.0273933,0.024903,0.0224127,0
AKEUSDT,resident,新,1788385625000,09-03 05:47:05,0.0243595,0.02679545,0.0243595,0.02192355,0
AKEUSDT,resident,新,1788385627000,09-03 05:47:07,0.024606,0.0270666,0.024606,0.0221454,0
AKEUSDT,resident,新,1788385628000,09-03 05:47:08,0.0249565,0.02745215,0.0249565,0.02246085,0
AKEUSDT,resident,新,1788385629000,09-03 05:47:09,0.025416,0.0279576,0.025416,0.0228744,0
AKEUSDT,resident,新,1788385630000,09-03 05:47:10,0.026117,0.0287287,0.026117,0.0235053,0
AKEUSDT,resident,新,1788385633000,09-03 05:47:13,0.0251595,0.02767545,0.0251595,0.02264355,0
AKEUSDT,resident,新,1788385638000,09-03 05:47:18,0.0249,0.02739,0.0249,0.02241,0
AKEUSDT,resident,新,1788385639000,09-03 05:47:19,0.025205,0.0277255,0.025205,0.0226845,0
AKEUSDT,resident,新,1788385641000,09-03 05:47:21,0.0245745,0.02703195,0.0245745,0.02211705,0
AKEUSDT,resident,新,1788385647000,09-03 05:47:27,0.024192,0.0266112,0.024192,0.0217728,0
AKEUSDT,resident,新,1788385648000,09-03 05:47:28,0.0237595,0.02613545,0.0237595,0.02138355,0
AKEUSDT,resident,新,1788385651000,09-03 05:47:31,0.024145,0.0265595,0.024145,0.0217305,0
AKEUSDT,resident,新,1788385652000,09-03 05:47:32,0.0245311,0.02698421,0.0245311,0.02207799,0
AKEUSDT,resident,新,1788385653000,09-03 05:47:33,0.0249445,0.02743895,0.0249445,0.02245005,0
AKEUSDT,resident,新,1788385654000,09-03 05:47:34,0.0252795,0.02780745,0.0252795,0.02275155,0
AKEUSDT,resident,新,1788385655000,09-03 05:47:35,0.024906,0.0273966,0.024906,0.0224154,0
AKEUSDT,resident,新,1788385661000,09-03 05:47:41,0.0245395,0.02699345,0.0245395,0.02208555,0
AKEUSDT,resident,新,1788385664000,09-03 05:47:44,0.023978,0.0263758,0.023978,0.0215802,0
AKEUSDT,resident,新,1788385668000,09-03 05:47:48,0.0234495,0.02579445,0.0234495,0.02110455,0
AKEUSDT,resident,新,1788385673000,09-03 05:47:53,0.022861,0.0251471,0.022861,0.0205749,0
AKEUSDT,resident,新,1788385675000,09-03 05:47:55,0.0225535,0.02480885,0.0225535,0.02029815,0
AKEUSDT,resident,新,1788385679000,09-03 05:47:59,0.0220845,0.02429295,0.0220845,0.01987605,0
AKEUSDT,resident,新,1788385681000,09-03 05:48:01,0.02171,0.023881,0.02171,0.019539,0
AKEUSDT,resident,新,1788385684000,09-03 05:48:04,0.021459,0.0236049,0.021459,0.0193131,0
AKEUSDT,resident,新,1788385686000,09-03 05:48:06,0.022097,0.0243067,0.022097,0.0198873,0
AKEUSDT,resident,新,1788385687000,09-03 05:48:07,0.0224285,0.02467135,0.0224285,0.02018565,0
AKEUSDT,resident,新,1788385689000,09-03 05:48:09,0.0221995,0.02441945,0.0221995,0.01997955,0
AKEUSDT,resident,新,1788385690000,09-03 05:48:10,0.0225985,0.02485835,0.0225985,0.02033865,0
AKEUSDT,resident,新,1788385696000,09-03 05:48:16,0.022895,0.0251845,0.022895,0.0206055,0
AKEUSDT,resident,新,1788385697000,09-03 05:48:17,0.022254,0.0244794,0.022254,0.0200286,0
AKEUSDT,resident,新,1788385698000,09-03 05:48:18,0.021555,0.0237105,0.021555,0.0193995,0
AKEUSDT,resident,新,1788385699000,09-03 05:48:19,0.0218845,0.02407295,0.0218845,0.01969605,0
AKEUSDT,resident,新,1788385702000,09-03 05:48:22,0.0216035,0.02376385,0.0216035,0.01944315,0
AKEUSDT,resident,新,1788385703000,09-03 05:48:23,0.0218945,0.02408395,0.0218945,0.01970505,0
AKEUSDT,resident,新,1788385706000,09-03 05:48:26,0.0221795,0.02439745,0.0221795,0.01996155,0
AKEUSDT,resident,新,1788385707000,09-03 05:48:27,0.0224975,0.02474725,0.0224975,0.02024775,0
AKEUSDT,resident,新,1788385709000,09-03 05:48:29,0.023019,0.0253209,0.023019,0.0207171,0
AKEUSDT,resident,新,1788385711000,09-03 05:48:31,0.022732,0.0250052,0.022732,0.0204588,0
AKEUSDT,resident,新,1788385712000,09-03 05:48:32,0.0224175,0.02465925,0.0224175,0.02017575,0
AKEUSDT,resident,新,1788385714000,09-03 05:48:34,0.022991,0.0252901,0.022991,0.0206919,0
AKEUSDT,resident,新,1788385715000,09-03 05:48:35,0.0232735,0.02560085,0.0232735,0.02094615,0
AKEUSDT,resident,新,1788385716000,09-03 05:48:36,0.02351,0.025861,0.02351,0.021159,0
AKEUSDT,resident,新,1788385727000,09-03 05:48:47,0.0232255,0.02554805,0.0232255,0.02090295,0
AKEUSDT,resident,新,1788385733000,09-03 05:48:53,0.0235195,0.02587145,0.0235195,0.02116755,0
AKEUSDT,resident,新,1788385734000,09-03 05:48:54,0.0240675,0.02647425,0.0240675,0.02166075,0
AKEUSDT,resident,新,1788385735000,09-03 05:48:55,0.0245835,0.02704185,0.0245835,0.02212515,0
AKEUSDT,resident,新,1788385738000,09-03 05:48:58,0.024303,0.0267333,0.024303,0.0218727,0
AKEUSDT,resident,新,1788385742000,09-03 05:49:02,0.0249575,0.02745325,0.0249575,0.02246175,0
AKEUSDT,resident,新,1788385743000,09-03 05:49:03,0.025404,0.0279444,0.025404,0.0228636,0
AKEUSDT,resident,新,1788385746000,09-03 05:49:06,0.02572,0.028292,0.02572,0.023148,0
AKEUSDT,resident,新,1788385747000,09-03 05:49:07,0.0266135,0.02927485,0.0266135,0.02395215,0
AKEUSDT,resident,新,1788385749000,09-03 05:49:09,0.025923,0.0285153,0.025923,0.0233307,0
AKEUSDT,resident,新,1788385751000,09-03 05:49:11,0.0254275,0.02797025,0.0254275,0.02288475,0
AKEUSDT,resident,新,1788385754000,09-03 05:49:14,0.0251325,0.02764575,0.0251325,0.02261925,0
AKEUSDT,resident,新,1788385756000,09-03 05:49:16,0.024862,0.0273482,0.024862,0.0223758,0
AKEUSDT,resident,新,1788385759000,09-03 05:49:19,0.024547,0.0270017,0.024547,0.0220923,0
AKEUSDT,resident,新,1788385766000,09-03 05:49:26,0.023959,0.0263549,0.023959,0.0215631,0
AKEUSDT,resident,新,1788385769000,09-03 05:49:29,0.0236845,0.02605295,0.0236845,0.02131605,0
AKEUSDT,resident,新,1788385775000,09-03 05:49:35,0.0241195,0.02653145,0.0241195,0.02170755,0
AKEUSDT,resident,新,1788385777000,09-03 05:49:37,0.024382,0.0268202,0.024382,0.0219438,0
AKEUSDT,resident,新,1788385781000,09-03 05:49:41,0.0240885,0.02649735,0.0240885,0.02167965,0
AKEUSDT,resident,新,1788385791000,09-03 05:49:51,0.024564,0.0270204,0.024564,0.0221076,0
AKEUSDT,resident,新,1788385792000,09-03 05:49:52,0.024928,0.0274208,0.024928,0.0224352,0
AKEUSDT,resident,新,1788385798000,09-03 05:49:58,0.024621,0.0270831,0.024621,0.0221589,0
AKEUSDT,resident,新,1788385802000,09-03 05:50:02,0.0249465,0.02744115,0.0249465,0.02245185,0
AKEUSDT,resident,新,1788385805000,09-03 05:50:05,0.024381,0.0268191,0.024381,0.0219429,0
AKEUSDT,resident,新,1788385806000,09-03 05:50:06,0.0239955,0.02639505,0.0239955,0.02159595,0
AKEUSDT,resident,新,1788385815000,09-03 05:50:15,0.0236825,0.02605075,0.0236825,0.02131425,0
AKEUSDT,resident,新,1788385824000,09-03 05:50:24,0.0233105,0.02564155,0.0233105,0.02097945,0
AKEUSDT,resident,新,1788385828000,09-03 05:50:28,0.022902,0.0251922,0.022902,0.0206118,0
AKEUSDT,resident,新,1788385831000,09-03 05:50:31,0.022645,0.0249095,0.022645,0.0203805,0
AKEUSDT,resident,新,1788385834000,09-03 05:50:34,0.0223725,0.02460975,0.0223725,0.02013525,0
AKEUSDT,resident,新,1788385839000,09-03 05:50:39,0.022712,0.0249832,0.022712,0.0204408,0
AKEUSDT,resident,新,1788385840000,09-03 05:50:40,0.0224495,0.02469445,0.0224495,0.02020455,0
AKEUSDT,resident,新,1788385841000,09-03 05:50:41,0.0220855,0.02429405,0.0220855,0.01987695,0
AKEUSDT,resident,新,1788385842000,09-03 05:50:42,0.021773,0.0239503,0.021773,0.0195957,0
AKEUSDT,resident,新,1788385844000,09-03 05:50:44,0.0214055,0.02354605,0.0214055,0.01926495,0
AKEUSDT,resident,新,1788385849000,09-03 05:50:49,0.020686,0.0227546,0.020686,0.0186174,0
AKEUSDT,resident,新,1788385852000,09-03 05:50:52,0.0204425,0.02248675,0.0204425,0.01839825,0
AKEUSDT,resident,新,1788385854000,09-03 05:50:54,0.0206505,0.02271555,0.0206505,0.01858545,0
AKEUSDT,resident,新,1788385855000,09-03 05:50:55,0.020907,0.0229977,0.020907,0.0188163,0
AKEUSDT,resident,新,1788385856000,09-03 05:50:56,0.020655,0.0227205,0.020655,0.0185895,0
AKEUSDT,resident,新,1788385857000,09-03 05:50:57,0.020197,0.0222167,0.020197,0.0181773,0
AKEUSDT,resident,新,1788385858000,09-03 05:50:58,0.0196835,0.02165185,0.0196835,0.01771515,0
AKEUSDT,resident,新,1788385861000,09-03 05:51:01,0.0193165,0.02124815,0.0193165,0.01738485,0
AKEUSDT,resident,新,1788385862000,09-03 05:51:02,0.019083,0.0209913,0.019083,0.0171747,0
AKEUSDT,resident,新,1788385864000,09-03 05:51:04,0.019526,0.0214786,0.019526,0.0175734,0
AKEUSDT,resident,新,1788385865000,09-03 05:51:05,0.019929,0.0219219,0.019929,0.0179361,0
AKEUSDT,resident,新,1788385866000,09-03 05:51:06,0.0194805,0.02142855,0.0194805,0.01753245,0
AKEUSDT,resident,新,1788385867000,09-03 05:51:07,0.0191095,0.02102045,0.0191095,0.01719855,0
AKEUSDT,resident,新,1788385868000,09-03 05:51:08,0.019449,0.0213939,0.019449,0.0175041,0
AKEUSDT,resident,新,1788385870000,09-03 05:51:10,0.01987,0.021857,0.01987,0.017883,0
AKEUSDT,resident,新,1788385871000,09-03 05:51:11,0.020264,0.0222904,0.020264,0.0182376,0
AKEUSDT,resident,新,1788385872000,09-03 05:51:12,0.019892,0.0218812,0.019892,0.0179028,0
AKEUSDT,resident,新,1788385873000,09-03 05:51:13,0.0195045,0.02145495,0.0195045,0.01755405,0
AKEUSDT,resident,新,1788385875000,09-03 05:51:15,0.0192655,0.02119205,0.0192655,0.01733895,0
AKEUSDT,resident,新,1788385876000,09-03 05:51:16,0.019522,0.0214742,0.019522,0.0175698,0
AKEUSDT,resident,新,1788385877000,09-03 05:51:17,0.0198245,0.02180695,0.0198245,0.01784205,0
AKEUSDT,resident,新,1788385878000,09-03 05:51:18,0.0201585,0.02217435,0.0201585,0.01814265,0
AKEUSDT,resident,新,1788385884000,09-03 05:51:24,0.0206745,0.02274195,0.0206745,0.01860705,0
AKEUSDT,resident,新,1788385885000,09-03 05:51:25,0.02038,0.022418,0.02038,0.018342,0
AKEUSDT,resident,新,1788385889000,09-03 05:51:29,0.020623,0.0226853,0.020623,0.0185607,0
AKEUSDT,resident,新,1788385890000,09-03 05:51:30,0.0210945,0.02320395,0.0210945,0.01898505,0
AKEUSDT,resident,新,1788385891000,09-03 05:51:31,0.0215305,0.02368355,0.0215305,0.01937745,0
AKEUSDT,resident,新,1788385896000,09-03 05:51:36,0.0210115,0.02311265,0.0210115,0.01891035,0
AKEUSDT,resident,新,1788385897000,09-03 05:51:37,0.0206585,0.02272435,0.0206585,0.01859265,0
AKEUSDT,resident,新,1788385903000,09-03 05:51:43,0.0202795,0.02230745,0.0202795,0.01825155,0
AKEUSDT,resident,新,1788385904000,09-03 05:51:44,0.019998,0.0219978,0.019998,0.0179982,0
AKEUSDT,resident,新,1788385905000,09-03 05:51:45,0.019385,0.0213235,0.019385,0.0174465,0
AKEUSDT,resident,新,1788385907000,09-03 05:51:47,0.0195925,0.02155175,0.0195925,0.01763325,0
AKEUSDT,resident,新,1788385910000,09-03 05:51:50,0.020032,0.0220352,0.020032,0.0180288,0
AKEUSDT,resident,新,1788385911000,09-03 05:51:51,0.020353,0.0223883,0.020353,0.0183177,0
AKEUSDT,resident,新,1788385913000,09-03 05:51:53,0.0207645,0.02284095,0.0207645,0.01868805,0
AKEUSDT,resident,新,1788385914000,09-03 05:51:54,0.021133,0.0232463,0.021133,0.0190197,0
AKEUSDT,resident,新,1788385916000,09-03 05:51:56,0.020535,0.0225885,0.020535,0.0184815,0
AKEUSDT,resident,新,1788385920000,09-03 05:52:00,0.019909,0.0218999,0.019909,0.0179181,0
AKEUSDT,resident,新,1788385922000,09-03 05:52:02,0.020363,0.0223993,0.020363,0.0183267,0
AKEUSDT,resident,新,1788385924000,09-03 05:52:04,0.0205675,0.02262425,0.0205675,0.01851075,0
AKEUSDT,resident,新,1788385936000,09-03 05:52:16,0.0207975,0.02287725,0.0207975,0.01871775,0
AKEUSDT,resident,新,1788385938000,09-03 05:52:18,0.020157,0.0221727,0.020157,0.0181413,0
AKEUSDT,resident,新,1788385939000,09-03 05:52:19,0.019377,0.0213147,0.019377,0.0174393,0
AKEUSDT,resident,新,1788385943000,09-03 05:52:23,0.0197335,0.02170685,0.0197335,0.01776015,0
AKEUSDT,resident,新,1788385948000,09-03 05:52:28,0.0199325,0.02192575,0.0199325,0.01793925,0
AKEUSDT,resident,新,1788385951000,09-03 05:52:31,0.0196365,0.02160015,0.0196365,0.01767285,0
AKEUSDT,resident,新,1788385953000,09-03 05:52:33,0.019959,0.0219549,0.019959,0.0179631,0
AKEUSDT,resident,新,1788385960000,09-03 05:52:40,0.0201745,0.02219195,0.0201745,0.01815705,0
AKEUSDT,resident,新,1788385961000,09-03 05:52:41,0.02045,0.022495,0.02045,0.018405,0
AKEUSDT,resident,新,1788385968000,09-03 05:52:48,0.020693,0.0227623,0.020693,0.0186237,0
AKEUSDT,resident,新,1788385971000,09-03 05:52:51,0.0210735,0.02318085,0.0210735,0.01896615,0
AKEUSDT,resident,新,1788385973000,09-03 05:52:53,0.0207395,0.02281345,0.0207395,0.01866555,0
AKEUSDT,resident,新,1788385978000,09-03 05:52:58,0.020513,0.0225643,0.020513,0.0184617,0
AKEUSDT,resident,新,1788385983000,09-03 05:53:03,0.020287,0.0223157,0.020287,0.0182583,0
AKEUSDT,resident,新,1788385996000,09-03 05:53:16,0.0206185,0.02268035,0.0206185,0.01855665,0
AKEUSDT,resident,新,1788386002000,09-03 05:53:22,0.0208585,0.02294435,0.0208585,0.01877265,0
AKEUSDT,resident,新,1788386007000,09-03 05:53:27,0.0211875,0.02330625,0.0211875,0.01906875,0
AKEUSDT,resident,新,1788386008000,09-03 05:53:28,0.021439,0.0235829,0.021439,0.0192951,0
AKEUSDT,resident,新,1788386010000,09-03 05:53:30,0.0217385,0.02391235,0.0217385,0.01956465,0
AKEUSDT,resident,新,1788386016000,09-03 05:53:36,0.021983,0.0241813,0.021983,0.0197847,0
AKEUSDT,resident,新,1788386023000,09-03 05:53:43,0.0217115,0.02388265,0.0217115,0.01954035,0
AKEUSDT,resident,新,1788386024000,09-03 05:53:44,0.0213085,0.02343935,0.0213085,0.01917765,0
AKEUSDT,resident,新,1788386028000,09-03 05:53:48,0.0208655,0.02295205,0.0208655,0.01877895,0
AKEUSDT,resident,新,1788386029000,09-03 05:53:49,0.0206255,0.02268805,0.0206255,0.01856295,0
AKEUSDT,resident,新,1788386034000,09-03 05:53:54,0.0208395,0.02292345,0.0208395,0.01875555,0
AKEUSDT,resident,新,1788386043000,09-03 05:54:03,0.0210975,0.02320725,0.0210975,0.01898775,0
AKEUSDT,resident,新,1788386046000,09-03 05:54:06,0.0207615,0.02283765,0.0207615,0.01868535,0
AKEUSDT,resident,新,1788386048000,09-03 05:54:08,0.0204155,0.02245705,0.0204155,0.01837395,0
AKEUSDT,resident,新,1788386055000,09-03 05:54:15,0.020716,0.0227876,0.020716,0.0186444,0
AKEUSDT,resident,新,1788386059000,09-03 05:54:19,0.020489,0.0225379,0.020489,0.0184401,0
AKEUSDT,resident,新,1788386072000,09-03 05:54:32,0.020151,0.0221661,0.020151,0.0181359,0
AKEUSDT,resident,新,1788386074000,09-03 05:54:34,0.019887,0.0218757,0.019887,0.0178983,0
AKEUSDT,resident,新,1788386082000,09-03 05:54:42,0.020198,0.0222178,0.020198,0.0181782,0
AKEUSDT,resident,新,1788386086000,09-03 05:54:46,0.020492,0.0225412,0.020492,0.0184428,0
AKEUSDT,resident,新,1788386087000,09-03 05:54:47,0.020799,0.0228789,0.020799,0.0187191,0
AKEUSDT,resident,新,1788386089000,09-03 05:54:49,0.020471,0.0225181,0.020471,0.0184239,0
AKEUSDT,resident,新,1788386091000,09-03 05:54:51,0.020242,0.0222662,0.020242,0.0182178,0
AKEUSDT,resident,新,1788386094000,09-03 05:54:54,0.0205925,0.02265175,0.0205925,0.01853325,0
AKEUSDT,resident,新,1788386095000,09-03 05:54:55,0.021027,0.0231297,0.021027,0.0189243,0
AKEUSDT,resident,新,1788386100000,09-03 05:55:00,0.0207485,0.02282335,0.0207485,0.01867365,0
AKEUSDT,resident,新,1788386111000,09-03 05:55:11,0.0205235,0.02257585,0.0205235,0.01847115,0
AKEUSDT,resident,新,1788386114000,09-03 05:55:14,0.0202635,0.02228985,0.0202635,0.01823715,0
AKEUSDT,resident,新,1788386118000,09-03 05:55:18,0.019935,0.0219285,0.019935,0.0179415,0
AKEUSDT,resident,新,1788386122000,09-03 05:55:22,0.0196095,0.02157045,0.0196095,0.01764855,0
AKEUSDT,resident,新,1788386123000,09-03 05:55:23,0.0193785,0.02131635,0.0193785,0.01744065,0
AKEUSDT,resident,新,1788386125000,09-03 05:55:25,0.019576,0.0215336,0.019576,0.0176184,0
AKEUSDT,resident,新,1788386126000,09-03 05:55:26,0.0198145,0.02179595,0.0198145,0.01783305,0
AKEUSDT,resident,新,1788386128000,09-03 05:55:28,0.0200705,0.02207755,0.0200705,0.01806345,0
AKEUSDT,resident,新,1788386130000,09-03 05:55:30,0.0205025,0.02255275,0.0205025,0.01845225,0
AKEUSDT,resident,新,1788386144000,09-03 05:55:44,0.020749,0.0228239,0.020749,0.0186741,0
AKEUSDT,resident,新,1788386147000,09-03 05:55:47,0.021236,0.0233596,0.021236,0.0191124,0
AKEUSDT,resident,新,1788386148000,09-03 05:55:48,0.021792,0.0239712,0.021792,0.0196128,0
AKEUSDT,resident,新,1788386150000,09-03 05:55:50,0.02205,0.024255,0.02205,0.019845,0
AKEUSDT,resident,新,1788386151000,09-03 05:55:51,0.0217775,0.02395525,0.0217775,0.01959975,0
AKEUSDT,resident,新,1788386153000,09-03 05:55:53,0.0214255,0.02356805,0.0214255,0.01928295,0
AKEUSDT,resident,新,1788386154000,09-03 05:55:54,0.021071,0.0231781,0.021071,0.0189639,0
AKEUSDT,resident,新,1788386157000,09-03 05:55:57,0.0208135,0.02289485,0.0208135,0.01873215,0
AKEUSDT,resident,新,1788386159000,09-03 05:55:59,0.0201465,0.02216115,0.0201465,0.01813185,0
AKEUSDT,resident,新,1788386164000,09-03 05:56:04,0.0198495,0.02183445,0.0198495,0.01786455,0
AKEUSDT,resident,新,1788386165000,09-03 05:56:05,0.019356,0.0212916,0.019356,0.0174204,0
AKEUSDT,resident,新,1788386168000,09-03 05:56:08,0.019057,0.0209627,0.019057,0.0171513,0
AKEUSDT,resident,新,1788386169000,09-03 05:56:09,0.0188595,0.02074545,0.0188595,0.01697355,0
AKEUSDT,resident,新,1788386170000,09-03 05:56:10,0.0192075,0.02112825,0.0192075,0.01728675,0
AKEUSDT,resident,新,1788386171000,09-03 05:56:11,0.02067,0.022737,0.0192075,0.01728675,1
AKEUSDT,resident,新,1788386173000,09-03 05:56:13,0.02128,0.023408,0.0192075,0.01728675,1
AKEUSDT,resident,新,1788386176000,09-03 05:56:16,0.0204025,0.02244275,0.0204025,0.01836225,0
AKEUSDT,resident,新,1788386177000,09-03 05:56:17,0.020106,0.0221166,0.020106,0.0180954,0
AKEUSDT,resident,新,1788386178000,09-03 05:56:18,0.0204675,0.02251425,0.0204675,0.01842075,0
AKEUSDT,resident,新,1788386180000,09-03 05:56:20,0.020215,0.0222365,0.020215,0.0181935,0
AKEUSDT,resident,新,1788386182000,09-03 05:56:22,0.02,0.022,0.02,0.018,0
AKEUSDT,resident,新,1788386186000,09-03 05:56:26,0.019753,0.0217283,0.019753,0.0177777,0
AKEUSDT,resident,新,1788386187000,09-03 05:56:27,0.0195195,0.02147145,0.0195195,0.01756755,0
AKEUSDT,resident,新,1788386189000,09-03 05:56:29,0.0200445,0.02204895,0.0200445,0.01804005,0
AKEUSDT,resident,新,1788386191000,09-03 05:56:31,0.0194695,0.02141645,0.0194695,0.01752255,0
AKEUSDT,resident,新,1788386200000,09-03 05:56:40,0.01925,0.021175,0.01925,0.017325,0
AKEUSDT,resident,新,1788386202000,09-03 05:56:42,0.018822,0.0207042,0.018822,0.0169398,0
AKEUSDT,resident,新,1788386203000,09-03 05:56:43,0.0184695,0.02031645,0.0184695,0.01662255,0
AKEUSDT,resident,新,1788386207000,09-03 05:56:47,0.018732,0.0206052,0.018732,0.0168588,0
AKEUSDT,resident,新,1788386208000,09-03 05:56:48,0.0184975,0.02034725,0.0184975,0.01664775,0
AKEUSDT,resident,新,1788386209000,09-03 05:56:49,0.018248,0.0200728,0.018248,0.0164232,0
AKEUSDT,resident,新,1788386213000,09-03 05:56:53,0.018023,0.0198253,0.018023,0.0162207,0
AKEUSDT,resident,新,1788386216000,09-03 05:56:56,0.0183085,0.02013935,0.0183085,0.01647765,0
AKEUSDT,resident,新,1788386220000,09-03 05:57:00,0.0180105,0.01981155,0.0180105,0.01620945,0
AKEUSDT,resident,新,1788386224000,09-03 05:57:04,0.017734,0.0195074,0.017734,0.0159606,0
AKEUSDT,resident,新,1788386227000,09-03 05:57:07,0.0181575,0.01997325,0.0181575,0.01634175,0
AKEUSDT,resident,新,1788386228000,09-03 05:57:08,0.018468,0.0203148,0.018468,0.0166212,0
AKEUSDT,resident,新,1788386229000,09-03 05:57:09,0.0186915,0.02056065,0.0186915,0.01682235,0
AKEUSDT,resident,新,1788386230000,09-03 05:57:10,0.0189015,0.02079165,0.0189015,0.01701135,0
AKEUSDT,resident,新,1788386231000,09-03 05:57:11,0.0192425,0.02116675,0.0192425,0.01731825,0
AKEUSDT,resident,新,1788386232000,09-03 05:57:12,0.01848,0.020328,0.01848,0.016632,0
AKEUSDT,resident,新,1788386233000,09-03 05:57:13,0.01811,0.019921,0.01811,0.016299,0
AKEUSDT,resident,新,1788386237000,09-03 05:57:17,0.0177475,0.01952225,0.0177475,0.01597275,0
AKEUSDT,resident,新,1788386238000,09-03 05:57:18,0.01755,0.019305,0.01755,0.015795,0
AKEUSDT,resident,新,1788386242000,09-03 05:57:22,0.0177835,0.01956185,0.0177835,0.01600515,0
AKEUSDT,resident,新,1788386245000,09-03 05:57:25,0.017972,0.0197692,0.017972,0.0161748,0
AKEUSDT,resident,新,1788386246000,09-03 05:57:26,0.0182535,0.02007885,0.0182535,0.01642815,0
AKEUSDT,resident,新,1788386247000,09-03 05:57:27,0.0184775,0.02032525,0.0184775,0.01662975,0
AKEUSDT,resident,新,1788386248000,09-03 05:57:28,0.018241,0.0200651,0.018241,0.0164169,0
AKEUSDT,resident,新,1788386249000,09-03 05:57:29,0.0177845,0.01956295,0.0177845,0.01600605,0
AKEUSDT,resident,新,1788386252000,09-03 05:57:32,0.0174015,0.01914165,0.0174015,0.01566135,0
AKEUSDT,resident,新,1788386254000,09-03 05:57:34,0.01762,0.019382,0.01762,0.015858,0
AKEUSDT,resident,新,1788386257000,09-03 05:57:37,0.017414,0.0191554,0.017414,0.0156726,0
AKEUSDT,resident,新,1788386261000,09-03 05:57:41,0.017239,0.0189629,0.017239,0.0155151,0
AKEUSDT,resident,新,1788386262000,09-03 05:57:42,0.017063,0.0187693,0.017063,0.0153567,0
AKEUSDT,resident,新,1788386263000,09-03 05:57:43,0.016845,0.0185295,0.016845,0.0151605,0
AKEUSDT,resident,新,1788386267000,09-03 05:57:47,0.0170155,0.01871705,0.0170155,0.01531395,0
AKEUSDT,resident,新,1788386271000,09-03 05:57:51,0.016845,0.0185295,0.016845,0.0151605,0
AKEUSDT,resident,新,1788386273000,09-03 05:57:53,0.0170775,0.01878525,0.0170775,0.01536975,0
AKEUSDT,resident,新,1788386276000,09-03 05:57:56,0.0168325,0.01851575,0.0168325,0.01514925,0
AKEUSDT,resident,新,1788386278000,09-03 05:57:58,0.016542,0.0181962,0.016542,0.0148878,0
AKEUSDT,resident,新,1788386281000,09-03 05:58:01,0.016759,0.0184349,0.016759,0.0150831,0
AKEUSDT,resident,新,1788386282000,09-03 05:58:02,0.016927,0.0186197,0.016927,0.0152343,0
AKEUSDT,resident,新,1788386290000,09-03 05:58:10,0.017242,0.0189662,0.017242,0.0155178,0
AKEUSDT,resident,新,1788386296000,09-03 05:58:16,0.016996,0.0186956,0.016996,0.0152964,0
AKEUSDT,resident,新,1788386300000,09-03 05:58:20,0.0172515,0.01897665,0.0172515,0.01552635,0
AKEUSDT,resident,新,1788386302000,09-03 05:58:22,0.017463,0.0192093,0.017463,0.0157167,0
AKEUSDT,resident,新,1788386303000,09-03 05:58:23,0.017769,0.0195459,0.017769,0.0159921,0
AKEUSDT,resident,新,1788386305000,09-03 05:58:25,0.017588,0.0193468,0.017588,0.0158292,0
AKEUSDT,resident,新,1788386314000,09-03 05:58:34,0.0179465,0.01974115,0.0179465,0.01615185,0
AKEUSDT,resident,新,1788386317000,09-03 05:58:37,0.0181655,0.01998205,0.0181655,0.01634895,0
AKEUSDT,resident,新,1788386323000,09-03 05:58:43,0.0184705,0.02031755,0.0184705,0.01662345,0
AKEUSDT,resident,新,1788386324000,09-03 05:58:44,0.018659,0.0205249,0.018659,0.0167931,0
AKEUSDT,resident,新,1788386330000,09-03 05:58:50,0.018394,0.0202334,0.018394,0.0165546,0
AKEUSDT,resident,新,1788386331000,09-03 05:58:51,0.018142,0.0199562,0.018142,0.0163278,0
AKEUSDT,resident,新,1788386332000,09-03 05:58:52,0.018329,0.0201619,0.018329,0.0164961,0
AKEUSDT,resident,新,1788386333000,09-03 05:58:53,0.018579,0.0204369,0.018579,0.0167211,0
AKEUSDT,resident,新,1788386338000,09-03 05:58:58,0.018259,0.0200849,0.018259,0.0164331,0
AKEUSDT,resident,新,1788386340000,09-03 05:59:00,0.0180545,0.01985995,0.0180545,0.01624905,0
AKEUSDT,resident,新,1788386341000,09-03 05:59:01,0.017666,0.0194326,0.017666,0.0158994,0
AKEUSDT,resident,新,1788386342000,09-03 05:59:02,0.0174705,0.01921755,0.0174705,0.01572345,0
AKEUSDT,resident,新,1788386344000,09-03 05:59:04,0.0172545,0.01897995,0.0172545,0.01552905,0
AKEUSDT,resident,新,1788386356000,09-03 05:59:16,0.016775,0.0184525,0.016775,0.0150975,0
AKEUSDT,resident,新,1788386357000,09-03 05:59:17,0.016358,0.0179938,0.016358,0.0147222,0
AKEUSDT,resident,新,1788386358000,09-03 05:59:18,0.016536,0.0181896,0.016536,0.0148824,0
AKEUSDT,resident,新,1788386360000,09-03 05:59:20,0.0167305,0.01840355,0.0167305,0.01505745,0
AKEUSDT,resident,新,1788386361000,09-03 05:59:21,0.016403,0.0180433,0.016403,0.0147627,0
AKEUSDT,resident,新,1788386363000,09-03 05:59:23,0.016605,0.0182655,0.016605,0.0149445,0
AKEUSDT,resident,新,1788386365000,09-03 05:59:25,0.016416,0.0180576,0.016416,0.0147744,0
AKEUSDT,resident,新,1788386368000,09-03 05:59:28,0.016128,0.0177408,0.016128,0.0145152,0
AKEUSDT,resident,新,1788386369000,09-03 05:59:29,0.016308,0.0179388,0.016308,0.0146772,0
AKEUSDT,resident,新,1788386370000,09-03 05:59:30,0.016516,0.0181676,0.016516,0.0148644,0
AKEUSDT,resident,新,1788386374000,09-03 05:59:34,0.0161875,0.01780625,0.0161875,0.01456875,0
AKEUSDT,resident,新,1788386375000,09-03 05:59:35,0.0159825,0.01758075,0.0159825,0.01438425,0
AKEUSDT,resident,新,1788386377000,09-03 05:59:37,0.016176,0.0177936,0.016176,0.0145584,0
AKEUSDT,resident,新,1788386378000,09-03 05:59:38,0.0159005,0.01749055,0.0159005,0.01431045,0
AKEUSDT,resident,新,1788386383000,09-03 05:59:43,0.0162405,0.01786455,0.0162405,0.01461645,0
AKEUSDT,resident,新,1788386387000,09-03 05:59:47,0.0165475,0.01820225,0.0165475,0.01489275,0
AKEUSDT,resident,新,1788386389000,09-03 05:59:49,0.0161935,0.01781285,0.0161935,0.01457415,0
AKEUSDT,resident,新,1788386390000,09-03 05:59:50,0.016441,0.0180851,0.016441,0.0147969,0
AKEUSDT,resident,新,1788386394000,09-03 05:59:54,0.01663,0.018293,0.01663,0.014967,0
AKEUSDT,resident,新,1788386403000,09-03 06:00:03,0.016978,0.0186758,0.016978,0.0152802,0
AKEUSDT,resident,新,1788386405000,09-03 06:00:05,0.0165385,0.01819235,0.0165385,0.01488465,0
AKEUSDT,resident,新,1788386407000,09-03 06:00:07,0.0167515,0.01842665,0.0167515,0.01507635,0
AKEUSDT,resident,新,1788386409000,09-03 06:00:09,0.016191,0.0178101,0.016191,0.0145719,0
AKEUSDT,resident,新,1788386413000,09-03 06:00:13,0.0163675,0.01800425,0.0163675,0.01473075,0
AKEUSDT,resident,新,1788386420000,09-03 06:00:20,0.0161215,0.01773365,0.0161215,0.01450935,0
AKEUSDT,resident,新,1788386421000,09-03 06:00:21,0.015723,0.0172953,0.015723,0.0141507,0
AKEUSDT,resident,新,1788386422000,09-03 06:00:22,0.0160165,0.01761815,0.0160165,0.01441485,0
AKEUSDT,resident,新,1788386423000,09-03 06:00:23,0.0162955,0.01792505,0.0162955,0.01466595,0
AKEUSDT,resident,新,1788386424000,09-03 06:00:24,0.016514,0.0181654,0.016514,0.0148626,0
AKEUSDT,resident,新,1788386441000,09-03 06:00:41,0.016293,0.0179223,0.016293,0.0146637,0
AKEUSDT,resident,新,1788386444000,09-03 06:00:44,0.0160805,0.01768855,0.0160805,0.01447245,0
AKEUSDT,resident,新,1788386446000,09-03 06:00:46,0.015889,0.0174779,0.015889,0.0143001,0
AKEUSDT,resident,新,1788386447000,09-03 06:00:47,0.0156835,0.01725185,0.0156835,0.01411515,0
AKEUSDT,resident,新,1788386452000,09-03 06:00:52,0.0154875,0.01703625,0.0154875,0.01393875,0
AKEUSDT,resident,新,1788386454000,09-03 06:00:54,0.015674,0.0172414,0.015674,0.0141066,0
AKEUSDT,resident,新,1788386455000,09-03 06:00:55,0.015894,0.0174834,0.015894,0.0143046,0
AKEUSDT,resident,新,1788386459000,09-03 06:00:59,0.015586,0.0171446,0.015586,0.0140274,0
AKEUSDT,resident,新,1788386460000,09-03 06:01:00,0.0153915,0.01693065,0.0153915,0.01385235,0
AKEUSDT,resident,新,1788386471000,09-03 06:01:11,0.0155715,0.01712865,0.0155715,0.01401435,0
AKEUSDT,resident,新,1788386475000,09-03 06:01:15,0.0151595,0.01667545,0.0151595,0.01364355,0
AKEUSDT,resident,新,1788386478000,09-03 06:01:18,0.0149495,0.01644445,0.0149495,0.01345455,0
AKEUSDT,resident,新,1788386479000,09-03 06:01:19,0.0147585,0.01623435,0.0147585,0.01328265,0
AKEUSDT,resident,新,1788386488000,09-03 06:01:28,0.0145585,0.01601435,0.0145585,0.01310265,0
AKEUSDT,resident,新,1788386496000,09-03 06:01:36,0.0143615,0.01579765,0.0143615,0.01292535,0
AKEUSDT,resident,新,1788386501000,09-03 06:01:41,0.0145065,0.01595715,0.0145065,0.01305585,0
AKEUSDT,resident,新,1788386505000,09-03 06:01:45,0.014671,0.0161381,0.014671,0.0132039,0
AKEUSDT,resident,新,1788386506000,09-03 06:01:46,0.014488,0.0159368,0.014488,0.0130392,0
AKEUSDT,resident,新,1788386510000,09-03 06:01:50,0.0147125,0.01618375,0.0147125,0.01324125,0
AKEUSDT,resident,新,1788386513000,09-03 06:01:53,0.015066,0.0165726,0.015066,0.0135594,0
AKEUSDT,resident,新,1788386516000,09-03 06:01:56,0.0149115,0.01640265,0.0149115,0.01342035,0
AKEUSDT,resident,新,1788386518000,09-03 06:01:58,0.0151775,0.01669525,0.0151775,0.01365975,0
AKEUSDT,resident,新,1788386520000,09-03 06:02:00,0.0149325,0.01642575,0.0149325,0.01343925,0
AKEUSDT,resident,新,1788386521000,09-03 06:02:01,0.015084,0.0165924,0.015084,0.0135756,0
AKEUSDT,resident,新,1788386526000,09-03 06:02:06,0.015291,0.0168201,0.015291,0.0137619,0
AKEUSDT,resident,新,1788386532000,09-03 06:02:12,0.0155255,0.01707805,0.0155255,0.01397295,0
AKEUSDT,resident,新,1788386534000,09-03 06:02:14,0.015238,0.0167618,0.015238,0.0137142,0
AKEUSDT,resident,新,1788386536000,09-03 06:02:16,0.0150295,0.01653245,0.0150295,0.01352655,0
AKEUSDT,resident,新,1788386540000,09-03 06:02:20,0.0148535,0.01633885,0.0148535,0.01336815,0
AKEUSDT,resident,新,1788386544000,09-03 06:02:24,0.0150975,0.01660725,0.0150975,0.01358775,0
AKEUSDT,resident,新,1788386557000,09-03 06:02:37,0.0148605,0.01634655,0.0148605,0.01337445,0
AKEUSDT,resident,新,1788386562000,09-03 06:02:42,0.015027,0.0165297,0.015027,0.0135243,0
AKEUSDT,resident,新,1788386565000,09-03 06:02:45,0.015245,0.0167695,0.015245,0.0137205,0
AKEUSDT,resident,新,1788386567000,09-03 06:02:47,0.0150815,0.01658965,0.0150815,0.01357335,0
AKEUSDT,resident,新,1788386568000,09-03 06:02:48,0.014841,0.0163251,0.014841,0.0133569,0
AKEUSDT,resident,新,1788386570000,09-03 06:02:50,0.014374,0.0158114,0.014374,0.0129366,0
AKEUSDT,resident,新,1788386571000,09-03 06:02:51,0.0141725,0.01558975,0.0141725,0.01275525,0
AKEUSDT,resident,新,1788386578000,09-03 06:02:58,0.014421,0.0158631,0.014421,0.0129789,0
AKEUSDT,resident,新,1788386582000,09-03 06:03:02,0.014623,0.0160853,0.014623,0.0131607,0
AKEUSDT,resident,新,1788386583000,09-03 06:03:03,0.0147705,0.01624755,0.0147705,0.01329345,0
AKEUSDT,resident,新,1788386591000,09-03 06:03:11,0.0149405,0.01643455,0.0149405,0.01344645,0
AKEUSDT,resident,新,1788386604000,09-03 06:03:24,0.0151005,0.01661055,0.0151005,0.01359045,0
AKEUSDT,resident,新,1788386605000,09-03 06:03:25,0.015478,0.0170258,0.015478,0.0139302,0
AKEUSDT,resident,新,1788386612000,09-03 06:03:32,0.0153175,0.01684925,0.0153175,0.01378575,0
AKEUSDT,resident,新,1788386613000,09-03 06:03:33,0.0150115,0.01651265,0.0150115,0.01351035,0
AKEUSDT,resident,新,1788386614000,09-03 06:03:34,0.014765,0.0162415,0.014765,0.0132885,0
AKEUSDT,resident,新,1788386616000,09-03 06:03:36,0.01493,0.016423,0.01493,0.013437,0
AKEUSDT,resident,新,1788386618000,09-03 06:03:38,0.0151,0.01661,0.0151,0.01359,0
AKEUSDT,resident,新,1788386619000,09-03 06:03:39,0.0153205,0.01685255,0.0153205,0.01378845,0
AKEUSDT,resident,新,1788386624000,09-03 06:03:44,0.0150945,0.01660395,0.0150945,0.01358505,0
AKEUSDT,resident,新,1788386629000,09-03 06:03:49,0.0152465,0.01677115,0.0152465,0.01372185,0
AKEUSDT,resident,新,1788386635000,09-03 06:03:55,0.0149965,0.01649615,0.0149965,0.01349685,0
AKEUSDT,resident,新,1788386641000,09-03 06:04:01,0.014571,0.0160281,0.014571,0.0131139,0
AKEUSDT,resident,新,1788386643000,09-03 06:04:03,0.014736,0.0162096,0.014736,0.0132624,0
AKEUSDT,resident,新,1788386644000,09-03 06:04:04,0.014902,0.0163922,0.014902,0.0134118,0
AKEUSDT,resident,新,1788386645000,09-03 06:04:05,0.0147325,0.01620575,0.0147325,0.01325925,0
AKEUSDT,resident,新,1788386647000,09-03 06:04:07,0.014927,0.0164197,0.014927,0.0134343,0
AKEUSDT,resident,新,1788386648000,09-03 06:04:08,0.014753,0.0162283,0.014753,0.0132777,0
AKEUSDT,resident,新,1788386655000,09-03 06:04:15,0.0150725,0.01657975,0.0150725,0.01356525,0
AKEUSDT,resident,新,1788386663000,09-03 06:04:23,0.014876,0.0163636,0.014876,0.0133884,0
AKEUSDT,resident,新,1788386668000,09-03 06:04:28,0.015084,0.0165924,0.015084,0.0135756,0
AKEUSDT,resident,新,1788386685000,09-03 06:04:45,0.015279,0.0168069,0.015279,0.0137511,0
AKEUSDT,resident,新,1788386693000,09-03 06:04:53,0.015078,0.0165858,0.015078,0.0135702,0
AKEUSDT,resident,新,1788386701000,09-03 06:05:01,0.014869,0.0163559,0.014869,0.0133821,0
AKEUSDT,resident,新,1788386716000,09-03 06:05:16,0.0150535,0.01655885,0.0150535,0.01354815,0
AKEUSDT,resident,新,1788386718000,09-03 06:05:18,0.015212,0.0167332,0.015212,0.0136908,0
AKEUSDT,resident,新,1788386727000,09-03 06:05:27,0.0153835,0.01692185,0.0153835,0.01384515,0
AKEUSDT,resident,新,1788386730000,09-03 06:05:30,0.01517,0.016687,0.01517,0.013653,0
AKEUSDT,resident,新,1788386732000,09-03 06:05:32,0.015357,0.0168927,0.015357,0.0138213,0
AKEUSDT,resident,新,1788386735000,09-03 06:05:35,0.0157965,0.01737615,0.0157965,0.01421685,0
AKEUSDT,resident,新,1788386736000,09-03 06:05:36,0.0159985,0.01759835,0.0159985,0.01439865,0
AKEUSDT,resident,新,1788386738000,09-03 06:05:38,0.0157965,0.01737615,0.0157965,0.01421685,0
AKEUSDT,resident,新,1788386740000,09-03 06:05:40,0.0160005,0.01760055,0.0160005,0.01440045,0
AKEUSDT,resident,新,1788386741000,09-03 06:05:41,0.0163145,0.01794595,0.0163145,0.01468305,0
AKEUSDT,resident,新,1788386745000,09-03 06:05:45,0.01612395,0.017736345,0.01612395,0.014511555,0
AKEUSDT,resident,新,1788386746000,09-03 06:05:46,0.016422,0.0180642,0.016422,0.0147798,0
AKEUSDT,resident,新,1788386751000,09-03 06:05:51,0.0160675,0.01767425,0.0160675,0.01446075,0
AKEUSDT,resident,新,1788386753000,09-03 06:05:53,0.0158925,0.01748175,0.0158925,0.01430325,0
AKEUSDT,resident,新,1788386759000,09-03 06:05:59,0.0156575,0.01722325,0.0156575,0.01409175,0
AKEUSDT,resident,新,1788386765000,09-03 06:06:05,0.015402,0.0169422,0.015402,0.0138618,0
AKEUSDT,resident,新,1788386766000,09-03 06:06:06,0.015692,0.0172612,0.015692,0.0141228,0
AKEUSDT,resident,新,1788386767000,09-03 06:06:07,0.0160505,0.01765555,0.0160505,0.01444545,0
AKEUSDT,resident,新,1788386768000,09-03 06:06:08,0.0163475,0.01798225,0.0163475,0.01471275,0
AKEUSDT,resident,新,1788386771000,09-03 06:06:11,0.0161385,0.01775235,0.0161385,0.01452465,0
AKEUSDT,resident,新,1788386782000,09-03 06:06:22,0.0163445,0.01797895,0.0163445,0.01471005,0
AKEUSDT,resident,新,1788386787000,09-03 06:06:27,0.0166805,0.01834855,0.0166805,0.01501245,0
AKEUSDT,resident,新,1788386788000,09-03 06:06:28,0.0171545,0.01886995,0.0171545,0.01543905,0
AKEUSDT,resident,新,1788386789000,09-03 06:06:29,0.017479,0.0192269,0.017479,0.0157311,0
AKEUSDT,resident,新,1788386792000,09-03 06:06:32,0.0172795,0.01900745,0.0172795,0.01555155,0
AKEUSDT,resident,新,1788386796000,09-03 06:06:36,0.0170615,0.01876765,0.0170615,0.01535535,0
AKEUSDT,resident,新,1788386798000,09-03 06:06:38,0.017337,0.0190707,0.017337,0.0156033,0
AKEUSDT,resident,新,1788386799000,09-03 06:06:39,0.0176265,0.01938915,0.0176265,0.01586385,0
AKEUSDT,resident,新,1788386804000,09-03 06:06:44,0.017438,0.0191818,0.017438,0.0156942,0
AKEUSDT,resident,新,1788386808000,09-03 06:06:48,0.0178905,0.01967955,0.0178905,0.01610145,0
AKEUSDT,resident,新,1788386809000,09-03 06:06:49,0.018332,0.0201652,0.018332,0.0164988,0
AKEUSDT,resident,新,1788386810000,09-03 06:06:50,0.017961,0.0197571,0.017961,0.0161649,0
AKEUSDT,resident,新,1788386812000,09-03 06:06:52,0.017722,0.0194942,0.017722,0.0159498,0
AKEUSDT,resident,新,1788386814000,09-03 06:06:54,0.017379,0.0191169,0.017379,0.0156411,0
AKEUSDT,resident,新,1788386815000,09-03 06:06:55,0.0171895,0.01890845,0.0171895,0.01547055,0
AKEUSDT,resident,新,1788386817000,09-03 06:06:57,0.0174055,0.01914605,0.0174055,0.01566495,0
AKEUSDT,resident,新,1788386818000,09-03 06:06:58,0.0176885,0.01945735,0.0176885,0.01591965,0
AKEUSDT,resident,新,1788386821000,09-03 06:07:01,0.0174975,0.01924725,0.0174975,0.01574775,0
AKEUSDT,resident,新,1788386822000,09-03 06:07:02,0.0172405,0.01896455,0.0172405,0.01551645,0
AKEUSDT,resident,新,1788386824000,09-03 06:07:04,0.017525,0.0192775,0.017525,0.0157725,0
AKEUSDT,resident,新,1788386826000,09-03 06:07:06,0.0177745,0.01955195,0.0177745,0.01599705,0
AKEUSDT,resident,新,1788386836000,09-03 06:07:16,0.017557,0.0193127,0.017557,0.0158013,0
AKEUSDT,resident,新,1788386838000,09-03 06:07:18,0.0173775,0.01911525,0.0173775,0.01563975,0
AKEUSDT,resident,新,1788386840000,09-03 06:07:20,0.017947,0.0197417,0.017947,0.0161523,0
AKEUSDT,resident,新,1788386841000,09-03 06:07:21,0.0182755,0.02010305,0.0182755,0.01644795,0
AKEUSDT,resident,新,1788386850000,09-03 06:07:30,0.0184605,0.02030655,0.0184605,0.01661445,0
AKEUSDT,resident,新,1788386853000,09-03 06:07:33,0.0187075,0.02057825,0.0187075,0.01683675,0
AKEUSDT,resident,新,1788386867000,09-03 06:07:47,0.018994,0.0208934,0.018994,0.0170946,0
AKEUSDT,resident,新,1788386869000,09-03 06:07:49,0.019308,0.0212388,0.019308,0.0173772,0
AKEUSDT,resident,新,1788386873000,09-03 06:07:53,0.019024,0.0209264,0.019024,0.0171216,0
AKEUSDT,resident,新,1788386874000,09-03 06:07:54,0.0187635,0.02063985,0.0187635,0.01688715,0
AKEUSDT,resident,新,1788386877000,09-03 06:07:57,0.018955,0.0208505,0.018955,0.0170595,0
AKEUSDT,resident,新,1788386881000,09-03 06:08:01,0.018744,0.0206184,0.018744,0.0168696,0
AKEUSDT,resident,新,1788386889000,09-03 06:08:09,0.019025,0.0209275,0.019025,0.0171225,0
AKEUSDT,resident,新,1788386894000,09-03 06:08:14,0.0187715,0.02064865,0.0187715,0.01689435,0
AKEUSDT,resident,新,1788386899000,09-03 06:08:19,0.0184325,0.02027575,0.0184325,0.01658925,0
AKEUSDT,resident,新,1788386900000,09-03 06:08:20,0.01816,0.019976,0.01816,0.016344,0
AKEUSDT,resident,新,1788386910000,09-03 06:08:30,0.0184825,0.02033075,0.0184825,0.01663425,0
AKEUSDT,resident,新,1788386921000,09-03 06:08:41,0.01813,0.019943,0.01813,0.016317,0
AKEUSDT,resident,新,1788386925000,09-03 06:08:45,0.0178195,0.01960145,0.0178195,0.01603755,0
AKEUSDT,resident,新,1788386928000,09-03 06:08:48,0.0181125,0.01992375,0.0181125,0.01630125,0
AKEUSDT,resident,新,1788386931000,09-03 06:08:51,0.0183495,0.02018445,0.0183495,0.01651455,0
AKEUSDT,resident,新,1788386941000,09-03 06:09:01,0.018613,0.0204743,0.018613,0.0167517,0
AKEUSDT,resident,新,1788386945000,09-03 06:09:05,0.018831,0.0207141,0.018831,0.0169479,0
AKEUSDT,resident,新,1788386954000,09-03 06:09:14,0.0186,0.02046,0.0186,0.01674,0
AKEUSDT,resident,新,1788386957000,09-03 06:09:17,0.0183745,0.02021195,0.0183745,0.01653705,0
AKEUSDT,resident,新,1788386961000,09-03 06:09:21,0.0179745,0.01977195,0.0179745,0.01617705,0
AKEUSDT,resident,新,1788386962000,09-03 06:09:22,0.017775,0.0195525,0.017775,0.0159975,0
AKEUSDT,resident,新,1788386966000,09-03 06:09:26,0.017539,0.0192929,0.017539,0.0157851,0
AKEUSDT,resident,新,1788386971000,09-03 06:09:31,0.0173615,0.01909765,0.0173615,0.01562535,0
AKEUSDT,resident,新,1788386977000,09-03 06:09:37,0.0175575,0.01931325,0.0175575,0.01580175,0
AKEUSDT,resident,新,1788386984000,09-03 06:09:44,0.017368,0.0191048,0.017368,0.0156312,0
AKEUSDT,resident,新,1788386985000,09-03 06:09:45,0.0171895,0.01890845,0.0171895,0.01547055,0
AKEUSDT,resident,新,1788386988000,09-03 06:09:48,0.016887,0.0185757,0.016887,0.0151983,0
AKEUSDT,resident,新,1788386989000,09-03 06:09:49,0.016676,0.0183436,0.016676,0.0150084,0
AKEUSDT,resident,新,1788386995000,09-03 06:09:55,0.0169735,0.01867085,0.0169735,0.01527615,0
AKEUSDT,resident,新,1788387004000,09-03 06:10:04,0.016753,0.0184283,0.016753,0.0150777,0
AKEUSDT,resident,新,1788387007000,09-03 06:10:07,0.017089,0.0187979,0.017089,0.0153801,0
AKEUSDT,resident,新,1788387010000,09-03 06:10:10,0.016585,0.0182435,0.016585,0.0149265,0
AKEUSDT,resident,新,1788387012000,09-03 06:10:12,0.016384,0.0180224,0.016384,0.0147456,0
AKEUSDT,resident,新,1788387013000,09-03 06:10:13,0.0160705,0.01767755,0.0160705,0.01446345,0
AKEUSDT,resident,新,1788387014000,09-03 06:10:14,0.015797,0.0173767,0.015797,0.0142173,0
AKEUSDT,resident,新,1788387016000,09-03 06:10:16,0.01602,0.017622,0.01602,0.014418,0
AKEUSDT,resident,新,1788387017000,09-03 06:10:17,0.015789,0.0173679,0.015789,0.0142101,0
AKEUSDT,resident,新,1788387019000,09-03 06:10:19,0.0155955,0.01715505,0.0155955,0.01403595,0
AKEUSDT,resident,新,1788387020000,09-03 06:10:20,0.0154215,0.01696365,0.0154215,0.01387935,0
AKEUSDT,resident,新,1788387023000,09-03 06:10:23,0.015247,0.0167717,0.015247,0.0137223,0
AKEUSDT,resident,新,1788387027000,09-03 06:10:27,0.0155405,0.01709455,0.0155405,0.01398645,0
AKEUSDT,resident,新,1788387028000,09-03 06:10:28,0.015827,0.0174097,0.015827,0.0142443,0
AKEUSDT,resident,新,1788387029000,09-03 06:10:29,0.015987,0.0175857,0.015987,0.0143883,0
AKEUSDT,resident,新,1788387034000,09-03 06:10:34,0.016233,0.0178563,0.016233,0.0146097,0
AKEUSDT,resident,新,1788387035000,09-03 06:10:35,0.015996,0.0175956,0.015996,0.0143964,0
AKEUSDT,resident,新,1788387036000,09-03 06:10:36,0.015709,0.0172799,0.015709,0.0141381,0
AKEUSDT,resident,新,1788387038000,09-03 06:10:38,0.0154715,0.01701865,0.0154715,0.01392435,0
AKEUSDT,resident,新,1788387041000,09-03 06:10:41,0.015674,0.0172414,0.015674,0.0141066,0
AKEUSDT,resident,新,1788387044000,09-03 06:10:44,0.0158495,0.01743445,0.0158495,0.01426455,0
AKEUSDT,resident,新,1788387047000,09-03 06:10:47,0.0160485,0.01765335,0.0160485,0.01444365,0
AKEUSDT,resident,新,1788387052000,09-03 06:10:52,0.015882,0.0174702,0.015882,0.0142938,0
AKEUSDT,resident,新,1788387057000,09-03 06:10:57,0.016089,0.0176979,0.016089,0.0144801,0
AKEUSDT,resident,新,1788387058000,09-03 06:10:58,0.0162685,0.01789535,0.0162685,0.01464165,0
AKEUSDT,resident,新,1788387067000,09-03 06:11:07,0.0160635,0.01766985,0.0160635,0.01445715,0
AKEUSDT,resident,新,1788387069000,09-03 06:11:09,0.016236,0.0178596,0.016236,0.0146124,0
AKEUSDT,resident,新,1788387070000,09-03 06:11:10,0.0160275,0.01763025,0.0160275,0.01442475,0
AKEUSDT,resident,新,1788387077000,09-03 06:11:17,0.0161975,0.01781725,0.0161975,0.01457775,0
AKEUSDT,resident,新,1788387106000,09-03 06:11:46,0.0164255,0.01806805,0.0164255,0.01478295,0
AKEUSDT,resident,新,1788387111000,09-03 06:11:51,0.0162345,0.01785795,0.0162345,0.01461105,0
AKEUSDT,resident,新,1788387119000,09-03 06:11:59,0.016419,0.0180609,0.016419,0.0147771,0
AKEUSDT,resident,新,1788387142000,09-03 06:12:22,0.016232,0.0178552,0.016232,0.0146088,0
AKEUSDT,resident,新,1788387150000,09-03 06:12:30,0.0159975,0.01759725,0.0159975,0.01439775,0
AKEUSDT,resident,新,1788387161000,09-03 06:12:41,0.0161965,0.01781615,0.0161965,0.01457685,0
AKEUSDT,resident,新,1788387176000,09-03 06:12:56,0.016482,0.0181302,0.016482,0.0148338,0
AKEUSDT,resident,新,1788387177000,09-03 06:12:57,0.0166605,0.01832655,0.0166605,0.01499445,0
AKEUSDT,resident,新,1788387178000,09-03 06:12:58,0.016855,0.0185405,0.016855,0.0151695,0
AKEUSDT,resident,新,1788387182000,09-03 06:13:02,0.0166255,0.01828805,0.0166255,0.01496295,0
AKEUSDT,resident,新,1788387191000,09-03 06:13:11,0.016368,0.0180048,0.016368,0.0147312,0
AKEUSDT,resident,新,1788387192000,09-03 06:13:12,0.0160395,0.01764345,0.0160395,0.01443555,0
AKEUSDT,resident,新,1788387193000,09-03 06:13:13,0.01576,0.017336,0.01576,0.014184,0
AKEUSDT,resident,新,1788387195000,09-03 06:13:15,0.0154925,0.01704175,0.0154925,0.01394325,0
AKEUSDT,resident,新,1788387196000,09-03 06:13:16,0.0152365,0.01676015,0.0152365,0.01371285,0
AKEUSDT,resident,新,1788387204000,09-03 06:13:24,0.0154195,0.01696145,0.0154195,0.01387755,0
AKEUSDT,resident,新,1788387212000,09-03 06:13:32,0.0152465,0.01677115,0.0152465,0.01372185,0
AKEUSDT,resident,新,1788387216000,09-03 06:13:36,0.015504,0.0170544,0.015504,0.0139536,0
AKEUSDT,resident,新,1788387218000,09-03 06:13:38,0.0156655,0.01723205,0.0156655,0.01409895,0
AKEUSDT,resident,新,1788387249000,09-03 06:14:09,0.0158585,0.01744435,0.0158585,0.01427265,0
AKEUSDT,resident,新,1788387251000,09-03 06:14:11,0.0160335,0.01763685,0.0160335,0.01443015,0
AKEUSDT,resident,新,1788387255000,09-03 06:14:15,0.016196,0.0178156,0.016196,0.0145764,0
AKEUSDT,resident,新,1788387262000,09-03 06:14:22,0.016026,0.0176286,0.016026,0.0144234,0
AKEUSDT,resident,新,1788387264000,09-03 06:14:24,0.0155875,0.01714625,0.0155875,0.01402875,0
AKEUSDT,resident,新,1788387265000,09-03 06:14:25,0.0153365,0.01687015,0.0153365,0.01380285,0
AKEUSDT,resident,新,1788387268000,09-03 06:14:28,0.015502,0.0170522,0.015502,0.0139518,0
AKEUSDT,resident,新,1788387270000,09-03 06:14:30,0.01569,0.017259,0.01569,0.014121,0
AKEUSDT,resident,新,1788387281000,09-03 06:14:41,0.0158765,0.01746415,0.0158765,0.01428885,0
AKEUSDT,resident,新,1788387283000,09-03 06:14:43,0.0160555,0.01766105,0.0160555,0.01444995,0
AKEUSDT,resident,新,1788387294000,09-03 06:14:54,0.0158875,0.01747625,0.0158875,0.01429875,0
AKEUSDT,resident,新,1788387298000,09-03 06:14:58,0.015671,0.0172381,0.015671,0.0141039,0
AKEUSDT,resident,新,1788387300000,09-03 06:15:00,0.0155115,0.01706265,0.0155115,0.01396035,0
AKEUSDT,resident,新,1788387304000,09-03 06:15:04,0.01532,0.016852,0.01532,0.013788,0
AKEUSDT,resident,新,1788387312000,09-03 06:15:12,0.0155345,0.01708795,0.0155345,0.01398105,0
AKEUSDT,resident,新,1788387319000,09-03 06:15:19,0.0157395,0.01731345,0.0157395,0.01416555,0
AKEUSDT,resident,新,1788387338000,09-03 06:15:38,0.015932,0.0175252,0.015932,0.0143388,0
AKEUSDT,resident,新,1788387346000,09-03 06:15:46,0.016098,0.0177078,0.016098,0.0144882,0
AKEUSDT,resident,新,1788387352000,09-03 06:15:52,0.0159,0.01749,0.0159,0.01431,0
AKEUSDT,resident,新,1788387353000,09-03 06:15:53,0.015733,0.0173063,0.015733,0.0141597,0
AKEUSDT,resident,新,1788387360000,09-03 06:16:00,0.015566,0.0171226,0.015566,0.0140094,0
AKEUSDT,resident,新,1788387370000,09-03 06:16:10,0.015731,0.0173041,0.015731,0.0141579,0
AKEUSDT,resident,新,1788387377000,09-03 06:16:17,0.015897,0.0174867,0.015897,0.0143073,0
AKEUSDT,resident,新,1788387387000,09-03 06:16:27,0.016124,0.0177364,0.016124,0.0145116,0
AKEUSDT,resident,新,1788387414000,09-03 06:16:54,0.016297,0.0179267,0.016297,0.0146673,0
AKEUSDT,resident,新,1788387424000,09-03 06:17:04,0.0165125,0.01816375,0.0165125,0.01486125,0
AKEUSDT,resident,新,1788387429000,09-03 06:17:09,0.0161095,0.01772045,0.0161095,0.01449855,0
AKEUSDT,resident,新,1788387447000,09-03 06:17:27,0.016322,0.0179542,0.016322,0.0146898,0
AKEUSDT,resident,新,1788387483000,09-03 06:18:03,0.016519,0.0181709,0.016519,0.0148671,0
AKEUSDT,resident,新,1788387488000,09-03 06:18:08,0.016689,0.0183579,0.016689,0.0150201,0
AKEUSDT,resident,新,1788387493000,09-03 06:18:13,0.016872,0.0185592,0.016872,0.0151848,0
AKEUSDT,resident,新,1788387502000,09-03 06:18:22,0.0166755,0.01834305,0.0166755,0.01500795,0
AKEUSDT,resident,新,1788387503000,09-03 06:18:23,0.016398,0.0180378,0.016398,0.0147582,0
AKEUSDT,resident,新,1788387507000,09-03 06:18:27,0.016578,0.0182358,0.016578,0.0149202,0
AKEUSDT,resident,新,1788387518000,09-03 06:18:38,0.016794,0.0184734,0.016794,0.0151146,0
AKEUSDT,resident,新,1788387540000,09-03 06:19:00,0.01714,0.018854,0.01714,0.015426,0
AKEUSDT,resident,新,1788387548000,09-03 06:19:08,0.0169555,0.01865105,0.0169555,0.01525995,0
AKEUSDT,resident,新,1788387562000,09-03 06:19:22,0.016757,0.0184327,0.016757,0.0150813,0
AKEUSDT,resident,新,1788387565000,09-03 06:19:25,0.016552,0.0182072,0.016552,0.0148968,0
AKEUSDT,resident,新,1788387570000,09-03 06:19:30,0.016355,0.0179905,0.016355,0.0147195,0
AKEUSDT,resident,新,1788387571000,09-03 06:19:31,0.0161435,0.01775785,0.0161435,0.01452915,0
AKEUSDT,resident,新,1788387575000,09-03 06:19:35,0.015922,0.0175142,0.015922,0.0143298,0
AKEUSDT,resident,新,1788387590000,09-03 06:19:50,0.015641,0.0172051,0.015641,0.0140769,0
AKEUSDT,resident,新,1788387597000,09-03 06:19:57,0.0154475,0.01699225,0.0154475,0.01390275,0
AKEUSDT,resident,新,1788387609000,09-03 06:20:09,0.015606,0.0171666,0.015606,0.0140454,0
AKEUSDT,resident,新,1788387617000,09-03 06:20:17,0.0157695,0.01734645,0.0157695,0.01419255,0
AKEUSDT,resident,新,1788387627000,09-03 06:20:27,0.015598,0.0171578,0.015598,0.0140382,0
AKEUSDT,resident,新,1788387636000,09-03 06:20:36,0.015834,0.0174174,0.015834,0.0142506,0
AKEUSDT,resident,新,1788387651000,09-03 06:20:51,0.0159975,0.01759725,0.0159975,0.01439775,0
AKEUSDT,resident,新,1788387662000,09-03 06:21:02,0.015763,0.0173393,0.015763,0.0141867,0
AKEUSDT,resident,新,1788387665000,09-03 06:21:05,0.0155795,0.01713745,0.0155795,0.01402155,0
AKEUSDT,resident,新,1788387671000,09-03 06:21:11,0.015819,0.0174009,0.015819,0.0142371,0
AKEUSDT,resident,新,1788387692000,09-03 06:21:32,0.015599,0.0171589,0.015599,0.0140391,0
AKEUSDT,resident,新,1788387695000,09-03 06:21:35,0.015438,0.0169818,0.015438,0.0138942,0
AKEUSDT,resident,新,1788387698000,09-03 06:21:38,0.015624,0.0171864,0.015624,0.0140616,0
AKEUSDT,resident,新,1788387713000,09-03 06:21:53,0.015814,0.0173954,0.015814,0.0142326,0
AKEUSDT,resident,新,1788387723000,09-03 06:22:03,0.015988,0.0175868,0.015988,0.0143892,0
AKEUSDT,resident,新,1788387731000,09-03 06:22:11,0.016272,0.0178992,0.016272,0.0146448,0
AKEUSDT,resident,新,1788387740000,09-03 06:22:20,0.0158855,0.01747405,0.0158855,0.01429695,0
AKEUSDT,resident,新,1788387741000,09-03 06:22:21,0.01571,0.017281,0.01571,0.014139,0
AKEUSDT,resident,新,1788387749000,09-03 06:22:29,0.0158765,0.01746415,0.0158765,0.01428885,0
AKEUSDT,resident,新,1788387752000,09-03 06:22:32,0.0156855,0.01725405,0.0156855,0.01411695,0
AKEUSDT,resident,新,1788387754000,09-03 06:22:34,0.0153815,0.01691965,0.0153815,0.01384335,0
AKEUSDT,resident,新,1788387767000,09-03 06:22:47,0.0155445,0.01709895,0.0155445,0.01399005,0
AKEUSDT,resident,新,1788387773000,09-03 06:22:53,0.015766,0.0173426,0.015766,0.0141894,0
AKEUSDT,resident,新,1788387791000,09-03 06:23:11,0.01593,0.017523,0.01593,0.014337,0
AKEUSDT,resident,新,1788387802000,09-03 06:23:22,0.0155875,0.01714625,0.0155875,0.01402875,0
AKEUSDT,resident,新,1788387807000,09-03 06:23:27,0.0154015,0.01694165,0.0154015,0.01386135,0
AKEUSDT,resident,新,1788387809000,09-03 06:23:29,0.0155715,0.01712865,0.0155715,0.01401435,0
AKEUSDT,resident,新,1788387842000,09-03 06:24:02,0.01574,0.017314,0.01574,0.014166,0
AKEUSDT,resident,新,1788387891000,09-03 06:24:51,0.0159195,0.01751145,0.0159195,0.01432755,0
AKEUSDT,resident,新,1788387910000,09-03 06:25:10,0.016081,0.0176891,0.016081,0.0144729,0
AKEUSDT,resident,新,1788387924000,09-03 06:25:24,0.01629,0.017919,0.01629,0.014661,0
AKEUSDT,resident,新,1788387932000,09-03 06:25:32,0.0164585,0.01810435,0.0164585,0.01481265,0
AKEUSDT,resident,新,1788387940000,09-03 06:25:40,0.0162085,0.01782935,0.0162085,0.01458765,0
AKEUSDT,resident,新,1788387941000,09-03 06:25:41,0.016033,0.0176363,0.016033,0.0144297,0
AKEUSDT,resident,新,1788387948000,09-03 06:25:48,0.0162435,0.01786785,0.0162435,0.01461915,0
AKEUSDT,resident,新,1788387973000,09-03 06:26:13,0.016427,0.0180697,0.016427,0.0147843,0
AKEUSDT,resident,新,1788387982000,09-03 06:26:22,0.016602,0.0182622,0.016602,0.0149418,0
AKEUSDT,resident,新,1788387990000,09-03 06:26:30,0.0160115,0.01761265,0.0160115,0.01441035,0
AKEUSDT,resident,新,1788387991000,09-03 06:26:31,0.0157415,0.01731565,0.0157415,0.01416735,0
AKEUSDT,resident,新,1788387993000,09-03 06:26:33,0.015964,0.0175604,0.015964,0.0143676,0
AKEUSDT,resident,新,1788387997000,09-03 06:26:37,0.016147,0.0177617,0.016147,0.0145323,0
AKEUSDT,resident,新,1788388016000,09-03 06:26:56,0.016313,0.0179443,0.016313,0.0146817,0
AKEUSDT,resident,新,1788388035000,09-03 06:27:15,0.016139,0.0177529,0.016139,0.0145251,0
AKEUSDT,resident,新,1788388041000,09-03 06:27:21,0.0163175,0.01794925,0.0163175,0.01468575,0
AKEUSDT,resident,新,1788388066000,09-03 06:27:46,0.0165115,0.01816265,0.0165115,0.01486035,0
AKEUSDT,resident,新,1788388069000,09-03 06:27:49,0.016106,0.0177166,0.016106,0.0144954,0
AKEUSDT,resident,新,1788388080000,09-03 06:28:00,0.0163725,0.01800975,0.0163725,0.01473525,0
AKEUSDT,resident,新,1788388082000,09-03 06:28:02,0.0161875,0.01780625,0.0161875,0.01456875,0
AKEUSDT,resident,新,1788388107000,09-03 06:28:27,0.0163675,0.01800425,0.0163675,0.01473075,0
AKEUSDT,resident,新,1788388123000,09-03 06:28:43,0.016573,0.0182303,0.016573,0.0149157,0
AKEUSDT,resident,新,1788388131000,09-03 06:28:51,0.0163715,0.01800865,0.0163715,0.01473435,0
AKEUSDT,resident,新,1788388136000,09-03 06:28:56,0.016554,0.0182094,0.016554,0.0148986,0
AKEUSDT,resident,新,1788388159000,09-03 06:29:19,0.01676725,0.018443975,0.01676725,0.015090525,0
AKEUSDT,resident,新,1788388162000,09-03 06:29:22,0.0165245,0.01817695,0.0165245,0.01487205,0
AKEUSDT,resident,新,1788388167000,09-03 06:29:27,0.016335,0.0179685,0.016335,0.0147015,0
AKEUSDT,resident,新,1788388237000,09-03 06:30:37,0.016125,0.0177375,0.016125,0.0145125,0
AKEUSDT,resident,新,1788388255000,09-03 06:30:55,0.016296,0.0179256,0.016296,0.0146664,0
AKEUSDT,resident,新,1788388291000,09-03 06:31:31,0.0164925,0.01814175,0.0164925,0.01484325,0
AKEUSDT,resident,新,1788388301000,09-03 06:31:41,0.0166585,0.01832435,0.0166585,0.01499265,0
AKEUSDT,resident,新,1788388342000,09-03 06:32:22,0.017004,0.0187044,0.017004,0.0153036,0
AKEUSDT,resident,新,1788388344000,09-03 06:32:24,0.017368,0.0191048,0.017368,0.0156312,0
AKEUSDT,resident,新,1788388355000,09-03 06:32:35,0.017155,0.0188705,0.017155,0.0154395,0
AKEUSDT,resident,新,1788388363000,09-03 06:32:43,0.016946,0.0186406,0.016946,0.0152514,0
AKEUSDT,resident,新,1788388391000,09-03 06:33:11,0.01675,0.018425,0.01675,0.015075,0
AKEUSDT,resident,新,1788388403000,09-03 06:33:23,0.016395,0.0180345,0.016395,0.0147555,0
AKEUSDT,resident,新,1788388412000,09-03 06:33:32,0.016206,0.0178266,0.016206,0.0145854,0
AKEUSDT,resident,新,1788388414000,09-03 06:33:34,0.01599,0.017589,0.01599,0.014391,0
AKEUSDT,resident,新,1788388439000,09-03 06:33:59,0.016215,0.0178365,0.016215,0.0145935,0
AKEUSDT,resident,新,1788388475000,09-03 06:34:35,0.0164045,0.01804495,0.0164045,0.01476405,0
AKEUSDT,resident,新,1788388517000,09-03 06:35:17,0.016574,0.0182314,0.016574,0.0149166,0
AKEUSDT,resident,新,1788388569000,09-03 06:36:09,0.01674,0.018414,0.01674,0.015066,0
AKEUSDT,resident,新,1788388578000,09-03 06:36:18,0.0165715,0.01822865,0.0165715,0.01491435,0
AKEUSDT,resident,新,1788388588000,09-03 06:36:28,0.0167445,0.01841895,0.0167445,0.01507005,0
AKEUSDT,resident,新,1788388623000,09-03 06:37:03,0.0165725,0.01822975,0.0165725,0.01491525,0
AKEUSDT,resident,新,1788388626000,09-03 06:37:06,0.016388,0.0180268,0.016388,0.0147492,0
AKEUSDT,resident,新,1788388642000,09-03 06:37:22,0.0162125,0.01783375,0.0162125,0.01459125,0
AKEUSDT,resident,新,1788388653000,09-03 06:37:33,0.016387,0.0180257,0.016387,0.0147483,0
AKEUSDT,resident,新,1788388755000,09-03 06:39:15,0.016561,0.0182171,0.016561,0.0149049,0
AKEUSDT,resident,新,1788388803000,09-03 06:40:03,0.0163945,0.01803395,0.0163945,0.01475505,0
AKEUSDT,resident,新,1788388808000,09-03 06:40:08,0.01623,0.017853,0.01623,0.014607,0
AKEUSDT,resident,新,1788388837000,09-03 06:40:37,0.015908,0.0174988,0.015908,0.0143172,0
AKEUSDT,resident,新,1788388839000,09-03 06:40:39,0.016074,0.0176814,0.016074,0.0144666,0
AKEUSDT,resident,新,1788388852000,09-03 06:40:52,0.016252,0.0178772,0.016252,0.0146268,0
AKEUSDT,resident,新,1788388865000,09-03 06:41:05,0.0165615,0.01821765,0.0165615,0.01490535,0
AKEUSDT,resident,新,1788388925000,09-03 06:42:05,0.0163815,0.01801965,0.0163815,0.01474335,0
AKEUSDT,resident,新,1788388974000,09-03 06:42:54,0.0165475,0.01820225,0.0165475,0.01489275,0
AKEUSDT,resident,新,1788389076000,09-03 06:44:36,0.016378,0.0180158,0.016378,0.0147402,0
AKEUSDT,resident,新,1788389107000,09-03 06:45:07,0.016565,0.0182215,0.016565,0.0149085,0
AKEUSDT,resident,新,1788389115000,09-03 06:45:15,0.016743,0.0184173,0.016743,0.0150687,0
AKEUSDT,resident,新,1788389156000,09-03 06:45:56,0.016968,0.0186648,0.016968,0.0152712,0
AKEUSDT,resident,新,1788389159000,09-03 06:45:59,0.017157,0.0188727,0.017157,0.0154413,0
AKEUSDT,resident,新,1788389170000,09-03 06:46:10,0.0169715,0.01866865,0.0169715,0.01527435,0
AKEUSDT,resident,新,1788389178000,09-03 06:46:18,0.016794,0.0184734,0.016794,0.0151146,0
AKEUSDT,resident,新,1788389192000,09-03 06:46:32,0.01698,0.018678,0.01698,0.015282,0
AKEUSDT,resident,新,1788389225000,09-03 06:47:05,0.01674,0.018414,0.01674,0.015066,0
AKEUSDT,resident,新,1788389261000,09-03 06:47:41,0.016933,0.0186263,0.016933,0.0152397,0
AKEUSDT,resident,新,1788389471000,09-03 06:51:11,0.0167395,0.01841345,0.0167395,0.01506555,0
AKEUSDT,resident,新,1788389520000,09-03 06:52:00,0.0169265,0.01861915,0.0169265,0.01523385,0
AKEUSDT,resident,新,1788389790000,09-03 06:56:30,0.0167465,0.01842115,0.0167465,0.01507185,0
AKEUSDT,resident,新,1788389823000,09-03 06:57:03,0.0169575,0.01865325,0.0169575,0.01526175,0
AKEUSDT,resident,新,1788389859000,09-03 06:57:39,0.017237,0.0189607,0.017237,0.0155133,0
AKEUSDT,resident,新,1788389873000,09-03 06:57:53,0.017645,0.0194095,0.017645,0.0158805,0
AKEUSDT,resident,新,1788389900000,09-03 06:58:20,0.0174545,0.01919995,0.0174545,0.01570905,0
AKEUSDT,resident,新,1788389917000,09-03 06:58:37,0.0172155,0.01893705,0.0172155,0.01549395,0
AKEUSDT,resident,新,1788389922000,09-03 06:58:42,0.0170365,0.01874015,0.0170365,0.01533285,0
AKEUSDT,resident,新,1788389930000,09-03 06:58:50,0.017257,0.0189827,0.017257,0.0155313,0
AKEUSDT,resident,新,1788389946000,09-03 06:59:06,0.017075,0.0187825,0.017075,0.0153675,0
AKEUSDT,resident,新,1788389961000,09-03 06:59:21,0.0168725,0.01855975,0.0168725,0.01518525,0
AKEUSDT,resident,新,1788390028000,09-03 07:00:28,0.0166515,0.01831665,0.0166515,0.01498635,0
AKEUSDT,resident,新,1788390039000,09-03 07:00:39,0.0164525,0.01809775,0.0164525,0.01480725,0
AKEUSDT,resident,新,1788390058000,09-03 07:00:58,0.016286,0.0179146,0.016286,0.0146574,0
AKEUSDT,resident,新,1788390062000,09-03 07:01:02,0.0161205,0.01773255,0.0161205,0.01450845,0
AKEUSDT,resident,新,1788390081000,09-03 07:01:21,0.016299,0.0179289,0.016299,0.0146691,0
AKEUSDT,resident,新,1788390085000,09-03 07:01:25,0.0164655,0.01811205,0.0164655,0.01481895,0
AKEUSDT,resident,新,1788390131000,09-03 07:02:11,0.0162995,0.01792945,0.0162995,0.01466955,0
AKEUSDT,resident,新,1788390147000,09-03 07:02:27,0.0164845,0.01813295,0.0164845,0.01483605,0
AKEUSDT,resident,新,1788390171000,09-03 07:02:51,0.0162845,0.01791295,0.0162845,0.01465605,0
AKEUSDT,resident,新,1788390181000,09-03 07:03:01,0.016116,0.0177276,0.016116,0.0145044,0
AKEUSDT,resident,新,1788390231000,09-03 07:03:51,0.0163415,0.01797565,0.0163415,0.01470735,0
AKEUSDT,resident,新,1788390297000,09-03 07:04:57,0.016156,0.0177716,0.016156,0.0145404,0
AKEUSDT,resident,新,1788390302000,09-03 07:05:02,0.0159745,0.01757195,0.0159745,0.01437705,0
AKEUSDT,resident,新,1788390320000,09-03 07:05:20,0.016137,0.0177507,0.016137,0.0145233,0
AKEUSDT,resident,新,1788390385000,09-03 07:06:25,0.015951,0.0175461,0.015951,0.0143559,0
AKEUSDT,resident,新,1788390415000,09-03 07:06:55,0.0161215,0.01773365,0.0161215,0.01450935,0
AKEUSDT,resident,新,1788390442000,09-03 07:07:22,0.016338,0.0179718,0.016338,0.0147042,0
AKEUSDT,resident,新,1788390471000,09-03 07:07:51,0.0161235,0.01773585,0.0161235,0.01451115,0
AKEUSDT,resident,新,1788390591000,09-03 07:09:51,0.0158805,0.01746855,0.0158805,0.01429245,0
AKEUSDT,resident,新,1788390624000,09-03 07:10:24,0.0160645,0.01767095,0.0160645,0.01445805,0
AKEUSDT,resident,新,1788390870000,09-03 07:14:30,0.015683,0.0172513,0.015683,0.0141147,0
AKEUSDT,resident,新,1788390872000,09-03 07:14:32,0.015471,0.0170181,0.015471,0.0139239,0
AKEUSDT,resident,新,1788390874000,09-03 07:14:34,0.0153005,0.01683055,0.0153005,0.01377045,0
AKEUSDT,resident,新,1788390883000,09-03 07:14:43,0.015042,0.0165462,0.015042,0.0135378,0
AKEUSDT,resident,新,1788390884000,09-03 07:14:44,0.015263,0.0167893,0.015263,0.0137367,0
AKEUSDT,resident,新,1788390893000,09-03 07:14:53,0.0154685,0.01701535,0.0154685,0.01392165,0
AKEUSDT,resident,新,1788390899000,09-03 07:14:59,0.015624,0.0171864,0.015624,0.0140616,0
AKEUSDT,resident,新,1788390902000,09-03 07:15:02,0.015877,0.0174647,0.015877,0.0142893,0
AKEUSDT,resident,新,1788390913000,09-03 07:15:13,0.0160465,0.01765115,0.0160465,0.01444185,0
AKEUSDT,resident,新,1788390922000,09-03 07:15:22,0.0162325,0.01785575,0.0162325,0.01460925,0
AKEUSDT,resident,新,1788391005000,09-03 07:16:45,0.016069,0.0176759,0.016069,0.0144621,0
AKEUSDT,resident,新,1788391042000,09-03 07:17:22,0.0162405,0.01786455,0.0162405,0.01461645,0
AKEUSDT,resident,新,1788391124000,09-03 07:18:44,0.016066,0.0176726,0.016066,0.0144594,0
AKEUSDT,resident,新,1788391158000,09-03 07:19:18,0.016258,0.0178838,0.016258,0.0146322,0
AKEUSDT,resident,新,1788391193000,09-03 07:19:53,0.0160835,0.01769185,0.0160835,0.01447515,0
AKEUSDT,resident,新,1788391201000,09-03 07:20:01,0.0158785,0.01746635,0.0158785,0.01429065,0
AKEUSDT,resident,新,1788391207000,09-03 07:20:07,0.016043,0.0176473,0.016043,0.0144387,0
AKEUSDT,resident,新,1788391310000,09-03 07:21:50,0.0162265,0.01784915,0.0162265,0.01460385,0
AKEUSDT,resident,新,1788391336000,09-03 07:22:16,0.016402,0.0180422,0.016402,0.0147618,0
AKEUSDT,resident,新,1788391397000,09-03 07:23:17,0.0165685,0.01822535,0.0165685,0.01491165,0
AKEUSDT,resident,新,1788391453000,09-03 07:24:13,0.01639,0.018029,0.01639,0.014751,0
AKEUSDT,resident,新,1788391482000,09-03 07:24:42,0.016558,0.0182138,0.016558,0.0149022,0
AKEUSDT,resident,新,1788391544000,09-03 07:25:44,0.016747,0.0184217,0.016747,0.0150723,0
AKEUSDT,resident,新,1788391603000,09-03 07:26:43,0.0165625,0.01821875,0.0165625,0.01490625,0
AKEUSDT,resident,新,1788391656000,09-03 07:27:36,0.0167345,0.01840795,0.0167345,0.01506105,0
AKEUSDT,resident,新,1788391682000,09-03 07:28:02,0.016533,0.0181863,0.016533,0.0148797,0
AKEUSDT,resident,新,1788391841000,09-03 07:30:41,0.0163675,0.01800425,0.0163675,0.01473075,0
AKEUSDT,resident,新,1788391888000,09-03 07:31:28,0.016532,0.0181852,0.016532,0.0148788,0
AKEUSDT,resident,新,1788392013000,09-03 07:33:33,0.0167075,0.01837825,0.0167075,0.01503675,0
AKEUSDT,resident,新,1788392182000,09-03 07:36:22,0.016991,0.0186901,0.016991,0.0152919,0
AKEUSDT,resident,新,1788392192000,09-03 07:36:32,0.0168145,0.01849595,0.0168145,0.01513305,0
AKEUSDT,resident,新,1788392316000,09-03 07:38:36,0.016642,0.0183062,0.016642,0.0149778,0
AKEUSDT,resident,新,1788392523000,09-03 07:42:03,0.016818,0.0184998,0.016818,0.0151362,0
AKEUSDT,resident,新,1788392779000,09-03 07:46:19,0.0166405,0.01830455,0.0166405,0.01497645,0
AKEUSDT,resident,新,1788392850000,09-03 07:47:30,0.016448,0.0180928,0.016448,0.0148032,0
AKEUSDT,resident,新,1788392884000,09-03 07:48:04,0.0162715,0.01789865,0.0162715,0.01464435,0
AKEUSDT,resident,新,1788392991000,09-03 07:49:51,0.0164685,0.01811535,0.0164685,0.01482165,0
AKEUSDT,resident,新,1788393044000,09-03 07:50:44,0.016654,0.0183194,0.016654,0.0149886,0
AKEUSDT,resident,新,1788393147000,09-03 07:52:27,0.016473,0.0181203,0.016473,0.0148257,0
AKEUSDT,resident,新,1788393352000,09-03 07:55:52,0.016655,0.0183205,0.016655,0.0149895,0
AKEUSDT,resident,新,1788393410000,09-03 07:56:50,0.016485,0.0181335,0.016485,0.0148365,0
AKEUSDT,resident,新,1788393517000,09-03 07:58:37,0.016782,0.0184602,0.016782,0.0151038,0
AKEUSDT,resident,新,1788393537000,09-03 07:58:57,0.016614,0.0182754,0.016614,0.0149526,0
AKEUSDT,resident,新,1788393787000,09-03 08:03:07,0.0164415,0.01808565,0.0164415,0.01479735,0
AKEUSDT,resident,新,1788394004000,09-03 08:06:44,0.01615,0.017765,0.01615,0.014535,0
AKEUSDT,resident,新,1788394053000,09-03 08:07:33,0.0163215,0.01795365,0.0163215,0.01468935,0
AKEUSDT,resident,新,1788394124000,09-03 08:08:44,0.0161565,0.01777215,0.0161565,0.01454085,0
AKEUSDT,resident,新,1788394191000,09-03 08:09:51,0.0159875,0.01758625,0.0159875,0.01438875,0
AKEUSDT,resident,新,1788394208000,09-03 08:10:08,0.0158015,0.01738165,0.0158015,0.01422135,0
AKEUSDT,resident,新,1788394219000,09-03 08:10:19,0.015623,0.0171853,0.015623,0.0140607,0
AKEUSDT,resident,新,1788394233000,09-03 08:10:33,0.015793,0.0173723,0.015793,0.0142137,0
AKEUSDT,resident,新,1788394281000,09-03 08:11:21,0.0159775,0.01757525,0.0159775,0.01437975,0
AKEUSDT,resident,新,1788394312000,09-03 08:11:52,0.015813,0.0173943,0.015813,0.0142317,0
AKEUSDT,resident,新,1788394321000,09-03 08:12:01,0.0156395,0.01720345,0.0156395,0.01407555,0
AKEUSDT,resident,新,1788394350000,09-03 08:12:30,0.0154785,0.01702635,0.0154785,0.01393065,0
AKEUSDT,resident,新,1788394375000,09-03 08:12:55,0.0153155,0.01684705,0.0153155,0.01378395,0
AKEUSDT,resident,新,1788394394000,09-03 08:13:14,0.01548,0.017028,0.01548,0.013932,0
AKEUSDT,resident,新,1788394421000,09-03 08:13:41,0.01564,0.017204,0.01564,0.014076,0
AKEUSDT,resident,新,1788394441000,09-03 08:14:01,0.01546,0.017006,0.01546,0.013914,0
AKEUSDT,resident,新,1788394465000,09-03 08:14:25,0.0152945,0.01682395,0.0152945,0.01376505,0
AKEUSDT,resident,新,1788394484000,09-03 08:14:44,0.0155055,0.01705605,0.0155055,0.01395495,0
AKEUSDT,resident,新,1788394500000,09-03 08:15:00,0.015333,0.0168663,0.015333,0.0137997,0
AKEUSDT,resident,新,1788394525000,09-03 08:15:25,0.0151535,0.01666885,0.0151535,0.01363815,0
AKEUSDT,resident,新,1788394528000,09-03 08:15:28,0.0149835,0.01648185,0.0149835,0.01348515,0
AKEUSDT,resident,新,1788394535000,09-03 08:15:35,0.01514,0.016654,0.01514,0.013626,0
AKEUSDT,resident,新,1788394540000,09-03 08:15:40,0.015316,0.0168476,0.015316,0.0137844,0
AKEUSDT,resident,新,1788394567000,09-03 08:16:07,0.015472,0.0170192,0.015472,0.0139248,0
AKEUSDT,resident,新,1788394593000,09-03 08:16:33,0.0156345,0.01719795,0.0156345,0.01407105,0
AKEUSDT,resident,新,1788394612000,09-03 08:16:52,0.0158325,0.01741575,0.0158325,0.01424925,0
AKEUSDT,resident,新,1788394633000,09-03 08:17:13,0.0160295,0.01763245,0.0160295,0.01442655,0
AKEUSDT,resident,新,1788394640000,09-03 08:17:20,0.0158645,0.01745095,0.0158645,0.01427805,0
AKEUSDT,resident,新,1788394674000,09-03 08:17:54,0.016053,0.0176583,0.016053,0.0144477,0
AKEUSDT,resident,新,1788394699000,09-03 08:18:19,0.016228,0.0178508,0.016228,0.0146052,0
AKEUSDT,resident,新,1788394750000,09-03 08:19:10,0.0160645,0.01767095,0.0160645,0.01445805,0
AKEUSDT,resident,新,1788394808000,09-03 08:20:08,0.0162285,0.01785135,0.0162285,0.01460565,0
AKEUSDT,resident,新,1788394901000,09-03 08:21:41,0.0160475,0.01765225,0.0160475,0.01444275,0
AKEUSDT,resident,新,1788394963000,09-03 08:22:43,0.01583,0.017413,0.01583,0.014247,0
AKEUSDT,resident,新,1788395029000,09-03 08:23:49,0.0160135,0.01761485,0.0160135,0.01441215,0
AKEUSDT,resident,新,1788395120000,09-03 08:25:20,0.0158425,0.01742675,0.0158425,0.01425825,0
AKEUSDT,resident,新,1788395403000,09-03 08:30:03,0.0156785,0.01724635,0.0156785,0.01411065,0
AKEUSDT,resident,新,1788395426000,09-03 08:30:26,0.0154735,0.01702085,0.0154735,0.01392615,0
AKEUSDT,resident,新,1788395560000,09-03 08:32:40,0.0153145,0.01684595,0.0153145,0.01378305,0
AKEUSDT,resident,新,1788395590000,09-03 08:33:10,0.0151535,0.01666885,0.0151535,0.01363815,0
AKEUSDT,resident,新,1788395604000,09-03 08:33:24,0.014927,0.0164197,0.014927,0.0134343,0
AKEUSDT,resident,新,1788395605000,09-03 08:33:25,0.0151215,0.01663365,0.0151215,0.01360935,0
AKEUSDT,resident,新,1788395641000,09-03 08:34:01,0.0148535,0.01633885,0.0148535,0.01336815,0
AKEUSDT,resident,新,1788395649000,09-03 08:34:09,0.014691,0.0161601,0.014691,0.0132219,0
AKEUSDT,resident,新,1788395662000,09-03 08:34:22,0.014849,0.0163339,0.014849,0.0133641,0
AKEUSDT,resident,新,1788395701000,09-03 08:35:01,0.0146135,0.01607485,0.0146135,0.01315215,0
AKEUSDT,resident,新,1788395729000,09-03 08:35:29,0.014805,0.0162855,0.014805,0.0133245,0
AKEUSDT,resident,新,1788395745000,09-03 08:35:45,0.014967,0.0164637,0.014967,0.0134703,0
AKEUSDT,resident,新,1788395754000,09-03 08:35:54,0.0151215,0.01663365,0.0151215,0.01360935,0
AKEUSDT,resident,新,1788395810000,09-03 08:36:50,0.014964,0.0164604,0.014964,0.0134676,0
AKEUSDT,resident,新,1788395821000,09-03 08:37:01,0.014798,0.0162778,0.014798,0.0133182,0
AKEUSDT,resident,新,1788395826000,09-03 08:37:06,0.0150465,0.01655115,0.0150465,0.01354185,0
AKEUSDT,resident,新,1788395948000,09-03 08:39:08,0.014883,0.0163713,0.014883,0.0133947,0
AKEUSDT,resident,新,1788396023000,09-03 08:40:23,0.0150355,0.01653905,0.0150355,0.01353195,0
AKEUSDT,resident,新,1788396046000,09-03 08:40:46,0.015381,0.0169191,0.015381,0.0138429,0
AKEUSDT,resident,新,1788396062000,09-03 08:41:02,0.01522,0.016742,0.01522,0.013698,0
AKEUSDT,resident,新,1788396119000,09-03 08:41:59,0.0150625,0.01656875,0.0150625,0.01355625,0
AKEUSDT,resident,新,1788396139000,09-03 08:42:19,0.015232,0.0167552,0.015232,0.0137088,0
AKEUSDT,resident,新,1788396201000,09-03 08:43:21,0.015076,0.0165836,0.015076,0.0135684,0
AKEUSDT,resident,新,1788396241000,09-03 08:44:01,0.0152395,0.01676345,0.0152395,0.01371555,0
AKEUSDT,resident,新,1788396466000,09-03 08:47:46,0.015082,0.0165902,0.015082,0.0135738,0
AKEUSDT,resident,新,1788396673000,09-03 08:51:13,0.0152365,0.01676015,0.0152365,0.01371285,0
AKEUSDT,resident,新,1788396686000,09-03 08:51:26,0.015442,0.0169862,0.015442,0.0138978,0
AKEUSDT,resident,新,1788396688000,09-03 08:51:28,0.0156005,0.01716055,0.0156005,0.01404045,0
AKEUSDT,resident,新,1788396695000,09-03 08:51:35,0.015816,0.0173976,0.015816,0.0142344,0
AKEUSDT,resident,新,1788396771000,09-03 08:52:51,0.0156455,0.01721005,0.0156455,0.01408095,0
AKEUSDT,resident,新,1788396795000,09-03 08:53:15,0.0158115,0.01739265,0.0158115,0.01423035,0
AKEUSDT,resident,新,1788396835000,09-03 08:53:55,0.0156355,0.01719905,0.0156355,0.01407195,0
AKEUSDT,resident,新,1788396881000,09-03 08:54:41,0.0158045,0.01738495,0.0158045,0.01422405,0
AKEUSDT,resident,新,1788396932000,09-03 08:55:32,0.0160275,0.01763025,0.0160275,0.01442475,0
AKEUSDT,resident,新,1788397121000,09-03 08:58:41,0.015856,0.0174416,0.015856,0.0142704,0
AKEUSDT,resident,新,1788397194000,09-03 08:59:54,0.0156935,0.01726285,0.0156935,0.01412415,0
AKEUSDT,resident,新,1788397209000,09-03 09:00:09,0.015528,0.0170808,0.015528,0.0139752,0
AKEUSDT,resident,新,1788397322000,09-03 09:02:02,0.0156945,0.01726395,0.0156945,0.01412505,0
AKEUSDT,resident,新,1788397440000,09-03 09:04:00,0.0158615,0.01744765,0.0158615,0.01427535,0
AKEUSDT,resident,新,1788397508000,09-03 09:05:08,0.015681,0.0172491,0.015681,0.0141129,0
AKEUSDT,resident,新,1788397617000,09-03 09:06:57,0.015523,0.0170753,0.015523,0.0139707,0
AKEUSDT,resident,新,1788397651000,09-03 09:07:31,0.015335,0.0168685,0.015335,0.0138015,0
AKEUSDT,resident,新,1788397731000,09-03 09:08:51,0.0155125,0.01706375,0.0155125,0.01396125,0
AKEUSDT,resident,新,1788397765000,09-03 09:09:25,0.0156845,0.01725295,0.0156845,0.01411605,0
AKEUSDT,resident,新,1788397787000,09-03 09:09:47,0.0155235,0.01707585,0.0155235,0.01397115,0
AKEUSDT,resident,新,1788397993000,09-03 09:13:13,0.0153665,0.01690315,0.0153665,0.01382985,0
AKEUSDT,resident,新,1788398043000,09-03 09:14:03,0.015206,0.0167266,0.015206,0.0136854,0
AKEUSDT,resident,新,1788398103000,09-03 09:15:03,0.0150045,0.01650495,0.0150045,0.01350405,0
AKEUSDT,resident,新,1788398115000,09-03 09:15:15,0.01519,0.016709,0.01519,0.013671,0
AKEUSDT,resident,新,1788398268000,09-03 09:17:48,0.0153505,0.01688555,0.0153505,0.01381545,0
AKEUSDT,resident,新,1788398503000,09-03 09:21:43,0.01551,0.017061,0.01551,0.013959,0
AKEUSDT,resident,新,1788398589000,09-03 09:23:09,0.0156915,0.01726065,0.0156915,0.01412235,0
AKEUSDT,resident,新,1788398717000,09-03 09:25:17,0.015526,0.0170786,0.015526,0.0139734,0
AKEUSDT,resident,新,1788399051000,09-03 09:30:51,0.0153415,0.01687565,0.0153415,0.01380735,0
AKEUSDT,resident,新,1788399387000,09-03 09:36:27,0.0154985,0.01704835,0.0154985,0.01394865,0
AKEUSDT,resident,新,1788399864000,09-03 09:44:24,0.015668,0.0172348,0.015668,0.0141012,0
AKEUSDT,resident,新,1788399922000,09-03 09:45:22,0.015843,0.0174273,0.015843,0.0142587,0
AKEUSDT,resident,新,1788400092000,09-03 09:48:12,0.016009,0.0176099,0.016009,0.0144081,0
AKEUSDT,resident,新,1788400127000,09-03 09:48:47,0.0162255,0.01784805,0.0162255,0.01460295,0
AKEUSDT,resident,新,1788400172000,09-03 09:49:32,0.015961,0.0175571,0.015961,0.0143649,0
AKEUSDT,resident,新,1788400260000,09-03 09:51:00,0.0157995,0.01737945,0.0157995,0.01421955,0
AKEUSDT,resident,新,1788400316000,09-03 09:51:56,0.015987,0.0175857,0.015987,0.0143883,0
AKEUSDT,resident,新,1788400382000,09-03 09:53:02,0.015818,0.0173998,0.015818,0.0142362,0
AKEUSDT,resident,新,1788400483000,09-03 09:54:43,0.0156125,0.01717375,0.0156125,0.01405125,0
AKEUSDT,resident,新,1788400504000,09-03 09:55:04,0.0154295,0.01697245,0.0154295,0.01388655,0
AKEUSDT,resident,新,1788400702000,09-03 09:58:22,0.015613,0.0171743,0.015613,0.0140517,0
AKEUSDT,resident,新,1788400864000,09-03 10:01:04,0.0154435,0.01698785,0.0154435,0.01389915,0
AKEUSDT,resident,新,1788400948000,09-03 10:02:28,0.0156005,0.01716055,0.0156005,0.01404045,0
AKEUSDT,resident,新,1788400983000,09-03 10:03:03,0.0157615,0.01733765,0.0157615,0.01418535,0
AKEUSDT,resident,新,1788400995000,09-03 10:03:15,0.0159495,0.01754445,0.0159495,0.01435455,0
AKEUSDT,resident,新,1788401086000,09-03 10:04:46,0.0161195,0.01773145,0.0161195,0.01450755,0
AKEUSDT,resident,新,1788401106000,09-03 10:05:06,0.015957,0.0175527,0.015957,0.0143613,0
AKEUSDT,resident,新,1788401218000,09-03 10:06:58,0.016122,0.0177342,0.016122,0.0145098,0
AKEUSDT,resident,新,1788401282000,09-03 10:08:02,0.015946,0.0175406,0.015946,0.0143514,0
AKEUSDT,resident,新,1788401406000,09-03 10:10:06,0.0157585,0.01733435,0.0157585,0.01418265,0
AKEUSDT,resident,新,1788401587000,09-03 10:13:07,0.0155985,0.01715835,0.0155985,0.01403865,0
AKEUSDT,resident,新,1788401625000,09-03 10:13:45,0.0154115,0.01695265,0.0154115,0.01387035,0
AKEUSDT,resident,新,1788401650000,09-03 10:14:10,0.0152425,0.01676675,0.0152425,0.01371825,0
AKEUSDT,resident,新,1788401680000,09-03 10:14:40,0.0150785,0.01658635,0.0150785,0.01357065,0
AKEUSDT,resident,新,1788401682000,09-03 10:14:42,0.014912,0.0164032,0.014912,0.0134208,0
AKEUSDT,resident,新,1788401691000,09-03 10:14:51,0.0151005,0.01661055,0.0151005,0.01359045,0
AKEUSDT,resident,新,1788401703000,09-03 10:15:03,0.014945,0.0164395,0.014945,0.0134505,0
AKEUSDT,resident,新,1788401705000,09-03 10:15:05,0.0146865,0.01615515,0.0146865,0.01321785,0
AKEUSDT,resident,新,1788401714000,09-03 10:15:14,0.0148475,0.01633225,0.0148475,0.01336275,0
AKEUSDT,resident,新,1788401728000,09-03 10:15:28,0.0150315,0.01653465,0.0150315,0.01352835,0
AKEUSDT,resident,新,1788401740000,09-03 10:15:40,0.0152455,0.01677005,0.0152455,0.01372095,0
AKEUSDT,resident,新,1788401796000,09-03 10:16:36,0.015081,0.0165891,0.015081,0.0135729,0
AKEUSDT,resident,新,1788401855000,09-03 10:17:35,0.0152345,0.01675795,0.0152345,0.01371105,0
AKEUSDT,resident,新,1788402006000,09-03 10:20:06,0.0150785,0.01658635,0.0150785,0.01357065,0
AKEUSDT,resident,新,1788402063000,09-03 10:21:03,0.015253,0.0167783,0.015253,0.0137277,0
AKEUSDT,resident,新,1788402105000,09-03 10:21:45,0.015094,0.0166034,0.015094,0.0135846,0
AKEUSDT,resident,新,1788402137000,09-03 10:22:17,0.0152515,0.01677665,0.0152515,0.01372635,0
AKEUSDT,resident,新,1788402391000,09-03 10:26:31,0.015005,0.0165055,0.015005,0.0135045,0
AKEUSDT,resident,新,1788402426000,09-03 10:27:06,0.014834,0.0163174,0.014834,0.0133506,0
AKEUSDT,resident,新,1788402491000,09-03 10:28:11,0.014477,0.0159247,0.014477,0.0130293,0
AKEUSDT,resident,新,1788402493000,09-03 10:28:13,0.014317,0.0157487,0.014317,0.0128853,0
AKEUSDT,resident,新,1788402496000,09-03 10:28:16,0.014495,0.0159445,0.014495,0.0130455,0
AKEUSDT,resident,新,1788402509000,09-03 10:28:29,0.014349,0.0157839,0.014349,0.0129141,0
AKEUSDT,resident,新,1788402537000,09-03 10:28:57,0.0145,0.01595,0.0145,0.01305,0
AKEUSDT,resident,新,1788402541000,09-03 10:29:01,0.014331,0.0157641,0.014331,0.0128979,0
AKEUSDT,resident,新,1788402543000,09-03 10:29:03,0.014182,0.0156002,0.014182,0.0127638,0
AKEUSDT,resident,新,1788402560000,09-03 10:29:20,0.014393,0.0158323,0.014393,0.0129537,0
AKEUSDT,resident,新,1788402564000,09-03 10:29:24,0.014624,0.0160864,0.014624,0.0131616,0
AKEUSDT,resident,新,1788402579000,09-03 10:29:39,0.014774,0.0162514,0.014774,0.0132966,0
AKEUSDT,resident,新,1788402673000,09-03 10:31:13,0.0146225,0.01608475,0.0146225,0.01316025,0
AKEUSDT,resident,新,1788402726000,09-03 10:32:06,0.014408,0.0158488,0.014408,0.0129672,0
AKEUSDT,resident,新,1788402767000,09-03 10:32:47,0.014188,0.0156068,0.014188,0.0127692,0
AKEUSDT,resident,新,1788402795000,09-03 10:33:15,0.0140215,0.01542365,0.0140215,0.01261935,0
AKEUSDT,resident,新,1788402826000,09-03 10:33:46,0.013851,0.0152361,0.013851,0.0124659,0
AKEUSDT,resident,新,1788402853000,09-03 10:34:13,0.014081,0.0154891,0.014081,0.0126729,0
AKEUSDT,resident,新,1788402861000,09-03 10:34:21,0.014224,0.0156464,0.014224,0.0128016,0
AKEUSDT,resident,新,1788402864000,09-03 10:34:24,0.0143805,0.01581855,0.0143805,0.01294245,0
AKEUSDT,resident,新,1788402957000,09-03 10:35:57,0.0141565,0.01557215,0.0141565,0.01274085,0
AKEUSDT,resident,新,1788402963000,09-03 10:36:03,0.0143025,0.01573275,0.0143025,0.01287225,0
AKEUSDT,resident,新,1788403014000,09-03 10:36:54,0.0141425,0.01555675,0.0141425,0.01272825,0
AKEUSDT,resident,新,1788403022000,09-03 10:37:02,0.013979,0.0153769,0.013979,0.0125811,0
AKEUSDT,resident,新,1788403122000,09-03 10:38:42,0.0142175,0.01563925,0.0142175,0.01279575,0
AKEUSDT,resident,新,1788403144000,09-03 10:39:04,0.0140645,0.01547095,0.0140645,0.01265805,0
AKEUSDT,resident,新,1788403159000,09-03 10:39:19,0.0139235,0.01531585,0.0139235,0.01253115,0
AKEUSDT,resident,新,1788403176000,09-03 10:39:36,0.014071,0.0154781,0.014071,0.0126639,0
AKEUSDT,resident,新,1788403220000,09-03 10:40:20,0.013905,0.0152955,0.013905,0.0125145,0
AKEUSDT,resident,新,1788403277000,09-03 10:41:17,0.01405515,0.015460665,0.01405515,0.012649635,0
AKEUSDT,resident,新,1788403279000,09-03 10:41:19,0.014253,0.0156783,0.014253,0.0128277,0
AKEUSDT,resident,新,1788403301000,09-03 10:41:41,0.0144675,0.01591425,0.0144675,0.01302075,0
AKEUSDT,resident,新,1788403312000,09-03 10:41:52,0.0146315,0.01609465,0.0146315,0.01316835,0
AKEUSDT,resident,新,1788403322000,09-03 10:42:02,0.0148675,0.01635425,0.0148675,0.01338075,0
AKEUSDT,resident,新,1788403323000,09-03 10:42:03,0.015028,0.0165308,0.015028,0.0135252,0
AKEUSDT,resident,新,1788403329000,09-03 10:42:09,0.014841,0.0163251,0.014841,0.0133569,0
AKEUSDT,resident,新,1788403343000,09-03 10:42:23,0.0146915,0.01616065,0.0146915,0.01322235,0
AKEUSDT,resident,新,1788403353000,09-03 10:42:33,0.0144735,0.01592085,0.0144735,0.01302615,0
AKEUSDT,resident,新,1788403394000,09-03 10:43:14,0.0146235,0.01608585,0.0146235,0.01316115,0
AKEUSDT,resident,新,1788403411000,09-03 10:43:31,0.014475,0.0159225,0.014475,0.0130275,0
AKEUSDT,resident,新,1788403439000,09-03 10:43:59,0.014329,0.0157619,0.014329,0.0128961,0
AKEUSDT,resident,新,1788403583000,09-03 10:46:23,0.014176,0.0155936,0.014176,0.0127584,0
AKEUSDT,resident,新,1788403695000,09-03 10:48:15,0.0143385,0.01577235,0.0143385,0.01290465,0
AKEUSDT,resident,新,1788403707000,09-03 10:48:27,0.0141885,0.01560735,0.0141885,0.01276965,0
AKEUSDT,resident,新,1788403737000,09-03 10:48:57,0.013993,0.0153923,0.013993,0.0125937,0
AKEUSDT,resident,新,1788403772000,09-03 10:49:32,0.0141365,0.01555015,0.0141365,0.01272285,0
AKEUSDT,resident,新,1788403819000,09-03 10:50:19,0.0142785,0.01570635,0.0142785,0.01285065,0
AKEUSDT,resident,新,1788403822000,09-03 10:50:22,0.0140955,0.01550505,0.0140955,0.01268595,0
AKEUSDT,resident,新,1788403849000,09-03 10:50:49,0.01395,0.015345,0.01395,0.012555,0
AKEUSDT,resident,新,1788403898000,09-03 10:51:38,0.014103,0.0155133,0.014103,0.0126927,0
AKEUSDT,resident,新,1788403927000,09-03 10:52:07,0.0142535,0.01567885,0.0142535,0.01282815,0
AKEUSDT,resident,新,1788404029000,09-03 10:53:49,0.01411,0.015521,0.01411,0.012699,0
AKEUSDT,resident,新,1788404191000,09-03 10:56:31,0.0142635,0.01568985,0.0142635,0.01283715,0
AKEUSDT,resident,新,1788404250000,09-03 10:57:30,0.014457,0.0159027,0.014457,0.0130113,0
AKEUSDT,resident,新,1788404263000,09-03 10:57:43,0.0143035,0.01573385,0.0143035,0.01287315,0
AKEUSDT,resident,新,1788404293000,09-03 10:58:13,0.0141485,0.01556335,0.0141485,0.01273365,0
AKEUSDT,resident,新,1788404422000,09-03 11:00:22,0.013998,0.0153978,0.013998,0.0125982,0
AKEUSDT,resident,新,1788404545000,09-03 11:02:25,0.014161,0.0155771,0.014161,0.0127449,0
AKEUSDT,resident,新,1788404874000,09-03 11:07:54,0.0143485,0.01578335,0.0143485,0.01291365,0
AKEUSDT,resident,新,1788405066000,09-03 11:11:06,0.014495,0.0159445,0.014495,0.0130455,0
AKEUSDT,resident,新,1788405098000,09-03 11:11:38,0.014653,0.0161183,0.014653,0.0131877,0
AKEUSDT,resident,新,1788405140000,09-03 11:12:20,0.014499,0.0159489,0.014499,0.0130491,0
AKEUSDT,resident,新,1788405320000,09-03 11:15:20,0.0143425,0.01577675,0.0143425,0.01290825,0
AKEUSDT,resident,新,1788405885000,09-03 11:24:45,0.0144885,0.01593735,0.0144885,0.01303965,0
AKEUSDT,resident,新,1788405957000,09-03 11:25:57,0.0143285,0.01576135,0.0143285,0.01289565,0
AKEUSDT,resident,新,1788406119000,09-03 11:28:39,0.0141475,0.01556225,0.0141475,0.01273275,0
AKEUSDT,resident,新,1788406160000,09-03 11:29:20,0.013992,0.0153912,0.013992,0.0125928,0
AKEUSDT,resident,新,1788406255000,09-03 11:30:55,0.013787,0.0151657,0.013787,0.0124083,0
AKEUSDT,resident,新,1788406276000,09-03 11:31:16,0.0136265,0.01498915,0.0136265,0.01226385,0
AKEUSDT,resident,新,1788406353000,09-03 11:32:33,0.013865,0.0152515,0.013865,0.0124785,0
AKEUSDT,resident,新,1788406391000,09-03 11:33:11,0.013722,0.0150942,0.013722,0.0123498,0
AKEUSDT,resident,新,1788406460000,09-03 11:34:20,0.0138675,0.01525425,0.0138675,0.01248075,0
AKEUSDT,resident,新,1788406872000,09-03 11:41:12,0.014009,0.0154099,0.014009,0.0126081,0
AKEUSDT,resident,新,1788407403000,09-03 11:50:03,0.013864,0.0152504,0.013864,0.0124776,0
AKEUSDT,resident,新,1788407504000,09-03 11:51:44,0.0137245,0.01509695,0.0137245,0.01235205,0
AKEUSDT,resident,新,1788408007000,09-03 12:00:07,0.0139165,0.01530815,0.0139165,0.01252485,0
AKEUSDT,resident,新,1788408124000,09-03 12:02:04,0.014062,0.0154682,0.014062,0.0126558,0
AKEUSDT,resident,新,1788408161000,09-03 12:02:41,0.014214,0.0156354,0.014214,0.0127926,0
AKEUSDT,resident,新,1788408211000,09-03 12:03:31,0.014066,0.0154726,0.014066,0.0126594,0
AKEUSDT,resident,新,1788408331000,09-03 12:05:31,0.013913,0.0153043,0.013913,0.0125217,0
AKEUSDT,resident,新,1788408481000,09-03 12:08:01,0.01376,0.015136,0.01376,0.012384,0
AKEUSDT,resident,新,1788408494000,09-03 12:08:14,0.013594,0.0149534,0.013594,0.0122346,0
AKEUSDT,resident,新,1788408554000,09-03 12:09:14,0.0137335,0.01510685,0.0137335,0.01236015,0
AKEUSDT,resident,新,1788408669000,09-03 12:11:09,0.013594,0.0149534,0.013594,0.0122346,0
AKEUSDT,resident,新,1788408756000,09-03 12:12:36,0.0133875,0.01472625,0.0133875,0.01204875,0
AKEUSDT,resident,新,1788408901000,09-03 12:15:01,0.013542,0.0148962,0.013542,0.0121878,0
AKEUSDT,resident,新,1788409001000,09-03 12:16:41,0.0133765,0.01471415,0.0133765,0.01203885,0
AKEUSDT,resident,新,1788409135000,09-03 12:18:55,0.013513,0.0148643,0.013513,0.0121617,0
AKEUSDT,resident,新,1788409222000,09-03 12:20:22,0.01366,0.015026,0.01366,0.012294,0
AKEUSDT,resident,新,1788409271000,09-03 12:21:11,0.0135145,0.01486595,0.0135145,0.01216305,0
AKEUSDT,resident,新,1788409363000,09-03 12:22:43,0.013369,0.0147059,0.013369,0.0120321,0
AKEUSDT,resident,新,1788409707000,09-03 12:28:27,0.0131815,0.01449965,0.0131815,0.01186335,0
AKEUSDT,resident,新,1788409829000,09-03 12:30:29,0.0133145,0.01464595,0.0133145,0.01198305,0
AKEUSDT,resident,新,1788409929000,09-03 12:32:09,0.013161,0.0144771,0.013161,0.0118449,0
AKEUSDT,resident,新,1788410022000,09-03 12:33:42,0.0132985,0.01462835,0.0132985,0.01196865,0
AKEUSDT,resident,新,1788410139000,09-03 12:35:39,0.013164,0.0144804,0.013164,0.0118476,0
AKEUSDT,resident,新,1788410704000,09-03 12:45:04,0.0130085,0.01430935,0.0130085,0.01170765,0
AKEUSDT,resident,新,1788410727000,09-03 12:45:27,0.0131925,0.01451175,0.0131925,0.01187325,0
AKEUSDT,resident,新,1788410883000,09-03 12:48:03,0.013332,0.0146652,0.013332,0.0119988,0
AKEUSDT,resident,新,1788410913000,09-03 12:48:33,0.013198,0.0145178,0.013198,0.0118782,0
AKEUSDT,resident,新,1788411041000,09-03 12:50:41,0.013062,0.0143682,0.013062,0.0117558,0
AKEUSDT,resident,新,1788411053000,09-03 12:50:53,0.0129035,0.01419385,0.0129035,0.01161315,0
AKEUSDT,resident,新,1788411271000,09-03 12:54:31,0.0127735,0.01405085,0.0127735,0.01149615,0
AKEUSDT,resident,新,1788411316000,09-03 12:55:16,0.0129125,0.01420375,0.0129125,0.01162125,0
AKEUSDT,resident,新,1788411496000,09-03 12:58:16,0.012781,0.0140591,0.012781,0.0115029,0
AKEUSDT,resident,新,1788411676000,09-03 13:01:16,0.0129105,0.01420155,0.0129105,0.01161945,0
AKEUSDT,resident,新,1788411805000,09-03 13:03:25,0.013064,0.0143704,0.013064,0.0117576,0
AKEUSDT,resident,新,1788411874000,09-03 13:04:34,0.0132055,0.01452605,0.0132055,0.01188495,0
AKEUSDT,resident,新,1788411897000,09-03 13:04:57,0.013068,0.0143748,0.013068,0.0117612,0
AKEUSDT,resident,新,1788411930000,09-03 13:05:30,0.0129355,0.01422905,0.0129355,0.01164195,0
AKEUSDT,resident,新,1788411966000,09-03 13:06:06,0.012788,0.0140668,0.012788,0.0115092,0
AKEUSDT,resident,新,1788412066000,09-03 13:07:46,0.0129165,0.01420815,0.0129165,0.01162485,0
AKEUSDT,resident,新,1788412247000,09-03 13:10:47,0.013046,0.0143506,0.013046,0.0117414,0
AKEUSDT,resident,新,1788412301000,09-03 13:11:41,0.0129045,0.01419495,0.0129045,0.01161405,0
AKEUSDT,resident,新,1788412430000,09-03 13:13:50,0.013034,0.0143374,0.013034,0.0117306,0
AKEUSDT,resident,新,1788412512000,09-03 13:15:12,0.01317,0.014487,0.01317,0.011853,0
AKEUSDT,resident,新,1788412562000,09-03 13:16:02,0.0133195,0.01465145,0.0133195,0.01198755,0
AKEUSDT,resident,新,1788412575000,09-03 13:16:15,0.013176,0.0144936,0.013176,0.0118584,0
AKEUSDT,resident,新,1788412626000,09-03 13:17:06,0.013038,0.0143418,0.013038,0.0117342,0
AKEUSDT,resident,新,1788412675000,09-03 13:17:55,0.0129,0.01419,0.0129,0.01161,0
AKEUSDT,resident,新,1788412995000,09-03 13:23:15,0.013043,0.0143473,0.013043,0.0117387,0
AKEUSDT,resident,新,1788413062000,09-03 13:24:22,0.0129,0.01419,0.0129,0.01161,0
AKEUSDT,resident,新,1788413231000,09-03 13:27:11,0.01275,0.014025,0.01275,0.011475,0
AKEUSDT,resident,新,1788413245000,09-03 13:27:25,0.0126075,0.01386825,0.0126075,0.01134675,0
AKEUSDT,resident,新,1788413369000,09-03 13:29:29,0.0127385,0.01401235,0.0127385,0.01146465,0
AKEUSDT,resident,新,1788413518000,09-03 13:31:58,0.01287,0.014157,0.01287,0.011583,0
AKEUSDT,resident,新,1788413542000,09-03 13:32:22,0.013024,0.0143264,0.013024,0.0117216,0
AKEUSDT,resident,新,1788413587000,09-03 13:33:07,0.0128875,0.01417625,0.0128875,0.01159875,0
AKEUSDT,resident,新,1788413903000,09-03 13:38:23,0.0130205,0.01432255,0.0130205,0.01171845,0
AKEUSDT,resident,新,1788414002000,09-03 13:40:02,0.0128805,0.01416855,0.0128805,0.01159245,0
AKEUSDT,resident,新,1788414207000,09-03 13:43:27,0.0127475,0.01402225,0.0127475,0.01147275,0
AKEUSDT,resident,新,1788414310000,09-03 13:45:10,0.0128785,0.01416635,0.0128785,0.01159065,0
AKEUSDT,resident,新,1788414329000,09-03 13:45:29,0.013014,0.0143154,0.013014,0.0117126,0
AKEUSDT,resident,新,1788414533000,09-03 13:48:53,0.012882,0.0141702,0.012882,0.0115938,0
AKEUSDT,resident,新,1788414574000,09-03 13:49:34,0.0130215,0.01432365,0.0130215,0.01171935,0
AKEUSDT,resident,新,1788414599000,09-03 13:49:59,0.013156,0.0144716,0.013156,0.0118404,0
AKEUSDT,resident,新,1788414661000,09-03 13:51:01,0.01298,0.014278,0.01298,0.011682,0
AKEUSDT,resident,新,1788414845000,09-03 13:54:05,0.012846,0.0141306,0.012846,0.0115614,0
AKEUSDT,resident,新,1788414955000,09-03 13:55:55,0.01298,0.014278,0.01298,0.011682,0
AKEUSDT,resident,新,1788415260000,09-03 14:01:00,0.0131195,0.01443145,0.0131195,0.01180755,0
AKEUSDT,resident,新,1788415279000,09-03 14:01:19,0.012975,0.0142725,0.012975,0.0116775,0
AKEUSDT,resident,新,1788415828000,09-03 14:10:28,0.01310585,0.014416435,0.01310585,0.011795265,0
AKEUSDT,resident,新,1788415904000,09-03 14:11:44,0.013252,0.0145772,0.013252,0.0119268,0
AKEUSDT,resident,新,1788415976000,09-03 14:12:56,0.0134195,0.01476145,0.0134195,0.01207755,0
AKEUSDT,resident,新,1788415978000,09-03 14:12:58,0.013661,0.0150271,0.013661,0.0122949,0
AKEUSDT,resident,新,1788415996000,09-03 14:13:16,0.0135235,0.01487585,0.0135235,0.01217115,0
AKEUSDT,resident,新,1788416022000,09-03 14:13:42,0.0133735,0.01471085,0.0133735,0.01203615,0
AKEUSDT,resident,新,1788416059000,09-03 14:14:19,0.013229,0.0145519,0.013229,0.0119061,0
AKEUSDT,resident,新,1788416342000,09-03 14:19:02,0.013044,0.0143484,0.013044,0.0117396,0
AKEUSDT,resident,新,1788416414000,09-03 14:20:14,0.0129125,0.01420375,0.0129125,0.01162125,0
AKEUSDT,resident,新,1788416470000,09-03 14:21:10,0.012777,0.0140547,0.012777,0.0114993,0
AKEUSDT,resident,新,1788416607000,09-03 14:23:27,0.012905,0.0141955,0.012905,0.0116145,0
AKEUSDT,resident,新,1788416689000,09-03 14:24:49,0.013037,0.0143407,0.013037,0.0117333,0
AKEUSDT,resident,新,1788416708000,09-03 14:25:08,0.0131685,0.01448535,0.0131685,0.01185165,0
AKEUSDT,resident,新,1788416826000,09-03 14:27:06,0.0133075,0.01463825,0.0133075,0.01197675,0
AKEUSDT,resident,新,1788416908000,09-03 14:28:28,0.0131725,0.01448975,0.0131725,0.01185525,0
AKEUSDT,resident,新,1788416942000,09-03 14:29:02,0.0130385,0.01434235,0.0130385,0.01173465,0
AKEUSDT,resident,新,1788417007000,09-03 14:30:07,0.0131715,0.01448865,0.0131715,0.01185435,0
AKEUSDT,resident,新,1788417164000,09-03 14:32:44,0.013316,0.0146476,0.013316,0.0119844,0
AKEUSDT,resident,新,1788417285000,09-03 14:34:45,0.013177,0.0144947,0.013177,0.0118593,0
AKEUSDT,resident,新,1788417340000,09-03 14:35:40,0.0130385,0.01434235,0.0130385,0.01173465,0
AKEUSDT,resident,新,1788417721000,09-03 14:42:01,0.0131775,0.01449525,0.0131775,0.01185975,0
AKEUSDT,resident,新,1788417767000,09-03 14:42:47,0.0133235,0.01465585,0.0133235,0.01199115,0
AKEUSDT,resident,新,1788417946000,09-03 14:45:46,0.013186,0.0145046,0.013186,0.0118674,0
AKEUSDT,resident,新,1788417983000,09-03 14:46:23,0.013368,0.0147048,0.013368,0.0120312,0
AKEUSDT,resident,新,1788418118000,09-03 14:48:38,0.0132305,0.01455355,0.0132305,0.01190745,0
AKEUSDT,resident,新,1788418307000,09-03 14:51:47,0.0133715,0.01470865,0.0133715,0.01203435,0
AKEUSDT,resident,新,1788418464000,09-03 14:54:24,0.0132365,0.01456015,0.0132365,0.01191285,0
AKEUSDT,resident,新,1788418699000,09-03 14:58:19,0.0130885,0.01439735,0.0130885,0.01177965,0
AKEUSDT,resident,新,1788418799000,09-03 14:59:59,0.0132215,0.01454365,0.0132215,0.01189935,0
AKEUSDT,resident,新,1788418862000,09-03 15:01:02,0.0130805,0.01438855,0.0130805,0.01177245,0
AKEUSDT,resident,新,1788418984000,09-03 15:03:04,0.012948,0.0142428,0.012948,0.0116532,0
AKEUSDT,resident,新,1788418994000,09-03 15:03:14,0.012814,0.0140954,0.012814,0.0115326,0
AKEUSDT,resident,新,1788419096000,09-03 15:04:56,0.012945,0.0142395,0.012945,0.0116505,0
AKEUSDT,resident,新,1788419808000,09-03 15:16:48,0.012815,0.0140965,0.012815,0.0115335,0
AKEUSDT,resident,新,1788419888000,09-03 15:18:08,0.012944,0.0142384,0.012944,0.0116496,0
AKEUSDT,resident,新,1788420740000,09-03 15:32:20,0.0128145,0.01409595,0.0128145,0.01153305,0
AKEUSDT,resident,新,1788421051000,09-03 15:37:31,0.01296,0.014256,0.01296,0.011664,0
AKEUSDT,resident,新,1788421549000,09-03 15:45:49,0.012828,0.0141108,0.012828,0.0115452,0
AKEUSDT,resident,新,1788421728000,09-03 15:48:48,0.0126465,0.01391115,0.0126465,0.01138185,0
AKEUSDT,resident,新,1788421742000,09-03 15:49:02,0.012788,0.0140668,0.012788,0.0115092,0
AKEUSDT,resident,新,1788422049000,09-03 15:54:09,0.0129235,0.01421585,0.0129235,0.01163115,0
AKEUSDT,resident,新,1788423508000,09-03 16:18:28,0.0131055,0.01441605,0.0131055,0.01179495,0
AKEUSDT,resident,新,1788423651000,09-03 16:20:51,0.012972,0.0142692,0.012972,0.0116748,0
AKEUSDT,resident,新,1788423845000,09-03 16:24:05,0.0131025,0.01441275,0.0131025,0.01179225,0
AKEUSDT,resident,新,1788423905000,09-03 16:25:05,0.013249,0.0145739,0.013249,0.0119241,0
AKEUSDT,resident,新,1788423916000,09-03 16:25:16,0.0131145,0.01442595,0.0131145,0.01180305,0
AKEUSDT,resident,新,1788424911000,09-03 16:41:51,0.0129785,0.01427635,0.0129785,0.01168065,0
AKEUSDT,resident,新,1788425131000,09-03 16:45:31,0.013113,0.0144243,0.013113,0.0118017,0
AKEUSDT,resident,新,1788425383000,09-03 16:49:43,0.01325,0.014575,0.01325,0.011925,0
AKEUSDT,resident,新,1788425524000,09-03 16:52:04,0.0131165,0.01442815,0.0131165,0.01180485,0
AKEUSDT,resident,新,1788425821000,09-03 16:57:01,0.0132815,0.01460965,0.0132815,0.01195335,0
AKEUSDT,resident,新,1788425886000,09-03 16:58:06,0.013435,0.0147785,0.013435,0.0120915,0
AKEUSDT,resident,新,1788425899000,09-03 16:58:19,0.0132885,0.01461735,0.0132885,0.01195965,0
AKEUSDT,resident,新,1788426025000,09-03 17:00:25,0.01313,0.014443,0.01313,0.011817,0
AKEUSDT,resident,新,1788426243000,09-03 17:04:03,0.0129955,0.01429505,0.0129955,0.01169595,0
AKEUSDT,resident,新,1788426768000,09-03 17:12:48,0.012862,0.0141482,0.012862,0.0115758,0
AKEUSDT,resident,新,1788427992000,09-03 17:33:12,0.0129915,0.01429065,0.0129915,0.01169235,0
AKEUSDT,resident,新,1788429607000,09-03 18:00:07,0.012826,0.0141086,0.012826,0.0115434,0
AKEUSDT,resident,新,1788429917000,09-03 18:05:17,0.0126825,0.01395075,0.0126825,0.01141425,0
AKEUSDT,resident,新,1788429984000,09-03 18:06:24,0.012812,0.0140932,0.012812,0.0115308,0
AKEUSDT,resident,新,1788430504000,09-03 18:15:04,0.0129415,0.01423565,0.0129415,0.01164735,0
AKEUSDT,resident,新,1788430895000,09-03 18:21:35,0.0130775,0.01438525,0.0130775,0.01176975,0
AKEUSDT,resident,新,1788431294000,09-03 18:28:14,0.0129465,0.01424115,0.0129465,0.01165185,0
AKEUSDT,resident,新,1788431602000,09-03 18:33:22,0.012815,0.0140965,0.012815,0.0115335,0
AKEUSDT,resident,新,1788432251000,09-03 18:44:11,0.0125735,0.01383085,0.0125735,0.01131615,0
AKEUSDT,resident,新,1788432267000,09-03 18:44:27,0.012436,0.0136796,0.012436,0.0111924,0
AKEUSDT,resident,新,1788432273000,09-03 18:44:33,0.0125695,0.01382645,0.0125695,0.01131255,0
AKEUSDT,resident,新,1788432313000,09-03 18:45:13,0.0127025,0.01397275,0.0127025,0.01143225,0
AKEUSDT,resident,新,1788432902000,09-03 18:55:02,0.0128445,0.01412895,0.0128445,0.01156005,0
AKEUSDT,resident,新,1788433697000,09-03 19:08:17,0.012996,0.0142956,0.012996,0.0116964,0
AKEUSDT,resident,新,1788433993000,09-03 19:13:13,0.0131275,0.01444025,0.0131275,0.01181475,0
AKEUSDT,resident,新,1788434563000,09-03 19:22:43,0.012959,0.0142549,0.012959,0.0116631,0
AKEUSDT,resident,新,1788435436000,09-03 19:37:16,0.0130915,0.01440065,0.0130915,0.01178235,0
AKEUSDT,resident,新,1788436149000,09-03 19:49:09,0.0129585,0.01425435,0.0129585,0.01166265,0
AKEUSDT,resident,新,1788436431000,09-03 19:53:51,0.0130995,0.01440945,0.0130995,0.01178955,0
AKEUSDT,resident,新,1788436570000,09-03 19:56:10,0.013256,0.0145816,0.013256,0.0119304,0
AKEUSDT,resident,新,1788436739000,09-03 19:58:59,0.013107,0.0144177,0.013107,0.0117963,0
AKEUSDT,resident,新,1788436828000,09-03 20:00:28,0.0132385,0.01456235,0.0132385,0.01191465,0
AKEUSDT,resident,新,1788437569000,09-03 20:12:49,0.0131035,0.01441385,0.0131035,0.01179315,0
AKEUSDT,resident,新,1788438074000,09-03 20:21:14,0.0132405,0.01456455,0.0132405,0.01191645,0
AKEUSDT,resident,新,1788438248000,09-03 20:24:08,0.013101,0.0144111,0.013101,0.0117909,0
AKEUSDT,resident,新,1788438604000,09-03 20:30:04,0.0132425,0.01456675,0.0132425,0.01191825,0
AKEUSDT,resident,新,1788438663000,09-03 20:31:03,0.01311,0.014421,0.01311,0.011799,0
AKEUSDT,resident,新,1788438825000,09-03 20:33:45,0.01297,0.014267,0.01297,0.011673,0
AKEUSDT,resident,新,1788439708000,09-03 20:48:28,0.013107,0.0144177,0.013107,0.0117963,0
AKEUSDT,resident,新,1788440688000,09-03 21:04:48,0.012975,0.0142725,0.012975,0.0116775,0
AKEUSDT,resident,新,1788440771000,09-03 21:06:11,0.0128395,0.01412345,0.0128395,0.01155555,0
AKEUSDT,resident,新,1788440872000,09-03 21:07:52,0.0129685,0.01426535,0.0129685,0.01167165,0
AKEUSDT,resident,新,1788441034000,09-03 21:10:34,0.0128345,0.01411795,0.0128345,0.01155105,0
AKEUSDT,resident,新,1788441336000,09-03 21:15:36,0.012964,0.0142604,0.012964,0.0116676,0
AKEUSDT,resident,新,1788443082000,09-03 21:44:42,0.013094,0.0144034,0.013094,0.0117846,0
AKEUSDT,resident,新,1788443656000,09-03 21:54:16,0.013233,0.0145563,0.013233,0.0119097,0
AKEUSDT,resident,新,1788443793000,09-03 21:56:33,0.0133795,0.01471745,0.0133795,0.01204155,0
AKEUSDT,resident,新,1788443953000,09-03 21:59:13,0.013244,0.0145684,0.013244,0.0119196,0
AKEUSDT,resident,新,1788444161000,09-03 22:02:41,0.013108,0.0144188,0.013108,0.0117972,0
AKEUSDT,resident,新,1788445588000,09-03 22:26:28,0.01324,0.014564,0.01324,0.011916,0
AKEUSDT,resident,新,1788445592000,09-03 22:26:32,0.0130975,0.01440725,0.0130975,0.01178775,0
AKEUSDT,resident,新,1788445831000,09-03 22:30:31,0.01323,0.014553,0.01323,0.011907,0
AKEUSDT,resident,新,1788446260000,09-03 22:37:40,0.0130965,0.01440615,0.0130965,0.01178685,0
AKEUSDT,resident,新,1788446492000,09-03 22:41:32,0.0129605,0.01425655,0.0129605,0.01166445,0
AKEUSDT,resident,新,1788447944000,09-03 23:05:44,0.0128305,0.01411355,0.0128305,0.01154745,0
AKEUSDT,resident,新,1788448103000,09-03 23:08:23,0.01296,0.014256,0.01296,0.011664,0
AKEUSDT,resident,新,1788449590000,09-03 23:33:10,0.0130945,0.01440395,0.0130945,0.01178505,0
AKEUSDT,resident,新,1788450200000,09-03 23:43:20,0.0132445,0.01456895,0.0132445,0.01192005,0
AKEUSDT,resident,新,1788451313000,09-04 00:01:53,0.0131045,0.01441495,0.0131045,0.01179405,0
AKEUSDT,resident,新,1788451810000,09-04 00:10:10,0.012971,0.0142681,0.012971,0.0116739,0
AKEUSDT,resident,新,1788452160000,09-04 00:16:00,0.012729,0.0140019,0.012729,0.0114561,0
AKEUSDT,resident,新,1788452186000,09-04 00:16:26,0.012869,0.0141559,0.012869,0.0115821,0
AKEUSDT,resident,新,1788452221000,09-04 00:17:01,0.0127395,0.01401345,0.0127395,0.01146555,0
AKEUSDT,resident,新,1788452299000,09-04 00:18:19,0.0128755,0.01416305,0.0128755,0.01158795,0
AKEUSDT,resident,新,1788453117000,09-04 00:31:57,0.013007,0.0143077,0.013007,0.0117063,0
AKEUSDT,resident,新,1788453819000,09-04 00:43:39,0.0131425,0.01445675,0.0131425,0.01182825,0
AKEUSDT,resident,新,1788453965000,09-04 00:46:05,0.0132905,0.01461955,0.0132905,0.01196145,0
AKEUSDT,resident,新,1788453987000,09-04 00:46:27,0.0134635,0.01480985,0.0134635,0.01211715,0
AKEUSDT,resident,新,1788454001000,09-04 00:46:41,0.013327,0.0146597,0.013327,0.0119943,0
AKEUSDT,resident,新,1788454082000,09-04 00:48:02,0.0134975,0.01484725,0.0134975,0.01214775,0
AKEUSDT,resident,新,1788454086000,09-04 00:48:06,0.013653,0.0150183,0.013653,0.0122877,0
AKEUSDT,resident,新,1788454157000,09-04 00:49:17,0.0135045,0.01485495,0.0135045,0.01215405,0
AKEUSDT,resident,新,1788454183000,09-04 00:49:43,0.013365,0.0147015,0.013365,0.0120285,0
AKEUSDT,resident,新,1788454253000,09-04 00:50:53,0.0135195,0.01487145,0.0135195,0.01216755,0
AKEUSDT,resident,新,1788454267000,09-04 00:51:07,0.01367,0.015037,0.01367,0.012303,0
AKEUSDT,resident,新,1788454355000,09-04 00:52:35,0.013835,0.0152185,0.013835,0.0124515,0
AKEUSDT,resident,新,1788454373000,09-04 00:52:53,0.0136835,0.01505185,0.0136835,0.01231515,0
AKEUSDT,resident,新,1788454388000,09-04 00:53:08,0.013845,0.0152295,0.013845,0.0124605,0
AKEUSDT,resident,新,1788454408000,09-04 00:53:28,0.014206,0.0156266,0.014206,0.0127854,0
AKEUSDT,resident,新,1788454409000,09-04 00:53:29,0.0143605,0.01579655,0.0143605,0.01292445,0
AKEUSDT,resident,新,1788454421000,09-04 00:53:41,0.0142165,0.01563815,0.0142165,0.01279485,0
AKEUSDT,resident,新,1788454438000,09-04 00:53:58,0.01439,0.015829,0.01439,0.012951,0
AKEUSDT,resident,新,1788454469000,09-04 00:54:29,0.014579,0.0160369,0.014579,0.0131211,0
AKEUSDT,resident,新,1788454488000,09-04 00:54:48,0.014393,0.0158323,0.014393,0.0129537,0
AKEUSDT,resident,新,1788454489000,09-04 00:54:49,0.0142335,0.01565685,0.0142335,0.01281015,0
AKEUSDT,resident,新,1788454526000,09-04 00:55:26,0.014087,0.0154957,0.014087,0.0126783,0
AKEUSDT,resident,新,1788454646000,09-04 00:57:26,0.013945,0.0153395,0.013945,0.0125505,0
AKEUSDT,resident,新,1788454653000,09-04 00:57:33,0.013708,0.0150788,0.013708,0.0123372,0
AKEUSDT,resident,新,1788454688000,09-04 00:58:08,0.0135455,0.01490005,0.0135455,0.01219095,0
AKEUSDT,resident,新,1788454723000,09-04 00:58:43,0.013404,0.0147444,0.013404,0.0120636,0
AKEUSDT,resident,新,1788454731000,09-04 00:58:51,0.0135465,0.01490115,0.0135465,0.01219185,0
AKEUSDT,resident,新,1788454895000,09-04 01:01:35,0.013682,0.0150502,0.013682,0.0123138,0
AKEUSDT,resident,新,1788454904000,09-04 01:01:44,0.0138225,0.01520475,0.0138225,0.01244025,0
AKEUSDT,resident,新,1788455329000,09-04 01:08:49,0.013995,0.0153945,0.013995,0.0125955,0
AKEUSDT,resident,新,1788455555000,09-04 01:12:35,0.013854,0.0152394,0.013854,0.0124686,0
AKEUSDT,resident,新,1788455611000,09-04 01:13:31,0.014003,0.0154033,0.014003,0.0126027,0
AKEUSDT,resident,新,1788455672000,09-04 01:14:32,0.0141465,0.01556115,0.0141465,0.01273185,0
AKEUSDT,resident,新,1788455721000,09-04 01:15:21,0.0140045,0.01540495,0.0140045,0.01260405,0
AKEUSDT,resident,新,1788455825000,09-04 01:17:05,0.0138485,0.01523335,0.0138485,0.01246365,0
AKEUSDT,resident,新,1788455842000,09-04 01:17:22,0.01371,0.015081,0.01371,0.012339,0
AKEUSDT,resident,新,1788455927000,09-04 01:18:47,0.013851,0.0152361,0.013851,0.0124659,0
AKEUSDT,resident,新,1788456061000,09-04 01:21:01,0.0140015,0.01540165,0.0140015,0.01260135,0
AKEUSDT,resident,新,1788456120000,09-04 01:22:00,0.0141575,0.01557325,0.0141575,0.01274175,0
AKEUSDT,resident,新,1788456234000,09-04 01:23:54,0.0143075,0.01573825,0.0143075,0.01287675,0
AKEUSDT,resident,新,1788456327000,09-04 01:25:27,0.014598,0.0160578,0.014598,0.0131382,0
AKEUSDT,resident,新,1788456371000,09-04 01:26:11,0.014438,0.0158818,0.014438,0.0129942,0
AKEUSDT,resident,新,1788456424000,09-04 01:27:04,0.014615,0.0160765,0.014615,0.0131535,0
AKEUSDT,resident,新,1788456456000,09-04 01:27:36,0.0147665,0.01624315,0.0147665,0.01328985,0
AKEUSDT,resident,新,1788456602000,09-04 01:30:02,0.0149535,0.01644885,0.0149535,0.01345815,0
AKEUSDT,resident,新,1788456635000,09-04 01:30:35,0.014794,0.0162734,0.014794,0.0133146,0
AKEUSDT,resident,新,1788456696000,09-04 01:31:36,0.0146445,0.01610895,0.0146445,0.01318005,0
AKEUSDT,resident,新,1788456881000,09-04 01:34:41,0.0147925,0.01627175,0.0147925,0.01331325,0
AKEUSDT,resident,新,1788457113000,09-04 01:38:33,0.0146305,0.01609355,0.0146305,0.01316745,0
AKEUSDT,resident,新,1788457157000,09-04 01:39:17,0.0147925,0.01627175,0.0147925,0.01331325,0
AKEUSDT,resident,新,1788457260000,09-04 01:41:00,0.014635,0.0160985,0.014635,0.0131715,0
AKEUSDT,resident,新,1788457445000,09-04 01:44:05,0.0147975,0.01627725,0.0147975,0.01331775,0
AKEUSDT,resident,新,1788457461000,09-04 01:44:21,0.015018,0.0165198,0.015018,0.0135162,0
AKEUSDT,resident,新,1788457533000,09-04 01:45:33,0.015181,0.0166991,0.015181,0.0136629,0
AKEUSDT,resident,新,1788457546000,09-04 01:45:46,0.015363,0.0168993,0.015363,0.0138267,0
AKEUSDT,resident,新,1788457580000,09-04 01:46:20,0.015525,0.0170775,0.015525,0.0139725,0
AKEUSDT,resident,新,1788457652000,09-04 01:47:32,0.0156895,0.01725845,0.0156895,0.01412055,0
AKEUSDT,resident,新,1788457683000,09-04 01:48:03,0.015521,0.0170731,0.015521,0.0139689,0
AKEUSDT,resident,新,1788457707000,09-04 01:48:27,0.015684,0.0172524,0.015684,0.0141156,0
AKEUSDT,resident,新,1788457757000,09-04 01:49:17,0.015852,0.0174372,0.015852,0.0142668,0
AKEUSDT,resident,新,1788457805000,09-04 01:50:05,0.0156325,0.01719575,0.0156325,0.01406925,0
AKEUSDT,resident,新,1788457814000,09-04 01:50:14,0.015807,0.0173877,0.015807,0.0142263,0
AKEUSDT,resident,新,1788457899000,09-04 01:51:39,0.015983,0.0175813,0.015983,0.0143847,0
AKEUSDT,resident,新,1788457906000,09-04 01:51:46,0.0161995,0.01781945,0.0161995,0.01457955,0
AKEUSDT,resident,新,1788457913000,09-04 01:51:53,0.016035,0.0176385,0.016035,0.0144315,0
AKEUSDT,resident,新,1788457932000,09-04 01:52:12,0.0162125,0.01783375,0.0162125,0.01459125,0
AKEUSDT,resident,新,1788457944000,09-04 01:52:24,0.0160455,0.01765005,0.0160455,0.01444095,0
AKEUSDT,resident,新,1788457979000,09-04 01:52:59,0.015878,0.0174658,0.015878,0.0142902,0
AKEUSDT,resident,新,1788458043000,09-04 01:54:03,0.016084,0.0176924,0.016084,0.0144756,0
AKEUSDT,resident,新,1788458071000,09-04 01:54:31,0.016246,0.0178706,0.016246,0.0146214,0
AKEUSDT,resident,新,1788458209000,09-04 01:56:49,0.0160595,0.01766545,0.0160595,0.01445355,0
AKEUSDT,resident,新,1788458270000,09-04 01:57:50,0.0158545,0.01743995,0.0158545,0.01426905,0
AKEUSDT,resident,新,1788458271000,09-04 01:57:51,0.0156835,0.01725185,0.0156835,0.01411515,0
AKEUSDT,resident,新,1788458274000,09-04 01:57:54,0.015395,0.0169345,0.015395,0.0138555,0
AKEUSDT,resident,新,1788458283000,09-04 01:58:03,0.015551,0.0171061,0.015551,0.0139959,0
AKEUSDT,resident,新,1788458290000,09-04 01:58:10,0.015383,0.0169213,0.015383,0.0138447,0
AKEUSDT,resident,新,1788458292000,09-04 01:58:12,0.015222,0.0167442,0.015222,0.0136998,0
AKEUSDT,resident,新,1788458295000,09-04 01:58:15,0.0149565,0.01645215,0.0149565,0.01346085,0
AKEUSDT,resident,新,1788458322000,09-04 01:58:42,0.0151215,0.01663365,0.0151215,0.01360935,0
AKEUSDT,resident,新,1788458333000,09-04 01:58:53,0.014963,0.0164593,0.014963,0.0134667,0
AKEUSDT,resident,新,1788458342000,09-04 01:59:02,0.015133,0.0166463,0.015133,0.0136197,0
AKEUSDT,resident,新,1788458345000,09-04 01:59:05,0.014898,0.0163878,0.014898,0.0134082,0
AKEUSDT,resident,新,1788458348000,09-04 01:59:08,0.0147185,0.01619035,0.0147185,0.01324665,0
AKEUSDT,resident,新,1788458349000,09-04 01:59:09,0.014552,0.0160072,0.014552,0.0130968,0
AKEUSDT,resident,新,1788458358000,09-04 01:59:18,0.0147185,0.01619035,0.0147185,0.01324665,0
AKEUSDT,resident,新,1788458369000,09-04 01:59:29,0.0148945,0.01638395,0.0148945,0.01340505,0
AKEUSDT,resident,新,1788458370000,09-04 01:59:30,0.0150655,0.01657205,0.0150655,0.01355895,0
AKEUSDT,resident,新,1788458382000,09-04 01:59:42,0.0152265,0.01674915,0.0152265,0.01370385,0
AKEUSDT,resident,新,1788458408000,09-04 02:00:08,0.015065,0.0165715,0.015065,0.0135585,0
AKEUSDT,resident,新,1788458425000,09-04 02:00:25,0.0152495,0.01677445,0.0152495,0.01372455,0
AKEUSDT,resident,新,1788458431000,09-04 02:00:31,0.015417,0.0169587,0.015417,0.0138753,0
AKEUSDT,resident,新,1788458460000,09-04 02:01:00,0.015575,0.0171325,0.015575,0.0140175,0
AKEUSDT,resident,新,1788458465000,09-04 02:01:05,0.015764,0.0173404,0.015764,0.0141876,0
AKEUSDT,resident,新,1788458480000,09-04 02:01:20,0.0155985,0.01715835,0.0155985,0.01403865,0
AKEUSDT,resident,新,1788458485000,09-04 02:01:25,0.015766,0.0173426,0.015766,0.0141894,0
AKEUSDT,resident,新,1788458521000,09-04 02:02:01,0.0159985,0.01759835,0.0159985,0.01439865,0
AKEUSDT,resident,新,1788458543000,09-04 02:02:23,0.015801,0.0173811,0.015801,0.0142209,0
AKEUSDT,resident,新,1788458557000,09-04 02:02:37,0.015962,0.0175582,0.015962,0.0143658,0
AKEUSDT,resident,新,1788458573000,09-04 02:02:53,0.01577,0.017347,0.01577,0.014193,0
AKEUSDT,resident,新,1788458586000,09-04 02:03:06,0.0156095,0.01717045,0.0156095,0.01404855,0
AKEUSDT,resident,新,1788458600000,09-04 02:03:20,0.0158065,0.01738715,0.0158065,0.01422585,0
AKEUSDT,resident,新,1788458673000,09-04 02:04:33,0.01564,0.017204,0.01564,0.014076,0
AKEUSDT,resident,新,1788458681000,09-04 02:04:41,0.015474,0.0170214,0.015474,0.0139266,0
AKEUSDT,resident,新,1788458694000,09-04 02:04:54,0.0156345,0.01719795,0.0156345,0.01407105,0
AKEUSDT,resident,新,1788458839000,09-04 02:07:19,0.015793,0.0173723,0.015793,0.0142137,0
AKEUSDT,resident,新,1788458903000,09-04 02:08:23,0.015626,0.0171886,0.015626,0.0140634,0
AKEUSDT,resident,新,1788458946000,09-04 02:09:06,0.015421,0.0169631,0.015421,0.0138789,0
AKEUSDT,resident,新,1788459002000,09-04 02:10:02,0.0155755,0.01713305,0.0155755,0.01401795,0
AKEUSDT,resident,新,1788459056000,09-04 02:10:56,0.0157345,0.01730795,0.0157345,0.01416105,0
AKEUSDT,resident,新,1788459150000,09-04 02:12:30,0.0155645,0.01712095,0.0155645,0.01400805,0
AKEUSDT,resident,新,1788459177000,09-04 02:12:57,0.0153935,0.01693285,0.0153935,0.01385415,0
AKEUSDT,resident,新,1788459224000,09-04 02:13:44,0.0155605,0.01711655,0.0155605,0.01400445,0
AKEUSDT,resident,新,1788459265000,09-04 02:14:25,0.015388,0.0169268,0.015388,0.0138492,0
AKEUSDT,resident,新,1788459280000,09-04 02:14:40,0.015543,0.0170973,0.015543,0.0139887,0
AKEUSDT,resident,新,1788459372000,09-04 02:16:12,0.0157525,0.01732775,0.0157525,0.01417725,0
AKEUSDT,resident,新,1788459382000,09-04 02:16:22,0.015924,0.0175164,0.015924,0.0143316,0
AKEUSDT,resident,新,1788459429000,09-04 02:17:09,0.0161385,0.01775235,0.0161385,0.01452465,0
AKEUSDT,resident,新,1788459440000,09-04 02:17:20,0.0163225,0.01795475,0.0163225,0.01469025,0
AKEUSDT,resident,新,1788459464000,09-04 02:17:44,0.016508,0.0181588,0.016508,0.0148572,0
AKEUSDT,resident,新,1788459514000,09-04 02:18:34,0.016676,0.0183436,0.016676,0.0150084,0
AKEUSDT,resident,新,1788459541000,09-04 02:19:01,0.016844,0.0185284,0.016844,0.0151596,0
AKEUSDT,resident,新,1788459555000,09-04 02:19:15,0.0170235,0.01872585,0.0170235,0.01532115,0
AKEUSDT,resident,新,1788459566000,09-04 02:19:26,0.016818,0.0184998,0.016818,0.0151362,0
AKEUSDT,resident,新,1788459575000,09-04 02:19:35,0.016625,0.0182875,0.016625,0.0149625,0
AKEUSDT,resident,新,1788459611000,09-04 02:20:11,0.0167975,0.01847725,0.0167975,0.01511775,0
AKEUSDT,resident,新,1788459650000,09-04 02:20:50,0.0169725,0.01866975,0.0169725,0.01527525,0
AKEUSDT,resident,新,1788459701000,09-04 02:21:41,0.01716,0.018876,0.01716,0.015444,0
AKEUSDT,resident,新,1788459847000,09-04 02:24:07,0.0169825,0.01868075,0.0169825,0.01528425,0
AKEUSDT,resident,新,1788459857000,09-04 02:24:17,0.017159,0.0188749,0.017159,0.0154431,0
AKEUSDT,resident,新,1788459973000,09-04 02:26:13,0.0173325,0.01906575,0.0173325,0.01559925,0
AKEUSDT,resident,新,1788460037000,09-04 02:27:17,0.01751,0.019261,0.01751,0.015759,0
AKEUSDT,resident,新,1788460118000,09-04 02:28:38,0.0173045,0.01903495,0.0173045,0.01557405,0
AKEUSDT,resident,新,1788460139000,09-04 02:28:59,0.0169905,0.01868955,0.0169905,0.01529145,0
AKEUSDT,resident,新,1788460151000,09-04 02:29:11,0.017189,0.0189079,0.017189,0.0154701,0
AKEUSDT,resident,新,1788460243000,09-04 02:30:43,0.017384,0.0191224,0.017384,0.0156456,0
AKEUSDT,resident,新,1788460264000,09-04 02:31:04,0.0172035,0.01892385,0.0172035,0.01548315,0
AKEUSDT,resident,新,1788460296000,09-04 02:31:36,0.0169565,0.01865215,0.0169565,0.01526085,0
AKEUSDT,resident,新,1788460299000,09-04 02:31:39,0.016731,0.0184041,0.016731,0.0150579,0
AKEUSDT,resident,新,1788460334000,09-04 02:32:14,0.0165535,0.01820885,0.0165535,0.01489815,0
AKEUSDT,resident,新,1788460339000,09-04 02:32:19,0.0167365,0.01841015,0.0167365,0.01506285,0
AKEUSDT,resident,新,1788460382000,09-04 02:33:02,0.016926,0.0186186,0.016926,0.0152334,0
AKEUSDT,resident,新,1788460406000,09-04 02:33:26,0.0171015,0.01881165,0.0171015,0.01539135,0
AKEUSDT,resident,新,1788460445000,09-04 02:34:05,0.016889,0.0185779,0.016889,0.0152001,0
AKEUSDT,resident,新,1788460480000,09-04 02:34:40,0.017066,0.0187726,0.017066,0.0153594,0
AKEUSDT,resident,新,1788460502000,09-04 02:35:02,0.0168865,0.01857515,0.0168865,0.01519785,0
AKEUSDT,resident,新,1788460506000,09-04 02:35:06,0.0167175,0.01838925,0.0167175,0.01504575,0
AKEUSDT,resident,新,1788460569000,09-04 02:36:09,0.016893,0.0185823,0.016893,0.0152037,0
AKEUSDT,resident,新,1788460619000,09-04 02:36:59,0.017089,0.0187979,0.017089,0.0153801,0
AKEUSDT,resident,新,1788460642000,09-04 02:37:22,0.0169125,0.01860375,0.0169125,0.01522125,0
AKEUSDT,resident,新,1788460665000,09-04 02:37:45,0.0171,0.01881,0.0171,0.01539,0
AKEUSDT,resident,新,1788460714000,09-04 02:38:34,0.016929,0.0186219,0.016929,0.0152361,0
AKEUSDT,resident,新,1788460749000,09-04 02:39:09,0.0167495,0.01842445,0.0167495,0.01507455,0
AKEUSDT,resident,新,1788460794000,09-04 02:39:54,0.016577,0.0182347,0.016577,0.0149193,0
AKEUSDT,resident,新,1788460806000,09-04 02:40:06,0.01638,0.018018,0.01638,0.014742,0
AKEUSDT,resident,新,1788460846000,09-04 02:40:46,0.0165465,0.01820115,0.0165465,0.01489185,0
AKEUSDT,resident,新,1788460861000,09-04 02:41:01,0.0163415,0.01797565,0.0163415,0.01470735,0
AKEUSDT,resident,新,1788460876000,09-04 02:41:16,0.016165,0.0177815,0.016165,0.0145485,0
AKEUSDT,resident,新,1788460880000,09-04 02:41:20,0.015952,0.0175472,0.015952,0.0143568,0
AKEUSDT,resident,新,1788460885000,09-04 02:41:25,0.0161135,0.01772485,0.0161135,0.01450215,0
AKEUSDT,resident,新,1788460890000,09-04 02:41:30,0.015825,0.0174075,0.015825,0.0142425,0
AKEUSDT,resident,新,1788460894000,09-04 02:41:34,0.015649,0.0172139,0.015649,0.0140841,0
AKEUSDT,resident,新,1788460913000,09-04 02:41:53,0.015473,0.0170203,0.015473,0.0139257,0
AKEUSDT,resident,新,1788460917000,09-04 02:41:57,0.01525,0.016775,0.01525,0.013725,0
AKEUSDT,resident,新,1788460922000,09-04 02:42:02,0.0149405,0.01643455,0.0149405,0.01344645,0
AKEUSDT,resident,新,1788460924000,09-04 02:42:04,0.0147455,0.01622005,0.0147455,0.01327095,0
AKEUSDT,resident,新,1788460928000,09-04 02:42:08,0.0149475,0.01644225,0.0149475,0.01345275,0
AKEUSDT,resident,新,1788460933000,09-04 02:42:13,0.0147405,0.01621455,0.0147405,0.01326645,0
AKEUSDT,resident,新,1788460937000,09-04 02:42:17,0.014451,0.0158961,0.014451,0.0130059,0
AKEUSDT,resident,新,1788460938000,09-04 02:42:18,0.0142795,0.01570745,0.0142795,0.01285155,0
AKEUSDT,resident,新,1788460940000,09-04 02:42:20,0.0144405,0.01588455,0.0144405,0.01299645,0
AKEUSDT,resident,新,1788460951000,09-04 02:42:31,0.0140525,0.01545775,0.0140525,0.01264725,0
AKEUSDT,resident,新,1788460962000,09-04 02:42:42,0.0142295,0.01565245,0.0142295,0.01280655,0
AKEUSDT,resident,新,1788460981000,09-04 02:43:01,0.0143885,0.01582735,0.0143885,0.01294965,0
AKEUSDT,resident,新,1788460984000,09-04 02:43:04,0.0141675,0.01558425,0.0141675,0.01275075,0
AKEUSDT,resident,新,1788461007000,09-04 02:43:27,0.0143445,0.01577895,0.0143445,0.01291005,0
AKEUSDT,resident,新,1788461015000,09-04 02:43:35,0.0141725,0.01558975,0.0141725,0.01275525,0
AKEUSDT,resident,新,1788461027000,09-04 02:43:47,0.014029,0.0154319,0.014029,0.0126261,0
AKEUSDT,resident,新,1788461041000,09-04 02:44:01,0.0138155,0.01519705,0.0138155,0.01243395,0
AKEUSDT,resident,新,1788461046000,09-04 02:44:06,0.013985,0.0153835,0.013985,0.0125865,0
AKEUSDT,resident,新,1788461062000,09-04 02:44:22,0.014136,0.0155496,0.014136,0.0127224,0
AKEUSDT,resident,新,1788461076000,09-04 02:44:36,0.014304,0.0157344,0.014304,0.0128736,0
AKEUSDT,resident,新,1788461096000,09-04 02:44:56,0.0141425,0.01555675,0.0141425,0.01272825,0
AKEUSDT,resident,新,1788461102000,09-04 02:45:02,0.0143,0.01573,0.0143,0.01287,0
AKEUSDT,resident,新,1788461108000,09-04 02:45:08,0.014474,0.0159214,0.014474,0.0130266,0
AKEUSDT,resident,新,1788461109000,09-04 02:45:09,0.01462,0.016082,0.01462,0.013158,0
AKEUSDT,resident,新,1788461115000,09-04 02:45:15,0.014817,0.0162987,0.014817,0.0133353,0
AKEUSDT,resident,新,1788461118000,09-04 02:45:18,0.014974,0.0164714,0.014974,0.0134766,0
AKEUSDT,resident,新,1788461120000,09-04 02:45:20,0.0151395,0.01665345,0.0151395,0.01362555,0
AKEUSDT,resident,新,1788461133000,09-04 02:45:33,0.0152965,0.01682615,0.0152965,0.01376685,0
AKEUSDT,resident,新,1788461134000,09-04 02:45:34,0.0154575,0.01700325,0.0154575,0.01391175,0
AKEUSDT,resident,新,1788461149000,09-04 02:45:49,0.015621,0.0171831,0.015621,0.0140589,0
AKEUSDT,resident,新,1788461175000,09-04 02:46:15,0.0157995,0.01737945,0.0157995,0.01421955,0
AKEUSDT,resident,新,1788461209000,09-04 02:46:49,0.01561,0.017171,0.01561,0.014049,0
AKEUSDT,resident,新,1788461223000,09-04 02:47:03,0.0157895,0.01736845,0.0157895,0.01421055,0
AKEUSDT,resident,新,1788461239000,09-04 02:47:19,0.015622,0.0171842,0.015622,0.0140598,0
AKEUSDT,resident,新,1788461262000,09-04 02:47:42,0.0154465,0.01699115,0.0154465,0.01390185,0
AKEUSDT,resident,新,1788461278000,09-04 02:47:58,0.015182,0.0167002,0.015182,0.0136638,0
AKEUSDT,resident,新,1788461299000,09-04 02:48:19,0.0153425,0.01687675,0.0153425,0.01380825,0
AKEUSDT,resident,新,1788461357000,09-04 02:49:17,0.0155085,0.01705935,0.0155085,0.01395765,0
AKEUSDT,resident,新,1788461396000,09-04 02:49:56,0.015324,0.0168564,0.015324,0.0137916,0
AKEUSDT,resident,新,1788461402000,09-04 02:50:02,0.0155,0.01705,0.0155,0.01395,0
AKEUSDT,resident,新,1788461436000,09-04 02:50:36,0.015658,0.0172238,0.015658,0.0140922,0
AKEUSDT,resident,新,1788461475000,09-04 02:51:15,0.0158195,0.01740145,0.0158195,0.01423755,0
AKEUSDT,resident,新,1788461519000,09-04 02:51:59,0.0159985,0.01759835,0.0159985,0.01439865,0
AKEUSDT,resident,新,1788461547000,09-04 02:52:27,0.0158365,0.01742015,0.0158365,0.01425285,0
AKEUSDT,resident,新,1788461582000,09-04 02:53:02,0.0160025,0.01760275,0.0160025,0.01440225,0
AKEUSDT,resident,新,1788461608000,09-04 02:53:28,0.016201,0.0178211,0.016201,0.0145809,0
AKEUSDT,resident,新,1788461629000,09-04 02:53:49,0.016029,0.0176319,0.016029,0.0144261,0
AKEUSDT,resident,新,1788461659000,09-04 02:54:19,0.0158545,0.01743995,0.0158545,0.01426905,0
AKEUSDT,resident,新,1788461690000,09-04 02:54:50,0.016015,0.0176165,0.016015,0.0144135,0
AKEUSDT,resident,新,1788461748000,09-04 02:55:48,0.0158355,0.01741905,0.0158355,0.01425195,0
AKEUSDT,resident,新,1788461762000,09-04 02:56:02,0.0156545,0.01721995,0.0156545,0.01408905,0
AKEUSDT,resident,新,1788461769000,09-04 02:56:09,0.0158155,0.01739705,0.0158155,0.01423395,0
AKEUSDT,resident,新,1788461816000,09-04 02:56:56,0.015989,0.0175879,0.015989,0.0143901,0
AKEUSDT,resident,新,1788461931000,09-04 02:58:51,0.0158165,0.01739815,0.0158165,0.01423485,0
AKEUSDT,resident,新,1788462071000,09-04 03:01:11,0.015652,0.0172172,0.015652,0.0140868,0
AKEUSDT,resident,新,1788462102000,09-04 03:01:42,0.015809,0.0173899,0.015809,0.0142281,0
AKEUSDT,resident,新,1788462159000,09-04 03:02:39,0.0160035,0.01760385,0.0160035,0.01440315,0
AKEUSDT,resident,新,1788462207000,09-04 03:03:27,0.015828,0.0174108,0.015828,0.0142452,0
AKEUSDT,resident,新,1788462241000,09-04 03:04:01,0.016013,0.0176143,0.016013,0.0144117,0
AKEUSDT,resident,新,1788462305000,09-04 03:05:05,0.0162005,0.01782055,0.0162005,0.01458045,0
AKEUSDT,resident,新,1788462364000,09-04 03:06:04,0.0160355,0.01763905,0.0160355,0.01443195,0
AKEUSDT,resident,新,1788462395000,09-04 03:06:35,0.015834,0.0174174,0.015834,0.0142506,0
AKEUSDT,resident,新,1788462475000,09-04 03:07:55,0.015552,0.0171072,0.015552,0.0139968,0
AKEUSDT,resident,新,1788462552000,09-04 03:09:12,0.015722,0.0172942,0.015722,0.0141498,0
AKEUSDT,resident,新,1788462651000,09-04 03:10:51,0.015886,0.0174746,0.015886,0.0142974,0
AKEUSDT,resident,新,1788462714000,09-04 03:11:54,0.01568,0.017248,0.01568,0.014112,0
AKEUSDT,resident,新,1788462781000,09-04 03:13:01,0.0158615,0.01744765,0.0158615,0.01427535,0
AKEUSDT,resident,新,1788462907000,09-04 03:15:07,0.0160355,0.01763905,0.0160355,0.01443195,0
AKEUSDT,resident,新,1788462929000,09-04 03:15:29,0.0162,0.01782,0.0162,0.01458,0
AKEUSDT,resident,新,1788462987000,09-04 03:16:27,0.016036,0.0176396,0.016036,0.0144324,0
AKEUSDT,resident,新,1788463025000,09-04 03:17:05,0.016197,0.0178167,0.016197,0.0145773,0
AKEUSDT,resident,新,1788463124000,09-04 03:18:44,0.0160215,0.01762365,0.0160215,0.01441935,0
AKEUSDT,resident,新,1788463185000,09-04 03:19:45,0.016182,0.0178002,0.016182,0.0145638,0
AKEUSDT,resident,新,1788463237000,09-04 03:20:37,0.0160185,0.01762035,0.0160185,0.01441665,0
AKEUSDT,resident,新,1788463357000,09-04 03:22:37,0.0161835,0.01780185,0.0161835,0.01456515,0
AKEUSDT,resident,新,1788463458000,09-04 03:24:18,0.016017,0.0176187,0.016017,0.0144153,0
AKEUSDT,resident,新,1788463511000,09-04 03:25:11,0.016183,0.0178013,0.016183,0.0145647,0
AKEUSDT,resident,新,1788463626000,09-04 03:27:06,0.016363,0.0179993,0.016363,0.0147267,0
AKEUSDT,resident,新,1788463645000,09-04 03:27:25,0.0165315,0.01818465,0.0165315,0.01487835,0
AKEUSDT,resident,新,1788463777000,09-04 03:29:37,0.016366,0.0180026,0.016366,0.0147294,0
AKEUSDT,resident,新,1788463824000,09-04 03:30:24,0.016535,0.0181885,0.016535,0.0148815,0
AKEUSDT,resident,新,1788463912000,09-04 03:31:52,0.0167885,0.01846735,0.0167885,0.01510965,0
AKEUSDT,resident,新,1788463945000,09-04 03:32:25,0.0166135,0.01827485,0.0166135,0.01495215,0
AKEUSDT,resident,新,1788464051000,09-04 03:34:11,0.0167825,0.01846075,0.0167825,0.01510425,0
AKEUSDT,resident,新,1788464194000,09-04 03:36:34,0.0169505,0.01864555,0.0169505,0.01525545,0
AKEUSDT,resident,新,1788464355000,09-04 03:39:15,0.0167325,0.01840575,0.0167325,0.01505925,0
AKEUSDT,resident,新,1788464406000,09-04 03:40:06,0.016559,0.0182149,0.016559,0.0149031,0
AKEUSDT,resident,新,1788464465000,09-04 03:41:05,0.016728,0.0184008,0.016728,0.0150552,0
AKEUSDT,resident,新,1788464488000,09-04 03:41:28,0.0169015,0.01859165,0.0169015,0.01521135,0
AKEUSDT,resident,新,1788464546000,09-04 03:42:26,0.0167265,0.01839915,0.0167265,0.01505385,0
AKEUSDT,resident,新,1788464583000,09-04 03:43:03,0.0168995,0.01858945,0.0168995,0.01520955,0
AKEUSDT,resident,新,1788464674000,09-04 03:44:34,0.0167175,0.01838925,0.0167175,0.01504575,0
AKEUSDT,resident,新,1788464728000,09-04 03:45:28,0.0168865,0.01857515,0.0168865,0.01519785,0
AKEUSDT,resident,新,1788464753000,09-04 03:45:53,0.017084,0.0187924,0.017084,0.0153756,0
AKEUSDT,resident,新,1788464976000,09-04 03:49:36,0.0168395,0.01852345,0.0168395,0.01515555,0
AKEUSDT,resident,新,1788465005000,09-04 03:50:05,0.0170105,0.01871155,0.0170105,0.01530945,0
AKEUSDT,resident,新,1788465173000,09-04 03:52:53,0.0168375,0.01852125,0.0168375,0.01515375,0
AKEUSDT,resident,新,1788465353000,09-04 03:55:53,0.0166545,0.01831995,0.0166545,0.01498905,0
AKEUSDT,resident,新,1788465357000,09-04 03:55:57,0.016478,0.0181258,0.016478,0.0148302,0
AKEUSDT,resident,新,1788465404000,09-04 03:56:44,0.016644,0.0183084,0.016644,0.0149796,0
AKEUSDT,resident,新,1788465507000,09-04 03:58:27,0.016454,0.0180994,0.016454,0.0148086,0
AKEUSDT,resident,新,1788465582000,09-04 03:59:42,0.016275,0.0179025,0.016275,0.0146475,0
AKEUSDT,resident,新,1788465603000,09-04 04:00:03,0.016471,0.0181181,0.016471,0.0148239,0
AKEUSDT,resident,新,1788465706000,09-04 04:01:46,0.01664,0.018304,0.01664,0.014976,0
AKEUSDT,resident,新,1788465727000,09-04 04:02:07,0.016811,0.0184921,0.016811,0.0151299,0
AKEUSDT,resident,新,1788465751000,09-04 04:02:31,0.0166405,0.01830455,0.0166405,0.01497645,0
AKEUSDT,resident,新,1788465957000,09-04 04:05:57,0.0164705,0.01811755,0.0164705,0.01482345,0
AKEUSDT,resident,新,1788466029000,09-04 04:07:09,0.0162845,0.01791295,0.0162845,0.01465605,0
AKEUSDT,resident,新,1788466082000,09-04 04:08:02,0.016095,0.0177045,0.016095,0.0144855,0
AKEUSDT,resident,新,1788466118000,09-04 04:08:38,0.015932,0.0175252,0.015932,0.0143388,0
AKEUSDT,resident,新,1788466142000,09-04 04:09:02,0.0156735,0.01724085,0.0156735,0.01410615,0
AKEUSDT,resident,新,1788466205000,09-04 04:10:05,0.015841,0.0174251,0.015841,0.0142569,0
AKEUSDT,resident,新,1788466245000,09-04 04:10:45,0.016005,0.0176055,0.016005,0.0144045,0
AKEUSDT,resident,新,1788466305000,09-04 04:11:45,0.016182,0.0178002,0.016182,0.0145638,0
AKEUSDT,resident,新,1788466463000,09-04 04:14:23,0.0160145,0.01761595,0.0160145,0.01441305,0
AKEUSDT,resident,新,1788466488000,09-04 04:14:48,0.01581,0.017391,0.01581,0.014229,0
AKEUSDT,resident,新,1788466964000,09-04 04:22:44,0.015642,0.0172062,0.015642,0.0140778,0
AKEUSDT,resident,新,1788467047000,09-04 04:24:07,0.015368,0.0169048,0.015368,0.0138312,0
AKEUSDT,resident,新,1788467108000,09-04 04:25:08,0.015207,0.0167277,0.015207,0.0136863,0
AKEUSDT,resident,新,1788467327000,09-04 04:28:47,0.0153595,0.01689545,0.0153595,0.01382355,0
AKEUSDT,resident,新,1788467369000,09-04 04:29:29,0.015204,0.0167244,0.015204,0.0136836,0
AKEUSDT,resident,新,1788467389000,09-04 04:29:49,0.0149915,0.01649065,0.0149915,0.01349235,0
AKEUSDT,resident,新,1788467491000,09-04 04:31:31,0.0151515,0.01666665,0.0151515,0.01363635,0
AKEUSDT,resident,新,1788467610000,09-04 04:33:30,0.014989,0.0164879,0.014989,0.0134901,0
AKEUSDT,resident,新,1788467742000,09-04 04:35:42,0.0151475,0.01666225,0.0151475,0.01363275,0
AKEUSDT,resident,新,1788467881000,09-04 04:38:01,0.014981,0.0164791,0.014981,0.0134829,0
AKEUSDT,resident,新,1788468003000,09-04 04:40:03,0.0151365,0.01665015,0.0151365,0.01362285,0
AKEUSDT,resident,新,1788468311000,09-04 04:45:11,0.014984,0.0164824,0.014984,0.0134856,0
AKEUSDT,resident,新,1788468481000,09-04 04:48:01,0.0151475,0.01666225,0.0151475,0.01363275,0
AKEUSDT,resident,新,1788468639000,09-04 04:50:39,0.0149935,0.01649285,0.0149935,0.01349415,0
AKEUSDT,resident,新,1788468758000,09-04 04:52:38,0.0148355,0.01631905,0.0148355,0.01335195,0
AKEUSDT,resident,新,1788468873000,09-04 04:54:33,0.0149915,0.01649065,0.0149915,0.01349235,0
AKEUSDT,resident,新,1788469385000,09-04 05:03:05,0.0151535,0.01666885,0.0151535,0.01363815,0
AKEUSDT,resident,新,1788469504000,09-04 05:05:04,0.0153555,0.01689105,0.0153555,0.01381995,0
AKEUSDT,resident,新,1788470108000,09-04 05:15:08,0.015186,0.0167046,0.015186,0.0136674,0
AKEUSDT,resident,新,1788470152000,09-04 05:15:52,0.015339,0.0168729,0.015339,0.0138051,0
AKEUSDT,resident,新,1788470193000,09-04 05:16:33,0.0151775,0.01669525,0.0151775,0.01365975,0
AKEUSDT,resident,新,1788471706000,09-04 05:41:46,0.0150185,0.01652035,0.0150185,0.01351665,0
AKEUSDT,resident,新,1788472026000,09-04 05:47:06,0.015177,0.0166947,0.015177,0.0136593,0
AKEUSDT,resident,新,1788472557000,09-04 05:55:57,0.015331,0.0168641,0.015331,0.0137979,0
AKEUSDT,resident,新,1788472813000,09-04 06:00:13,0.015677,0.0172447,0.015677,0.0141093,0
AKEUSDT,resident,新,1788472936000,09-04 06:02:16,0.015516,0.0170676,0.015516,0.0139644,0
AKEUSDT,resident,新,1788473707000,09-04 06:15:07,0.015684,0.0172524,0.015684,0.0141156,0
AKEUSDT,resident,新,1788474850000,09-04 06:34:10,0.0155235,0.01707585,0.0155235,0.01397115,0
AKEUSDT,resident,新,1788474905000,09-04 06:35:05,0.0156965,0.01726615,0.0156965,0.01412685,0
AKEUSDT,resident,新,1788474953000,09-04 06:35:53,0.015493,0.0170423,0.015493,0.0139437,0
AKEUSDT,resident,新,1788475108000,09-04 06:38:28,0.0156495,0.01721445,0.0156495,0.01408455,0
AKEUSDT,resident,新,1788475550000,09-04 06:45:50,0.015492,0.0170412,0.015492,0.0139428,0
AKEUSDT,resident,新,1788475591000,09-04 06:46:31,0.015292,0.0168212,0.015292,0.0137628,0
AKEUSDT,resident,新,1788475768000,09-04 06:49:28,0.015066,0.0165726,0.015066,0.0135594,0
AKEUSDT,resident,新,1788476294000,09-04 06:58:14,0.014912,0.0164032,0.014912,0.0134208,0
AKEUSDT,resident,新,1788476584000,09-04 07:03:04,0.014761,0.0162371,0.014761,0.0132849,0
AKEUSDT,resident,新,1788476617000,09-04 07:03:37,0.0145365,0.01599015,0.0145365,0.01308285,0
AKEUSDT,resident,新,1788476863000,09-04 07:07:43,0.014687,0.0161557,0.014687,0.0132183,0
AKEUSDT,resident,新,1788477177000,09-04 07:12:57,0.0145325,0.01598575,0.0145325,0.01307925,0
AKEUSDT,resident,新,1788477725000,09-04 07:22:05,0.0146865,0.01615515,0.0146865,0.01321785,0
AKEUSDT,resident,新,1788478350000,09-04 07:32:30,0.014843,0.0163273,0.014843,0.0133587,0
AKEUSDT,resident,新,1788478880000,09-04 07:41:20,0.014992,0.0164912,0.014992,0.0134928,0
AKEUSDT,resident,新,1788479322000,09-04 07:48:42,0.014831,0.0163141,0.014831,0.0133479,0
AKEUSDT,resident,新,1788479613000,09-04 07:53:33,0.01498,0.016478,0.01498,0.013482,0
AKEUSDT,resident,新,1788480100000,09-04 08:01:40,0.015161,0.0166771,0.015161,0.0136449,0
AKEUSDT,resident,新,1788480397000,09-04 08:06:37,0.0149865,0.01648515,0.0149865,0.01348785,0
AKEUSDT,resident,新,1788481107000,09-04 08:18:27,0.0148265,0.01630915,0.0148265,0.01334385,0
AKEUSDT,resident,新,1788481517000,09-04 08:25:17,0.014975,0.0164725,0.014975,0.0134775,0
AKEUSDT,resident,新,1788481966000,09-04 08:32:46,0.014818,0.0162998,0.014818,0.0133362,0
AKEUSDT,resident,新,1788483736000,09-04 09:02:16,0.0149675,0.01646425,0.0149675,0.01347075,0
AKEUSDT,resident,新,1788484200000,09-04 09:10:00,0.01479,0.016269,0.01479,0.013311,0
AKEUSDT,resident,新,1788484515000,09-04 09:15:15,0.014642,0.0161062,0.014642,0.0131778,0
AKEUSDT,resident,新,1788484802000,09-04 09:20:02,0.0147935,0.01627285,0.0147935,0.01331415,0
AKEUSDT,resident,新,1788486307000,09-04 09:45:07,0.0149425,0.01643675,0.0149425,0.01344825,0
AKEUSDT,resident,新,1788486638000,09-04 09:50:38,0.0147915,0.01627065,0.0147915,0.01331235,0
AKEUSDT,resident,新,1788487081000,09-04 09:58:01,0.014627,0.0160897,0.014627,0.0131643,0
AKEUSDT,resident,新,1788487107000,09-04 09:58:27,0.014472,0.0159192,0.014472,0.0130248,0
AKEUSDT,resident,新,1788487133000,09-04 09:58:53,0.0143265,0.01575915,0.0143265,0.01289385,0
AKEUSDT,resident,新,1788487145000,09-04 09:59:05,0.014126,0.0155386,0.014126,0.0127134,0
AKEUSDT,resident,新,1788487202000,09-04 10:00:02,0.014345,0.0157795,0.014345,0.0129105,0
AKEUSDT,resident,新,1788487385000,09-04 10:03:05,0.014492,0.0159412,0.014492,0.0130428,0
AKEUSDT,resident,新,1788487555000,09-04 10:05:55,0.014655,0.0161205,0.014655,0.0131895,0
AKEUSDT,resident,新,1788487678000,09-04 10:07:58,0.014804,0.0162844,0.014804,0.0133236,0
AKEUSDT,resident,新,1788487875000,09-04 10:11:15,0.014955,0.0164505,0.014955,0.0134595,0
AKEUSDT,resident,新,1788487932000,09-04 10:12:12,0.0147985,0.01627835,0.0147985,0.01331865,0
AKEUSDT,resident,新,1788487973000,09-04 10:12:53,0.0146255,0.01608805,0.0146255,0.01316295,0
AKEUSDT,resident,新,1788488087000,09-04 10:14:47,0.014477,0.0159247,0.014477,0.0130293,0
AKEUSDT,resident,新,1788488310000,09-04 10:18:30,0.0146375,0.01610125,0.0146375,0.01317375,0
AKEUSDT,resident,新,1788489146000,09-04 10:32:26,0.0144805,0.01592855,0.0144805,0.01303245,0
AKEUSDT,resident,新,1788489505000,09-04 10:38:25,0.014626,0.0160886,0.014626,0.0131634,0
AKEUSDT,resident,新,1788490221000,09-04 10:50:21,0.0144765,0.01592415,0.0144765,0.01302885,0
AKEUSDT,resident,新,1788493820000,09-04 11:50:20,0.014628,0.0160908,0.014628,0.0131652,0
AKEUSDT,resident,新,1788493948000,09-04 11:52:28,0.014784,0.0162624,0.014784,0.0133056,0
AKEUSDT,resident,新,1788495502000,09-04 12:18:22,0.0149545,0.01644995,0.0149545,0.01345905,0
AKEUSDT,resident,新,1788496415000,09-04 12:33:35,0.0151585,0.01667435,0.0151585,0.01364265,0
AKEUSDT,resident,新,1788496589000,09-04 12:36:29,0.015004,0.0165044,0.015004,0.0135036,0
AKEUSDT,resident,新,1788497335000,09-04 12:48:55,0.0148535,0.01633885,0.0148535,0.01336815,0
AKEUSDT,resident,新,1788498224000,09-04 13:03:44,0.0147025,0.01617275,0.0147025,0.01323225,0
AKEUSDT,resident,新,1788498469000,09-04 13:07:49,0.014554,0.0160094,0.014554,0.0130986,0
AKEUSDT,resident,新,1788498587000,09-04 13:09:47,0.014384,0.0158224,0.014384,0.0129456,0
AKEUSDT,resident,新,1788498602000,09-04 13:10:02,0.0142245,0.01564695,0.0142245,0.01280205,0
AKEUSDT,resident,新,1788498821000,09-04 13:13:41,0.0143735,0.01581085,0.0143735,0.01293615,0
AKEUSDT,resident,新,1788498900000,09-04 13:15:00,0.01422,0.015642,0.01422,0.012798,0
AKEUSDT,resident,新,1788499348000,09-04 13:22:28,0.014017,0.0154187,0.014017,0.0126153,0
AKEUSDT,resident,新,1788499403000,09-04 13:23:23,0.0141585,0.01557435,0.0141585,0.01274265,0
AKEUSDT,resident,新,1788499888000,09-04 13:31:28,0.014301,0.0157311,0.014301,0.0128709,0
AKEUSDT,resident,新,1788500628000,09-04 13:43:48,0.014445,0.0158895,0.014445,0.0130005,0
AKEUSDT,resident,新,1788501921000,09-04 14:05:21,0.0142985,0.01572835,0.0142985,0.01286865,0
AKEUSDT,resident,新,1788503823000,09-04 14:37:03,0.014154,0.0155694,0.014154,0.0127386,0
AKEUSDT,resident,新,1788504243000,09-04 14:44:03,0.01397,0.015367,0.01397,0.012573,0
AKEUSDT,resident,新,1788504426000,09-04 14:47:06,0.013819,0.0152009,0.013819,0.0124371,0
AKEUSDT,resident,新,1788504739000,09-04 14:52:19,0.013962,0.0153582,0.013962,0.0125658,0
AKEUSDT,resident,新,1788505503000,09-04 15:05:03,0.013821,0.0152031,0.013821,0.0124389,0
AKEUSDT,resident,新,1788506194000,09-04 15:16:34,0.0139715,0.01536865,0.0139715,0.01257435,0
AKEUSDT,resident,新,1788506414000,09-04 15:20:14,0.0138295,0.01521245,0.0138295,0.01244655,0
AKEUSDT,resident,新,1788507327000,09-04 15:35:27,0.0139685,0.01536535,0.0139685,0.01257165,0
AKEUSDT,resident,新,1788507968000,09-04 15:46:08,0.0141205,0.01553255,0.0141205,0.01270845,0
AKEUSDT,resident,新,1788508707000,09-04 15:58:27,0.0139695,0.01536645,0.0139695,0.01257255,0
AKEUSDT,resident,新,1788509902000,09-04 16:18:22,0.0138265,0.01520915,0.0138265,0.01244385,0
AKEUSDT,resident,新,1788510274000,09-04 16:24:34,0.0136785,0.01504635,0.0136785,0.01231065,0
AKEUSDT,resident,新,1788510391000,09-04 16:26:31,0.0135415,0.01489565,0.0135415,0.01218735,0
AKEUSDT,resident,新,1788511319000,09-04 16:41:59,0.013677,0.0150447,0.013677,0.0123093,0
AKEUSDT,resident,新,1788512193000,09-04 16:56:33,0.0138175,0.01519925,0.0138175,0.01243575,0
AKEUSDT,resident,新,1788513288000,09-04 17:14:48,0.0136775,0.01504525,0.0136775,0.01230975,0
AKEUSDT,resident,新,1788515139000,09-04 17:45:39,0.013875,0.0152625,0.013875,0.0124875,0
AKEUSDT,resident,新,1788515192000,09-04 17:46:32,0.0137255,0.01509805,0.0137255,0.01235295,0
AKEUSDT,resident,新,1788515568000,09-04 17:52:48,0.0135845,0.01494295,0.0135845,0.01222605,0
AKEUSDT,resident,新,1788516398000,09-04 18:06:38,0.0137235,0.01509585,0.0137235,0.01235115,0
AKEUSDT,resident,新,1788516849000,09-04 18:14:09,0.013586,0.0149446,0.013586,0.0122274,0
AKEUSDT,resident,新,1788517011000,09-04 18:16:51,0.0137535,0.01512885,0.0137535,0.01237815,0
AKEUSDT,resident,新,1788519337000,09-04 18:55:37,0.013614,0.0149754,0.013614,0.0122526,0
AKEUSDT,resident,新,1788519995000,09-04 19:06:35,0.0134775,0.01482525,0.0134775,0.01212975,0
AKEUSDT,resident,新,1788524482000,09-04 20:21:22,0.0136145,0.01497595,0.0136145,0.01225305,0
AKEUSDT,resident,新,1788525011000,09-04 20:30:11,0.013477,0.0148247,0.013477,0.0121293,0
AKEUSDT,resident,新,1788525130000,09-04 20:32:10,0.0132595,0.01458545,0.0132595,0.01193355,0
AKEUSDT,resident,新,1788525133000,09-04 20:32:13,0.0131085,0.01441935,0.0131085,0.01179765,0
AKEUSDT,resident,新,1788525137000,09-04 20:32:17,0.0132745,0.01460195,0.0132745,0.01194705,0
AKEUSDT,resident,新,1788525297000,09-04 20:34:57,0.013416,0.0147576,0.013416,0.0120744,0
AKEUSDT,resident,新,1788526648000,09-04 20:57:28,0.013281,0.0146091,0.013281,0.0119529,0
AKEUSDT,resident,新,1788527519000,09-04 21:11:59,0.013414,0.0147554,0.013414,0.0120726,0
AKEUSDT,resident,新,1788529819000,09-04 21:50:19,0.0132755,0.01460305,0.0132755,0.01194795,0
AKEUSDT,resident,新,1788530164000,09-04 21:56:04,0.0134245,0.01476695,0.0134245,0.01208205,0
AKEUSDT,resident,新,1788531577000,09-04 22:19:37,0.0135625,0.01491875,0.0135625,0.01220625,0
AKEUSDT,resident,新,1788531781000,09-04 22:23:01,0.0136995,0.01506945,0.0136995,0.01232955,0
AKEUSDT,resident,新,1788532289000,09-04 22:31:29,0.013555,0.0149105,0.013555,0.0121995,0
AKEUSDT,resident,新,1788533464000,09-04 22:51:04,0.013694,0.0150634,0.013694,0.0123246,0
AKEUSDT,resident,新,1788534494000,09-04 23:08:14,0.0138365,0.01522015,0.0138365,0.01245285,0
AKEUSDT,resident,新,1788534928000,09-04 23:15:28,0.01369,0.015059,0.01369,0.012321,0
AKEUSDT,resident,新,1788535103000,09-04 23:18:23,0.013551,0.0149061,0.013551,0.0121959,0
AKEUSDT,resident,新,1788535457000,09-04 23:24:17,0.0134025,0.01474275,0.0134025,0.01206225,0
AKEUSDT,resident,新,1788535882000,09-04 23:31:22,0.013538,0.0148918,0.013538,0.0121842,0
AKEUSDT,resident,新,1788537754000,09-05 00:02:34,0.01339,0.014729,0.01339,0.012051,0
AKEUSDT,resident,新,1788539588000,09-05 00:33:08,0.013525,0.0148775,0.013525,0.0121725,0
AKEUSDT,resident,新,1788540130000,09-05 00:42:10,0.013389,0.0147279,0.013389,0.0120501,0
AKEUSDT,resident,新,1788540484000,09-05 00:48:04,0.013248,0.0145728,0.013248,0.0119232,0
AKEUSDT,resident,新,1788543258000,09-05 01:34:18,0.013381,0.0147191,0.013381,0.0120429,0
AKEUSDT,resident,新,1788543852000,09-05 01:44:12,0.013244,0.0145684,0.013244,0.0119196,0
AKEUSDT,resident,新,1788544735000,09-05 01:58:55,0.013086,0.0143946,0.013086,0.0117774,0
AKEUSDT,resident,新,1788545503000,09-05 02:11:43,0.01322,0.014542,0.01322,0.011898,0
AKEUSDT,resident,新,1788546363000,09-05 02:26:03,0.013086,0.0143946,0.013086,0.0117774,0
AKEUSDT,resident,新,1788551814000,09-05 03:56:54,0.013219,0.0145409,0.013219,0.0118971,0
AKEUSDT,resident,新,1788553027000,09-05 04:17:07,0.0130805,0.01438855,0.0130805,0.01177245,0
AKEUSDT,resident,新,1788553659000,09-05 04:27:39,0.0132125,0.01453375,0.0132125,0.01189125,0
AKEUSDT,resident,新,1788553942000,09-05 04:32:22,0.0133545,0.01468995,0.0133545,0.01201905,0
AKEUSDT,resident,新,1788554984000,09-05 04:49:44,0.0132195,0.01454145,0.0132195,0.01189755,0
AKEUSDT,resident,新,1788556136000,09-05 05:08:56,0.013082,0.0143902,0.013082,0.0117738,0
AKEUSDT,resident,新,1788557195000,09-05 05:26:35,0.0129315,0.01422465,0.0129315,0.01163835,0
AKEUSDT,resident,新,1788557257000,09-05 05:27:37,0.012799,0.0140789,0.012799,0.0115191,0
AKEUSDT,resident,新,1788557619000,09-05 05:33:39,0.012928,0.0142208,0.012928,0.0116352,0
AKEUSDT,resident,新,1788560006000,09-05 06:13:26,0.0130615,0.01436765,0.0130615,0.01175535,0
AKEUSDT,resident,新,1788565067000,09-05 07:37:47,0.013204,0.0145244,0.013204,0.0118836,0
AKEUSDT,resident,新,1788566678000,09-05 08:04:38,0.013337,0.0146707,0.013337,0.0120033,0
AKEUSDT,resident,新,1788566748000,09-05 08:05:48,0.0134715,0.01481865,0.0134715,0.01212435,0
AKEUSDT,resident,新,1788567522000,09-05 08:18:42,0.0133365,0.01467015,0.0133365,0.01200285,0
AKEUSDT,resident,新,1788568333000,09-05 08:32:13,0.013202,0.0145222,0.013202,0.0118818,0
AKEUSDT,resident,新,1788568563000,09-05 08:36:03,0.013337,0.0146707,0.013337,0.0120033,0
AKEUSDT,resident,新,1788568755000,09-05 08:39:15,0.0132,0.01452,0.0132,0.01188,0
AKEUSDT,resident,新,1788568958000,09-05 08:42:38,0.013055,0.0143605,0.013055,0.0117495,0
AKEUSDT,resident,新,1788569002000,09-05 08:43:22,0.0128945,0.01418395,0.0128945,0.01160505,0
AKEUSDT,resident,新,1788569322000,09-05 08:48:42,0.0130355,0.01433905,0.0130355,0.01173195,0
AKEUSDT,resident,新,1788569529000,09-05 08:52:09,0.0131755,0.01449305,0.0131755,0.01185795,0
AKEUSDT,resident,新,1788569726000,09-05 08:55:26,0.013314,0.0146454,0.013314,0.0119826,0
AKEUSDT,resident,新,1788569759000,09-05 08:55:59,0.013449,0.0147939,0.013449,0.0121041,0
AKEUSDT,resident,新,1788569787000,09-05 08:56:27,0.01369,0.015059,0.01369,0.012321,0
AKEUSDT,resident,新,1788569797000,09-05 08:56:37,0.0138895,0.01527845,0.0138895,0.01250055,0
AKEUSDT,resident,新,1788569814000,09-05 08:56:54,0.0141175,0.01552925,0.0141175,0.01270575,0
AKEUSDT,resident,新,1788569858000,09-05 08:57:38,0.0142885,0.01571735,0.0142885,0.01285965,0
AKEUSDT,resident,新,1788569879000,09-05 08:57:59,0.0141405,0.01555455,0.0141405,0.01272645,0
AKEUSDT,resident,新,1788570005000,09-05 09:00:05,0.0143045,0.01573495,0.0143045,0.01287405,0
AKEUSDT,resident,新,1788570019000,09-05 09:00:19,0.0144715,0.01591865,0.0144715,0.01302435,0
AKEUSDT,resident,新,1788570046000,09-05 09:00:46,0.0143235,0.01575585,0.0143235,0.01289115,0
AKEUSDT,resident,新,1788570115000,09-05 09:01:55,0.0144735,0.01592085,0.0144735,0.01302615,0
AKEUSDT,resident,新,1788570126000,09-05 09:02:06,0.0146305,0.01609355,0.0146305,0.01316745,0
AKEUSDT,resident,新,1788570178000,09-05 09:02:58,0.0148255,0.01630805,0.0148255,0.01334295,0
AKEUSDT,resident,新,1788570197000,09-05 09:03:17,0.0146425,0.01610675,0.0146425,0.01317825,0
AKEUSDT,resident,新,1788570219000,09-05 09:03:39,0.0144865,0.01593515,0.0144865,0.01303785,0
AKEUSDT,resident,新,1788570229000,09-05 09:03:49,0.0143345,0.01576795,0.0143345,0.01290105,0
AKEUSDT,resident,新,1788570328000,09-05 09:05:28,0.014176,0.0155936,0.014176,0.0127584,0
AKEUSDT,resident,新,1788570380000,09-05 09:06:20,0.0143235,0.01575585,0.0143235,0.01289115,0
AKEUSDT,resident,新,1788570504000,09-05 09:08:24,0.014468,0.0159148,0.014468,0.0130212,0
AKEUSDT,resident,新,1788570610000,09-05 09:10:10,0.0146245,0.01608695,0.0146245,0.01316205,0
AKEUSDT,resident,新,1788570718000,09-05 09:11:58,0.014476,0.0159236,0.014476,0.0130284,0
AKEUSDT,resident,新,1788570764000,09-05 09:12:44,0.014325,0.0157575,0.014325,0.0128925,0
AKEUSDT,resident,新,1788570885000,09-05 09:14:45,0.014493,0.0159423,0.014493,0.0130437,0
AKEUSDT,resident,新,1788570894000,09-05 09:14:54,0.014646,0.0161106,0.014646,0.0131814,0
AKEUSDT,resident,新,1788570908000,09-05 09:15:08,0.01483,0.016313,0.01483,0.013347,0
AKEUSDT,resident,新,1788570918000,09-05 09:15:18,0.0150275,0.01653025,0.0150275,0.01352475,0
AKEUSDT,resident,新,1788570955000,09-05 09:15:55,0.015218,0.0167398,0.015218,0.0136962,0
AKEUSDT,resident,新,1788570962000,09-05 09:16:02,0.015377,0.0169147,0.015377,0.0138393,0
AKEUSDT,resident,新,1788570997000,09-05 09:16:37,0.0152105,0.01673155,0.0152105,0.01368945,0
AKEUSDT,resident,新,1788571007000,09-05 09:16:47,0.0150105,0.01651155,0.0150105,0.01350945,0
AKEUSDT,resident,新,1788571019000,09-05 09:16:59,0.01518,0.016698,0.01518,0.013662,0
AKEUSDT,resident,新,1788571023000,09-05 09:17:03,0.0153465,0.01688115,0.0153465,0.01381185,0
AKEUSDT,resident,新,1788571045000,09-05 09:17:25,0.0155345,0.01708795,0.0155345,0.01398105,0
AKEUSDT,resident,新,1788571126000,09-05 09:18:46,0.015349,0.0168839,0.015349,0.0138141,0
AKEUSDT,resident,新,1788571153000,09-05 09:19:13,0.015528,0.0170808,0.015528,0.0139752,0
AKEUSDT,resident,新,1788571244000,09-05 09:20:44,0.015369,0.0169059,0.015369,0.0138321,0
AKEUSDT,resident,新,1788571345000,09-05 09:22:25,0.015212,0.0167332,0.015212,0.0136908,0
AKEUSDT,resident,新,1788571418000,09-05 09:23:38,0.015426,0.0169686,0.015426,0.0138834,0
AKEUSDT,resident,新,1788571433000,09-05 09:23:53,0.0155995,0.01715945,0.0155995,0.01403955,0
AKEUSDT,resident,新,1788571615000,09-05 09:26:55,0.0154435,0.01698785,0.0154435,0.01389915,0
AKEUSDT,resident,新,1788571634000,09-05 09:27:14,0.015623,0.0171853,0.015623,0.0140607,0
AKEUSDT,resident,新,1788571643000,09-05 09:27:23,0.015846,0.0174306,0.015846,0.0142614,0
AKEUSDT,resident,新,1788571656000,09-05 09:27:36,0.016056,0.0176616,0.016056,0.0144504,0
AKEUSDT,resident,新,1788571658000,09-05 09:27:38,0.016222,0.0178442,0.016222,0.0145998,0
AKEUSDT,resident,新,1788571678000,09-05 09:27:58,0.016389,0.0180279,0.016389,0.0147501,0
AKEUSDT,resident,新,1788571693000,09-05 09:28:13,0.016556,0.0182116,0.016556,0.0149004,0
AKEUSDT,resident,新,1788571765000,09-05 09:29:25,0.0163735,0.01801085,0.0163735,0.01473615,0
AKEUSDT,resident,新,1788571780000,09-05 09:29:40,0.0165395,0.01819345,0.0165395,0.01488555,0
AKEUSDT,resident,新,1788571807000,09-05 09:30:07,0.0167105,0.01838155,0.0167105,0.01503945,0
AKEUSDT,resident,新,1788571878000,09-05 09:31:18,0.016881,0.0185691,0.016881,0.0151929,0
AKEUSDT,resident,新,1788571904000,09-05 09:31:44,0.017069,0.0187759,0.017069,0.0153621,0
AKEUSDT,resident,新,1788571934000,09-05 09:32:14,0.0172515,0.01897665,0.0172515,0.01552635,0
AKEUSDT,resident,新,1788571960000,09-05 09:32:40,0.0174455,0.01919005,0.0174455,0.01570095,0
AKEUSDT,resident,新,1788571980000,09-05 09:33:00,0.017268,0.0189948,0.017268,0.0155412,0
AKEUSDT,resident,新,1788572004000,09-05 09:33:24,0.017451,0.0191961,0.017451,0.0157059,0
AKEUSDT,resident,新,1788572089000,09-05 09:34:49,0.0172745,0.01900195,0.0172745,0.01554705,0
AKEUSDT,resident,新,1788572097000,09-05 09:34:57,0.017073,0.0187803,0.017073,0.0153657,0
AKEUSDT,resident,新,1788572110000,09-05 09:35:10,0.016842,0.0185262,0.016842,0.0151578,0
AKEUSDT,resident,新,1788572117000,09-05 09:35:17,0.016574,0.0182314,0.016574,0.0149166,0
AKEUSDT,resident,新,1788572140000,09-05 09:35:40,0.01682,0.018502,0.01682,0.015138,0
AKEUSDT,resident,新,1788572171000,09-05 09:36:11,0.0170085,0.01870935,0.0170085,0.01530765,0
AKEUSDT,resident,新,1788572215000,09-05 09:36:55,0.0171972,0.01891692,0.0171972,0.01547748,0
AKEUSDT,resident,新,1788572282000,09-05 09:38:02,0.017394,0.0191334,0.017394,0.0156546,0
AKEUSDT,resident,新,1788572294000,09-05 09:38:14,0.017199,0.0189189,0.017199,0.0154791,0
AKEUSDT,resident,新,1788572318000,09-05 09:38:38,0.017411,0.0191521,0.017411,0.0156699,0
AKEUSDT,resident,新,1788572340000,09-05 09:39:00,0.0172235,0.01894585,0.0172235,0.01550115,0
AKEUSDT,resident,新,1788572462000,09-05 09:41:02,0.0170465,0.01875115,0.0170465,0.01534185,0
AKEUSDT,resident,新,1788572465000,09-05 09:41:05,0.0168755,0.01856305,0.0168755,0.01518795,0
AKEUSDT,resident,新,1788572510000,09-05 09:41:50,0.017127,0.0188397,0.017127,0.0154143,0
AKEUSDT,resident,新,1788572553000,09-05 09:42:33,0.01694505,0.018639555,0.01694505,0.015250545,0
AKEUSDT,resident,新,1788572595000,09-05 09:43:15,0.017131,0.0188441,0.017131,0.0154179,0
AKEUSDT,resident,新,1788572711000,09-05 09:45:11,0.016936,0.0186296,0.016936,0.0152424,0
AKEUSDT,resident,新,1788572761000,09-05 09:46:01,0.0171075,0.01881825,0.0171075,0.01539675,0
AKEUSDT,resident,新,1788572784000,09-05 09:46:24,0.016936,0.0186296,0.016936,0.0152424,0
AKEUSDT,resident,新,1788572807000,09-05 09:46:47,0.016752,0.0184272,0.016752,0.0150768,0
AKEUSDT,resident,新,1788572810000,09-05 09:46:50,0.0165195,0.01817145,0.0165195,0.01486755,0
AKEUSDT,resident,新,1788572825000,09-05 09:47:05,0.016686,0.0183546,0.016686,0.0150174,0
AKEUSDT,resident,新,1788572846000,09-05 09:47:26,0.0169175,0.01860925,0.0169175,0.01522575,0
AKEUSDT,resident,新,1788572850000,09-05 09:47:30,0.0171045,0.01881495,0.0171045,0.01539405,0
AKEUSDT,resident,新,1788572864000,09-05 09:47:44,0.0173255,0.01905805,0.0173255,0.01559295,0
AKEUSDT,resident,新,1788572947000,09-05 09:49:07,0.0170785,0.01878635,0.0170785,0.01537065,0
AKEUSDT,resident,新,1788572948000,09-05 09:49:08,0.0172505,0.01897555,0.0172505,0.01552545,0
AKEUSDT,resident,新,1788572949000,09-05 09:49:09,0.0170755,0.01878305,0.0170755,0.01536795,0
AKEUSDT,resident,新,1788572950000,09-05 09:49:10,0.016894,0.0185834,0.016894,0.0152046,0
AKEUSDT,resident,新,1788572953000,09-05 09:49:13,0.0167095,0.01838045,0.0167095,0.01503855,0
AKEUSDT,resident,新,1788572955000,09-05 09:49:15,0.0169655,0.01866205,0.0169655,0.01526895,0
AKEUSDT,resident,新,1788572962000,09-05 09:49:22,0.0167,0.01837,0.0167,0.01503,0
AKEUSDT,resident,新,1788572968000,09-05 09:49:28,0.016938,0.0186318,0.016938,0.0152442,0
AKEUSDT,resident,新,1788572972000,09-05 09:49:32,0.017119,0.0188309,0.017119,0.0154071,0
AKEUSDT,resident,新,1788572989000,09-05 09:49:49,0.0172975,0.01902725,0.0172975,0.01556775,0
AKEUSDT,resident,新,1788573022000,09-05 09:50:22,0.017476,0.0192236,0.017476,0.0157284,0
AKEUSDT,resident,新,1788573040000,09-05 09:50:40,0.0172995,0.01902945,0.0172995,0.01556955,0
AKEUSDT,resident,新,1788573055000,09-05 09:50:55,0.017549,0.0193039,0.017549,0.0157941,0
AKEUSDT,resident,新,1788573062000,09-05 09:51:02,0.017741,0.0195151,0.017741,0.0159669,0
AKEUSDT,resident,新,1788573100000,09-05 09:51:40,0.0179885,0.01978735,0.0179885,0.01618965,0
AKEUSDT,resident,新,1788573104000,09-05 09:51:44,0.0182085,0.02002935,0.0182085,0.01638765,0
AKEUSDT,resident,新,1788573105000,09-05 09:51:45,0.0184715,0.02031865,0.0184715,0.01662435,0
AKEUSDT,resident,新,1788573109000,09-05 09:51:49,0.018188,0.0200068,0.018188,0.0163692,0
AKEUSDT,resident,新,1788573122000,09-05 09:52:02,0.017984,0.0197824,0.017984,0.0161856,0
AKEUSDT,resident,新,1788573135000,09-05 09:52:15,0.017745,0.0195195,0.017745,0.0159705,0
AKEUSDT,resident,新,1788573164000,09-05 09:52:44,0.0179725,0.01976975,0.0179725,0.01617525,0
AKEUSDT,resident,新,1788573189000,09-05 09:53:09,0.018328,0.0201608,0.018328,0.0164952,0
AKEUSDT,resident,新,1788573201000,09-05 09:53:21,0.0185225,0.02037475,0.0185225,0.01667025,0
AKEUSDT,resident,新,1788573217000,09-05 09:53:37,0.017876,0.0196636,0.017876,0.0160884,0
AKEUSDT,resident,新,1788573218000,09-05 09:53:38,0.016924,0.0186164,0.016924,0.0152316,0
AKEUSDT,resident,新,1788573221000,09-05 09:53:41,0.0167325,0.01840575,0.0167325,0.01505925,0
AKEUSDT,resident,新,1788573222000,09-05 09:53:42,0.016439,0.0180829,0.016439,0.0147951,0
AKEUSDT,resident,新,1788573226000,09-05 09:53:46,0.016253,0.0178783,0.016253,0.0146277,0
AKEUSDT,resident,新,1788573231000,09-05 09:53:51,0.0164365,0.01808015,0.0164365,0.01479285,0
AKEUSDT,resident,新,1788573232000,09-05 09:53:52,0.016779,0.0184569,0.016779,0.0151011,0
AKEUSDT,resident,新,1788573235000,09-05 09:53:55,0.0165865,0.01824515,0.0165865,0.01492785,0
AKEUSDT,resident,新,1788573239000,09-05 09:53:59,0.0168305,0.01851355,0.0168305,0.01514745,0
AKEUSDT,resident,新,1788573241000,09-05 09:54:01,0.016396,0.0180356,0.016396,0.0147564,0
AKEUSDT,resident,新,1788573253000,09-05 09:54:13,0.016597,0.0182567,0.016597,0.0149373,0
AKEUSDT,resident,新,1788573254000,09-05 09:54:14,0.016808,0.0184888,0.016808,0.0151272,0
AKEUSDT,resident,新,1788573257000,09-05 09:54:17,0.0169955,0.01869505,0.0169955,0.01529595,0
AKEUSDT,resident,新,1788573279000,09-05 09:54:39,0.0171685,0.01888535,0.0171685,0.01545165,0
AKEUSDT,resident,新,1788573282000,09-05 09:54:42,0.017385,0.0191235,0.017385,0.0156465,0
AKEUSDT,resident,新,1788573347000,09-05 09:55:47,0.0171935,0.01891285,0.0171935,0.01547415,0
AKEUSDT,resident,新,1788573363000,09-05 09:56:03,0.0174075,0.01914825,0.0174075,0.01566675,0
AKEUSDT,resident,新,1788573369000,09-05 09:56:09,0.017596,0.0193556,0.017596,0.0158364,0
AKEUSDT,resident,新,1788573373000,09-05 09:56:13,0.0177785,0.01955635,0.0177785,0.01600065,0
AKEUSDT,resident,新,1788573410000,09-05 09:56:50,0.017597,0.0193567,0.017597,0.0158373,0
AKEUSDT,resident,新,1788573413000,09-05 09:56:53,0.017394,0.0191334,0.017394,0.0156546,0
AKEUSDT,resident,新,1788573444000,09-05 09:57:24,0.0176055,0.01936605,0.0176055,0.01584495,0
AKEUSDT,resident,新,1788573473000,09-05 09:57:53,0.0174135,0.01915485,0.0174135,0.01567215,0
AKEUSDT,resident,新,1788573485000,09-05 09:58:05,0.017607,0.0193677,0.017607,0.0158463,0
AKEUSDT,resident,新,1788573501000,09-05 09:58:21,0.01779,0.019569,0.01779,0.016011,0
AKEUSDT,resident,新,1788573504000,09-05 09:58:24,0.0179965,0.01979615,0.0179965,0.01619685,0
AKEUSDT,resident,新,1788573629000,09-05 10:00:29,0.0177315,0.01950465,0.0177315,0.01595835,0
AKEUSDT,resident,新,1788573644000,09-05 10:00:44,0.017528,0.0192808,0.017528,0.0157752,0
AKEUSDT,resident,新,1788573659000,09-05 10:00:59,0.017759,0.0195349,0.017759,0.0159831,0
AKEUSDT,resident,新,1788573695000,09-05 10:01:35,0.01757,0.019327,0.01757,0.015813,0
AKEUSDT,resident,新,1788573701000,09-05 10:01:41,0.017782,0.0195602,0.017782,0.0160038,0
AKEUSDT,resident,新,1788573721000,09-05 10:02:01,0.017975,0.0197725,0.017975,0.0161775,0
AKEUSDT,resident,新,1788573753000,09-05 10:02:33,0.018194,0.0200134,0.018194,0.0163746,0
AKEUSDT,resident,新,1788573768000,09-05 10:02:48,0.018005,0.0198055,0.018005,0.0162045,0
AKEUSDT,resident,新,1788573780000,09-05 10:03:00,0.0181905,0.02000955,0.0181905,0.01637145,0
AKEUSDT,resident,新,1788573789000,09-05 10:03:09,0.0183865,0.02022515,0.0183865,0.01654785,0
AKEUSDT,resident,新,1788573805000,09-05 10:03:25,0.0185885,0.02044735,0.0185885,0.01672965,0
AKEUSDT,resident,新,1788573821000,09-05 10:03:41,0.018201,0.0200211,0.018201,0.0163809,0
AKEUSDT,resident,新,1788573822000,09-05 10:03:42,0.017977,0.0197747,0.017977,0.0161793,0
AKEUSDT,resident,新,1788573842000,09-05 10:04:02,0.0182315,0.02005465,0.0182315,0.01640835,0
AKEUSDT,resident,新,1788573876000,09-05 10:04:36,0.0180185,0.01982035,0.0180185,0.01621665,0
AKEUSDT,resident,新,1788573902000,09-05 10:05:02,0.018245,0.0200695,0.018245,0.0164205,0
AKEUSDT,resident,新,1788573957000,09-05 10:05:57,0.0184315,0.02027465,0.0184315,0.01658835,0
AKEUSDT,resident,新,1788574085000,09-05 10:08:05,0.0182135,0.02003485,0.0182135,0.01639215,0
AKEUSDT,resident,新,1788574116000,09-05 10:08:36,0.018403,0.0202433,0.018403,0.0165627,0
AKEUSDT,resident,新,1788574174000,09-05 10:09:34,0.0185925,0.02045175,0.0185925,0.01673325,0
AKEUSDT,resident,新,1788574216000,09-05 10:10:16,0.018389,0.0202279,0.018389,0.0165501,0
AKEUSDT,resident,新,1788574230000,09-05 10:10:30,0.01859,0.020449,0.01859,0.016731,0
AKEUSDT,resident,新,1788574519000,09-05 10:15:19,0.0188035,0.02068385,0.0188035,0.01692315,0
AKEUSDT,resident,新,1788574532000,09-05 10:15:32,0.018591,0.0204501,0.018591,0.0167319,0
AKEUSDT,resident,新,1788574560000,09-05 10:16:00,0.018778,0.0206558,0.018778,0.0169002,0
AKEUSDT,resident,新,1788574587000,09-05 10:16:27,0.0185295,0.02038245,0.0185295,0.01667655,0
AKEUSDT,resident,新,1788574613000,09-05 10:16:53,0.0187155,0.02058705,0.0187155,0.01684395,0
AKEUSDT,resident,新,1788574952000,09-05 10:22:32,0.0185255,0.02037805,0.0185255,0.01667295,0
AKEUSDT,resident,新,1788575031000,09-05 10:23:51,0.018715,0.0205865,0.018715,0.0168435,0
AKEUSDT,resident,新,1788575228000,09-05 10:27:08,0.0189095,0.02080045,0.0189095,0.01701855,0
AKEUSDT,resident,新,1788575251000,09-05 10:27:31,0.0187035,0.02057385,0.0187035,0.01683315,0
AKEUSDT,resident,新,1788575428000,09-05 10:30:28,0.0189245,0.02081695,0.0189245,0.01703205,0
AKEUSDT,resident,新,1788575463000,09-05 10:31:03,0.0187345,0.02060795,0.0187345,0.01686105,0
AKEUSDT,resident,新,1788575518000,09-05 10:31:58,0.0189225,0.02081475,0.0189225,0.01703025,0
AKEUSDT,resident,新,1788575645000,09-05 10:34:05,0.018731,0.0206041,0.018731,0.0168579,0
AKEUSDT,resident,新,1788575687000,09-05 10:34:47,0.0189245,0.02081695,0.0189245,0.01703205,0
AKEUSDT,resident,新,1788575860000,09-05 10:37:40,0.018668,0.0205348,0.018668,0.0168012,0
AKEUSDT,resident,新,1788575912000,09-05 10:38:32,0.018861,0.0207471,0.018861,0.0169749,0
AKEUSDT,resident,新,1788576027000,09-05 10:40:27,0.018668,0.0205348,0.018668,0.0168012,0
AKEUSDT,resident,新,1788576041000,09-05 10:40:41,0.018472,0.0203192,0.018472,0.0166248,0
AKEUSDT,resident,新,1788576051000,09-05 10:40:51,0.018657,0.0205227,0.018657,0.0167913,0
AKEUSDT,resident,新,1788576091000,09-05 10:41:31,0.0188445,0.02072895,0.0188445,0.01696005,0
AKEUSDT,resident,新,1788576141000,09-05 10:42:21,0.019164,0.0210804,0.019164,0.0172476,0
AKEUSDT,resident,新,1788576194000,09-05 10:43:14,0.0189525,0.02084775,0.0189525,0.01705725,0
AKEUSDT,resident,新,1788576225000,09-05 10:43:45,0.019147,0.0210617,0.019147,0.0172323,0
AKEUSDT,resident,新,1788576306000,09-05 10:45:06,0.019352,0.0212872,0.019352,0.0174168,0
AKEUSDT,resident,新,1788576316000,09-05 10:45:16,0.019596,0.0215556,0.019596,0.0176364,0
AKEUSDT,resident,新,1788576324000,09-05 10:45:24,0.019343,0.0212773,0.019343,0.0174087,0
AKEUSDT,resident,新,1788576341000,09-05 10:45:41,0.0191485,0.02106335,0.0191485,0.01723365,0
AKEUSDT,resident,新,1788576360000,09-05 10:46:00,0.01935,0.021285,0.01935,0.017415,0
AKEUSDT,resident,新,1788576390000,09-05 10:46:30,0.0189575,0.02085325,0.0189575,0.01706175,0
AKEUSDT,resident,新,1788576447000,09-05 10:47:27,0.0191605,0.02107655,0.0191605,0.01724445,0
AKEUSDT,resident,新,1788576618000,09-05 10:50:18,0.019361,0.0212971,0.019361,0.0174249,0
AKEUSDT,resident,新,1788576645000,09-05 10:50:45,0.0185355,0.02038905,0.0185355,0.01668195,0
AKEUSDT,resident,新,1788576646000,09-05 10:50:46,0.0177765,0.01955415,0.0177765,0.01599885,0
AKEUSDT,resident,新,1788576647000,09-05 10:50:47,0.0179635,0.01975985,0.0179635,0.01616715,0
AKEUSDT,resident,新,1788576651000,09-05 10:50:51,0.017781,0.0195591,0.017781,0.0160029,0
AKEUSDT,resident,新,1788576656000,09-05 10:50:56,0.0174,0.01914,0.0174,0.01566,0
AKEUSDT,resident,新,1788576659000,09-05 10:50:59,0.017176,0.0188936,0.017176,0.0154584,0
AKEUSDT,resident,新,1788576662000,09-05 10:51:02,0.017419,0.0191609,0.017419,0.0156771,0
AKEUSDT,resident,新,1788576663000,09-05 10:51:03,0.017682,0.0194502,0.017682,0.0159138,0
AKEUSDT,resident,新,1788576665000,09-05 10:51:05,0.0179565,0.01975215,0.0179565,0.01616085,0
AKEUSDT,resident,新,1788576671000,09-05 10:51:11,0.0181745,0.01999195,0.0181745,0.01635705,0
AKEUSDT,resident,新,1788576673000,09-05 10:51:13,0.018412,0.0202532,0.018412,0.0165708,0
AKEUSDT,resident,新,1788576681000,09-05 10:51:21,0.018852,0.0207372,0.018852,0.0169668,0
AKEUSDT,resident,新,1788576747000,09-05 10:52:27,0.0190537,0.02095907,0.0190537,0.01714833,0
AKEUSDT,resident,新,1788576997000,09-05 10:56:37,0.0192505,0.02117555,0.0192505,0.01732545,0
AKEUSDT,resident,新,1788577004000,09-05 10:56:44,0.019466,0.0214126,0.019466,0.0175194,0
AKEUSDT,resident,新,1788577018000,09-05 10:56:58,0.019681,0.0216491,0.019681,0.0177129,0
AKEUSDT,resident,新,1788577027000,09-05 10:57:07,0.0199025,0.02189275,0.0199025,0.01791225,0
AKEUSDT,resident,新,1788577029000,09-05 10:57:09,0.019587,0.0215457,0.019587,0.0176283,0
AKEUSDT,resident,新,1788577030000,09-05 10:57:10,0.0193,0.02123,0.0193,0.01737,0
AKEUSDT,resident,新,1788577046000,09-05 10:57:26,0.019034,0.0209374,0.019034,0.0171306,0
AKEUSDT,resident,新,1788577059000,09-05 10:57:39,0.0192405,0.02116455,0.0192405,0.01731645,0
AKEUSDT,resident,新,1788577084000,09-05 10:58:04,0.0194365,0.02138015,0.0194365,0.01749285,0
AKEUSDT,resident,新,1788577101000,09-05 10:58:21,0.0192215,0.02114365,0.0192215,0.01729935,0
AKEUSDT,resident,新,1788577433000,09-05 11:03:53,0.019419,0.0213609,0.019419,0.0174771,0
AKEUSDT,resident,新,1788577725000,09-05 11:08:45,0.0192105,0.02113155,0.0192105,0.01728945,0
AKEUSDT,resident,新,1788577737000,09-05 11:08:57,0.0194065,0.02134715,0.0194065,0.01746585,0
AKEUSDT,resident,新,1788577848000,09-05 11:10:48,0.0196025,0.02156275,0.0196025,0.01764225,0
AKEUSDT,resident,新,1788578107000,09-05 11:15:07,0.019397,0.0213367,0.019397,0.0174573,0
AKEUSDT,resident,新,1788578160000,09-05 11:16:00,0.0191715,0.02108865,0.0191715,0.01725435,0
AKEUSDT,resident,新,1788578185000,09-05 11:16:25,0.0193795,0.02131745,0.0193795,0.01744155,0
AKEUSDT,resident,新,1788578256000,09-05 11:17:36,0.0195765,0.02153415,0.0195765,0.01761885,0
AKEUSDT,resident,新,1788578434000,09-05 11:20:34,0.019376,0.0213136,0.019376,0.0174384,0
AKEUSDT,resident,新,1788578507000,09-05 11:21:47,0.019571,0.0215281,0.019571,0.0176139,0
AKEUSDT,resident,新,1788578568000,09-05 11:22:48,0.019331,0.0212641,0.019331,0.0173979,0
AKEUSDT,resident,新,1788578657000,09-05 11:24:17,0.019134,0.0210474,0.019134,0.0172206,0
AKEUSDT,resident,新,1788578723000,09-05 11:25:23,0.0189355,0.02082905,0.0189355,0.01704195,0
AKEUSDT,resident,新,1788578761000,09-05 11:26:01,0.019204,0.0211244,0.019204,0.0172836,0
AKEUSDT,resident,新,1788578774000,09-05 11:26:14,0.0194225,0.02136475,0.0194225,0.01748025,0
AKEUSDT,resident,新,1788579120000,09-05 11:32:00,0.0196185,0.02158035,0.0196185,0.01765665,0
AKEUSDT,resident,新,1788579628000,09-05 11:40:28,0.019385,0.0213235,0.019385,0.0174465,0
AKEUSDT,resident,新,1788579632000,09-05 11:40:32,0.01916,0.021076,0.01916,0.017244,0
AKEUSDT,resident,新,1788579638000,09-05 11:40:38,0.019371,0.0213081,0.019371,0.0174339,0
AKEUSDT,resident,新,1788579694000,09-05 11:41:34,0.01908115,0.020989265,0.01908115,0.017173035,0
AKEUSDT,resident,新,1788579701000,09-05 11:41:41,0.018684,0.0205524,0.018684,0.0168156,0
AKEUSDT,resident,新,1788579702000,09-05 11:41:42,0.0184465,0.02029115,0.0184465,0.01660185,0
AKEUSDT,resident,新,1788579704000,09-05 11:41:44,0.018753,0.0206283,0.018753,0.0168777,0
AKEUSDT,resident,新,1788579722000,09-05 11:42:02,0.0185225,0.02037475,0.0185225,0.01667025,0
AKEUSDT,resident,新,1788579723000,09-05 11:42:03,0.0183095,0.02014045,0.0183095,0.01647855,0
AKEUSDT,resident,新,1788579728000,09-05 11:42:08,0.017871,0.0196581,0.017871,0.0160839,0
AKEUSDT,resident,新,1788579731000,09-05 11:42:11,0.018204,0.0200244,0.018204,0.0163836,0
AKEUSDT,resident,新,1788579739000,09-05 11:42:19,0.018397,0.0202367,0.018397,0.0165573,0
AKEUSDT,resident,新,1788579787000,09-05 11:43:07,0.018202,0.0200222,0.018202,0.0163818,0
AKEUSDT,resident,新,1788579797000,09-05 11:43:17,0.018397,0.0202367,0.018397,0.0165573,0
AKEUSDT,resident,新,1788579810000,09-05 11:43:30,0.018199,0.0200189,0.018199,0.0163791,0
AKEUSDT,resident,新,1788579812000,09-05 11:43:32,0.017865,0.0196515,0.017865,0.0160785,0
AKEUSDT,resident,新,1788579818000,09-05 11:43:38,0.0174745,0.01922195,0.0174745,0.01572705,0
AKEUSDT,resident,新,1788579823000,09-05 11:43:43,0.01765,0.019415,0.01765,0.015885,0
AKEUSDT,resident,新,1788579829000,09-05 11:43:49,0.0178855,0.01967405,0.0178855,0.01609695,0
AKEUSDT,resident,新,1788579851000,09-05 11:44:11,0.0180855,0.01989405,0.0180855,0.01627695,0
AKEUSDT,resident,新,1788579853000,09-05 11:44:13,0.018356,0.0201916,0.018356,0.0165204,0
AKEUSDT,resident,新,1788579881000,09-05 11:44:41,0.018544,0.0203984,0.018544,0.0166896,0
AKEUSDT,resident,新,1788579892000,09-05 11:44:52,0.0187585,0.02063435,0.0187585,0.01688265,0
AKEUSDT,resident,新,1788579935000,09-05 11:45:35,0.0190215,0.02092365,0.0190215,0.01711935,0
AKEUSDT,resident,新,1788579939000,09-05 11:45:39,0.018826,0.0207086,0.018826,0.0169434,0
AKEUSDT,resident,新,1788579990000,09-05 11:46:30,0.0190475,0.02095225,0.0190475,0.01714275,0
AKEUSDT,resident,新,1788580000000,09-05 11:46:40,0.0192405,0.02116455,0.0192405,0.01731645,0
AKEUSDT,resident,新,1788580033000,09-05 11:47:13,0.019439,0.0213829,0.019439,0.0174951,0
AKEUSDT,resident,新,1788580144000,09-05 11:49:04,0.019235,0.0211585,0.019235,0.0173115,0
AKEUSDT,resident,新,1788580172000,09-05 11:49:32,0.0194365,0.02138015,0.0194365,0.01749285,0
AKEUSDT,resident,新,1788580256000,09-05 11:50:56,0.01914,0.021054,0.01914,0.017226,0
AKEUSDT,resident,新,1788580284000,09-05 11:51:24,0.0193435,0.02127785,0.0193435,0.01740915,0
AKEUSDT,resident,新,1788580550000,09-05 11:55:50,0.0195445,0.02149895,0.0195445,0.01759005,0
AKEUSDT,resident,新,1788580560000,09-05 11:56:00,0.01926,0.021186,0.01926,0.017334,0
AKEUSDT,resident,新,1788580563000,09-05 11:56:03,0.019493,0.0214423,0.019493,0.0175437,0
AKEUSDT,resident,新,1788581053000,09-05 12:04:13,0.019285,0.0212135,0.019285,0.0173565,0
AKEUSDT,resident,新,1788581068000,09-05 12:04:28,0.0194785,0.02142635,0.0194785,0.01753065,0
AKEUSDT,resident,新,1788581106000,09-05 12:05:06,0.0192575,0.02118325,0.0192575,0.01733175,0
AKEUSDT,resident,新,1788581389000,09-05 12:09:49,0.019457,0.0214027,0.019457,0.0175113,0
AKEUSDT,resident,新,1788581473000,09-05 12:11:13,0.019655,0.0216205,0.019655,0.0176895,0
AKEUSDT,resident,新,1788581482000,09-05 12:11:22,0.0198895,0.02187845,0.0198895,0.01790055,0
AKEUSDT,resident,新,1788581505000,09-05 12:11:45,0.0206875,0.02275625,0.0206875,0.01861875,0
AKEUSDT,resident,新,1788581506000,09-05 12:11:46,0.0202565,0.02228215,0.0202565,0.01823085,0
AKEUSDT,resident,新,1788581519000,09-05 12:11:59,0.020474,0.0225214,0.020474,0.0184266,0
AKEUSDT,resident,新,1788581521000,09-05 12:12:01,0.0208405,0.02292455,0.0208405,0.01875645,0
AKEUSDT,resident,新,1788581522000,09-05 12:12:02,0.0210515,0.02315665,0.0210515,0.01894635,0
AKEUSDT,resident,新,1788581524000,09-05 12:12:04,0.021293,0.0234223,0.021293,0.0191637,0
AKEUSDT,resident,新,1788581533000,09-05 12:12:13,0.021579,0.0237369,0.021579,0.0194211,0
AKEUSDT,resident,新,1788581538000,09-05 12:12:18,0.021298,0.0234278,0.021298,0.0191682,0
AKEUSDT,resident,新,1788581548000,09-05 12:12:28,0.0215125,0.02366375,0.0215125,0.01936125,0
AKEUSDT,resident,新,1788581552000,09-05 12:12:32,0.0212715,0.02339865,0.0212715,0.01914435,0
AKEUSDT,resident,新,1788581560000,09-05 12:12:40,0.0210185,0.02312035,0.0210185,0.01891665,0
AKEUSDT,resident,新,1788581577000,09-05 12:12:57,0.0206895,0.02275845,0.0206895,0.01862055,0
AKEUSDT,resident,新,1788581587000,09-05 12:13:07,0.0209,0.02299,0.0209,0.01881,0
AKEUSDT,resident,新,1788581623000,09-05 12:13:43,0.020648,0.0227128,0.020648,0.0185832,0
AKEUSDT,resident,新,1788581624000,09-05 12:13:44,0.020322,0.0223542,0.020322,0.0182898,0
AKEUSDT,resident,新,1788581627000,09-05 12:13:47,0.0206055,0.02266605,0.0206055,0.01854495,0
AKEUSDT,resident,新,1788581629000,09-05 12:13:49,0.0208745,0.02296195,0.0208745,0.01878705,0
AKEUSDT,resident,新,1788581672000,09-05 12:14:32,0.021154,0.0232694,0.021154,0.0190386,0
AKEUSDT,resident,新,1788581702000,09-05 12:15:02,0.021384,0.0235224,0.021384,0.0192456,0
AKEUSDT,resident,新,1788581727000,09-05 12:15:27,0.0211365,0.02325015,0.0211365,0.01902285,0
AKEUSDT,resident,新,1788581739000,09-05 12:15:39,0.0209075,0.02299825,0.0209075,0.01881675,0
AKEUSDT,resident,新,1788581748000,09-05 12:15:48,0.0206185,0.02268035,0.0206185,0.01855665,0
AKEUSDT,resident,新,1788581755000,09-05 12:15:55,0.020386,0.0224246,0.020386,0.0183474,0
AKEUSDT,resident,新,1788581763000,09-05 12:16:03,0.02012,0.022132,0.02012,0.018108,0
AKEUSDT,resident,新,1788581766000,09-05 12:16:06,0.020376,0.0224136,0.020376,0.0183384,0
AKEUSDT,resident,新,1788581773000,09-05 12:16:13,0.0201295,0.02214245,0.0201295,0.01811655,0
AKEUSDT,resident,新,1788581780000,09-05 12:16:20,0.0203835,0.02242185,0.0203835,0.01834515,0
AKEUSDT,resident,新,1788581813000,09-05 12:16:53,0.0201615,0.02217765,0.0201615,0.01814535,0
AKEUSDT,resident,新,1788581829000,09-05 12:17:09,0.019944,0.0219384,0.019944,0.0179496,0
AKEUSDT,resident,新,1788581846000,09-05 12:17:26,0.020198,0.0222178,0.020198,0.0181782,0
AKEUSDT,resident,新,1788581860000,09-05 12:17:40,0.0204115,0.02245265,0.0204115,0.01837035,0
AKEUSDT,resident,新,1788581985000,09-05 12:19:45,0.020177,0.0221947,0.020177,0.0181593,0
AKEUSDT,resident,新,1788582006000,09-05 12:20:06,0.019868,0.0218548,0.019868,0.0178812,0
AKEUSDT,resident,新,1788582011000,09-05 12:20:11,0.0196,0.02156,0.0196,0.01764,0
AKEUSDT,resident,新,1788582038000,09-05 12:20:38,0.0198265,0.02180915,0.0198265,0.01784385,0
AKEUSDT,resident,新,1788582072000,09-05 12:21:12,0.020025,0.0220275,0.020025,0.0180225,0
AKEUSDT,resident,新,1788582083000,09-05 12:21:23,0.019774,0.0217514,0.019774,0.0177966,0
AKEUSDT,resident,新,1788582137000,09-05 12:22:17,0.019563,0.0215193,0.019563,0.0176067,0
AKEUSDT,resident,新,1788582142000,09-05 12:22:22,0.0192365,0.02116015,0.0192365,0.01731285,0
AKEUSDT,resident,新,1788582185000,09-05 12:23:05,0.0190265,0.02092915,0.0190265,0.01712385,0
AKEUSDT,resident,新,1788582197000,09-05 12:23:17,0.0188055,0.02068605,0.0188055,0.01692495,0
AKEUSDT,resident,新,1788582202000,09-05 12:23:22,0.0186075,0.02046825,0.0186075,0.01674675,0
AKEUSDT,resident,新,1788582224000,09-05 12:23:44,0.018387,0.0202257,0.018387,0.0165483,0
AKEUSDT,resident,新,1788582237000,09-05 12:23:57,0.0181935,0.02001285,0.0181935,0.01637415,0
AKEUSDT,resident,新,1788582242000,09-05 12:24:02,0.0179485,0.01974335,0.0179485,0.01615365,0
AKEUSDT,resident,新,1788582246000,09-05 12:24:06,0.018165,0.0199815,0.018165,0.0163485,0
AKEUSDT,resident,新,1788582256000,09-05 12:24:16,0.0179715,0.01976865,0.0179715,0.01617435,0
AKEUSDT,resident,新,1788582260000,09-05 12:24:20,0.017737,0.0195107,0.017737,0.0159633,0
AKEUSDT,resident,新,1788582285000,09-05 12:24:45,0.0180655,0.01987205,0.0180655,0.01625895,0
AKEUSDT,resident,新,1788582295000,09-05 12:24:55,0.018261,0.0200871,0.018261,0.0164349,0
AKEUSDT,resident,新,1788582298000,09-05 12:24:58,0.0185035,0.02035385,0.0185035,0.01665315,0
AKEUSDT,resident,新,1788582301000,09-05 12:25:01,0.018744,0.0206184,0.018744,0.0168696,0
AKEUSDT,resident,新,1788582304000,09-05 12:25:04,0.019,0.0209,0.019,0.0171,0
AKEUSDT,resident,新,1788582312000,09-05 12:25:12,0.018769,0.0206459,0.018769,0.0168921,0
AKEUSDT,resident,新,1788582327000,09-05 12:25:27,0.018961,0.0208571,0.018961,0.0170649,0
AKEUSDT,resident,新,1788582454000,09-05 12:27:34,0.0191665,0.02108315,0.0191665,0.01724985,0
AKEUSDT,resident,新,1788582601000,09-05 12:30:01,0.0194075,0.02134825,0.0194075,0.01746675,0
AKEUSDT,resident,新,1788582691000,09-05 12:31:31,0.019201,0.0211211,0.019201,0.0172809,0
AKEUSDT,resident,新,1788582695000,09-05 12:31:35,0.018939,0.0208329,0.018939,0.0170451,0
AKEUSDT,resident,新,1788582729000,09-05 12:32:09,0.0191815,0.02109965,0.0191815,0.01726335,0
AKEUSDT,resident,新,1788583117000,09-05 12:38:37,0.01938,0.021318,0.01938,0.017442,0
AKEUSDT,resident,新,1788583197000,09-05 12:39:57,0.0191765,0.02109415,0.0191765,0.01725885,0
AKEUSDT,resident,新,1788583435000,09-05 12:43:55,0.018973,0.0208703,0.018973,0.0170757,0
AKEUSDT,resident,新,1788583554000,09-05 12:45:54,0.018646,0.0205106,0.018646,0.0167814,0
AKEUSDT,resident,新,1788583569000,09-05 12:46:09,0.01845,0.020295,0.01845,0.016605,0
AKEUSDT,resident,新,1788583593000,09-05 12:46:33,0.0182645,0.02009095,0.0182645,0.01643805,0
AKEUSDT,resident,新,1788583600000,09-05 12:46:40,0.018469,0.0203159,0.018469,0.0166221,0
AKEUSDT,resident,新,1788583614000,09-05 12:46:54,0.0182815,0.02010965,0.0182815,0.01645335,0
AKEUSDT,resident,新,1788583688000,09-05 12:48:08,0.018086,0.0198946,0.018086,0.0162774,0
AKEUSDT,resident,新,1788583719000,09-05 12:48:39,0.0182975,0.02012725,0.0182975,0.01646775,0
AKEUSDT,resident,新,1788583764000,09-05 12:49:24,0.0184845,0.02033295,0.0184845,0.01663605,0
AKEUSDT,resident,新,1788583810000,09-05 12:50:10,0.0182945,0.02012395,0.0182945,0.01646505,0
AKEUSDT,resident,新,1788583854000,09-05 12:50:54,0.018075,0.0198825,0.018075,0.0162675,0
AKEUSDT,resident,新,1788583914000,09-05 12:51:54,0.017782,0.0195602,0.017782,0.0160038,0
AKEUSDT,resident,新,1788583981000,09-05 12:53:01,0.0175985,0.01935835,0.0175985,0.01583865,0
AKEUSDT,resident,新,1788583983000,09-05 12:53:03,0.0173885,0.01912735,0.0173885,0.01564965,0
AKEUSDT,resident,新,1788584054000,09-05 12:54:14,0.0175835,0.01934185,0.0175835,0.01582515,0
AKEUSDT,resident,新,1788584072000,09-05 12:54:32,0.017763,0.0195393,0.017763,0.0159867,0
AKEUSDT,resident,新,1788584081000,09-05 12:54:41,0.017582,0.0193402,0.017582,0.0158238,0
AKEUSDT,resident,新,1788584110000,09-05 12:55:10,0.017397,0.0191367,0.017397,0.0156573,0
AKEUSDT,resident,新,1788584125000,09-05 12:55:25,0.01718,0.018898,0.01718,0.015462,0
AKEUSDT,resident,新,1788584135000,09-05 12:55:35,0.0167695,0.01844645,0.0167695,0.01509255,0
AKEUSDT,resident,新,1788584136000,09-05 12:55:36,0.0169845,0.01868295,0.0169845,0.01528605,0
AKEUSDT,resident,新,1788584167000,09-05 12:56:07,0.016814,0.0184954,0.016814,0.0151326,0
AKEUSDT,resident,新,1788584173000,09-05 12:56:13,0.017004,0.0187044,0.017004,0.0153036,0
AKEUSDT,resident,新,1788584225000,09-05 12:57:05,0.017193,0.0189123,0.017193,0.0154737,0
AKEUSDT,resident,新,1788584229000,09-05 12:57:09,0.0174005,0.01914055,0.0174005,0.01566045,0
AKEUSDT,resident,新,1788584282000,09-05 12:58:02,0.017094,0.0188034,0.017094,0.0153846,0
AKEUSDT,resident,新,1788584406000,09-05 13:00:06,0.01685,0.018535,0.01685,0.015165,0
AKEUSDT,resident,新,1788584408000,09-05 13:00:08,0.0165195,0.01817145,0.0165195,0.01486755,0
AKEUSDT,resident,新,1788584419000,09-05 13:00:19,0.016295,0.0179245,0.016295,0.0146655,0
AKEUSDT,resident,新,1788584423000,09-05 13:00:23,0.0161255,0.01773805,0.0161255,0.01451295,0
AKEUSDT,resident,新,1788584431000,09-05 13:00:31,0.016349,0.0179839,0.016349,0.0147141,0
AKEUSDT,resident,新,1788584485000,09-05 13:01:25,0.0161855,0.01780405,0.0161855,0.01456695,0
AKEUSDT,resident,新,1788584502000,09-05 13:01:42,0.0159235,0.01751585,0.0159235,0.01433115,0
AKEUSDT,resident,新,1788584554000,09-05 13:02:34,0.0157635,0.01733985,0.0157635,0.01418715,0
AKEUSDT,resident,新,1788584564000,09-05 13:02:44,0.0159225,0.01751475,0.0159225,0.01433025,0
AKEUSDT,resident,新,1788584596000,09-05 13:03:16,0.0157445,0.01731895,0.0157445,0.01417005,0
AKEUSDT,resident,新,1788584653000,09-05 13:04:13,0.015958,0.0175538,0.015958,0.0143622,0
AKEUSDT,resident,新,1788584662000,09-05 13:04:22,0.0161455,0.01776005,0.0161455,0.01453095,0
AKEUSDT,resident,新,1788584674000,09-05 13:04:34,0.0163465,0.01798115,0.0163465,0.01471185,0
AKEUSDT,resident,新,1788584693000,09-05 13:04:53,0.016172,0.0177892,0.016172,0.0145548,0
AKEUSDT,resident,新,1788584714000,09-05 13:05:14,0.0159935,0.01759285,0.0159935,0.01439415,0
AKEUSDT,resident,新,1788584736000,09-05 13:05:36,0.015831,0.0174141,0.015831,0.0142479,0
AKEUSDT,resident,新,1788584741000,09-05 13:05:41,0.0159945,0.01759395,0.0159945,0.01439505,0
AKEUSDT,resident,新,1788584754000,09-05 13:05:54,0.01617,0.017787,0.01617,0.014553,0
AKEUSDT,resident,新,1788584764000,09-05 13:06:04,0.016379,0.0180169,0.016379,0.0147411,0
AKEUSDT,resident,新,1788584766000,09-05 13:06:06,0.0165475,0.01820225,0.0165475,0.01489275,0
AKEUSDT,resident,新,1788584768000,09-05 13:06:08,0.0167235,0.01839585,0.0167235,0.01505115,0
AKEUSDT,resident,新,1788584775000,09-05 13:06:15,0.016901,0.0185911,0.016901,0.0152109,0
AKEUSDT,resident,新,1788584788000,09-05 13:06:28,0.016676,0.0183436,0.016676,0.0150084,0
AKEUSDT,resident,新,1788584791000,09-05 13:06:31,0.0169235,0.01861585,0.0169235,0.01523115,0
AKEUSDT,resident,新,1788584800000,09-05 13:06:40,0.0171055,0.01881605,0.0171055,0.01539495,0
AKEUSDT,resident,新,1788584812000,09-05 13:06:52,0.016908,0.0185988,0.016908,0.0152172,0
AKEUSDT,resident,新,1788584838000,09-05 13:07:18,0.016729,0.0184019,0.016729,0.0150561,0
AKEUSDT,resident,新,1788584848000,09-05 13:07:28,0.0165615,0.01821765,0.0165615,0.01490535,0
AKEUSDT,resident,新,1788584859000,09-05 13:07:39,0.01637,0.018007,0.01637,0.014733,0
AKEUSDT,resident,新,1788584881000,09-05 13:08:01,0.016149,0.0177639,0.016149,0.0145341,0
AKEUSDT,resident,新,1788584885000,09-05 13:08:05,0.016382,0.0180202,0.016382,0.0147438,0
AKEUSDT,resident,新,1788584887000,09-05 13:08:07,0.0165475,0.01820225,0.0165475,0.01489275,0
AKEUSDT,resident,新,1788584889000,09-05 13:08:09,0.016735,0.0184085,0.016735,0.0150615,0
AKEUSDT,resident,新,1788584902000,09-05 13:08:22,0.01656,0.018216,0.01656,0.014904,0
AKEUSDT,resident,新,1788584996000,09-05 13:09:56,0.0163495,0.01798445,0.0163495,0.01471455,0
AKEUSDT,resident,新,1788585037000,09-05 13:10:37,0.016534,0.0181874,0.016534,0.0148806,0
AKEUSDT,resident,新,1788585052000,09-05 13:10:52,0.016362,0.0179982,0.016362,0.0147258,0
AKEUSDT,resident,新,1788585145000,09-05 13:12:25,0.0165305,0.01818355,0.0165305,0.01487745,0
AKEUSDT,resident,新,1788585309000,09-05 13:15:09,0.016365,0.0180015,0.016365,0.0147285,0
AKEUSDT,resident,新,1788585356000,09-05 13:15:56,0.016194,0.0178134,0.016194,0.0145746,0
AKEUSDT,resident,新,1788585358000,09-05 13:15:58,0.01603,0.017633,0.01603,0.014427,0
AKEUSDT,resident,新,1788585381000,09-05 13:16:21,0.016228,0.0178508,0.016228,0.0146052,0
AKEUSDT,resident,新,1788585598000,09-05 13:19:58,0.016416,0.0180576,0.016416,0.0147744,0
AKEUSDT,resident,新,1788585639000,09-05 13:20:39,0.016585,0.0182435,0.016585,0.0149265,0
AKEUSDT,resident,新,1788585663000,09-05 13:21:03,0.0164115,0.01805265,0.0164115,0.01477035,0
AKEUSDT,resident,新,1788585694000,09-05 13:21:34,0.0166285,0.01829135,0.0166285,0.01496565,0
AKEUSDT,resident,新,1788585720000,09-05 13:22:00,0.0168245,0.01850695,0.0168245,0.01514205,0
AKEUSDT,resident,新,1788585743000,09-05 13:22:23,0.01665,0.018315,0.01665,0.014985,0
AKEUSDT,resident,新,1788585811000,09-05 13:23:31,0.016477,0.0181247,0.016477,0.0148293,0
AKEUSDT,resident,新,1788585855000,09-05 13:24:15,0.0166435,0.01830785,0.0166435,0.01497915,0
AKEUSDT,resident,新,1788585876000,09-05 13:24:36,0.0164715,0.01811865,0.0164715,0.01482435,0
AKEUSDT,resident,新,1788585914000,09-05 13:25:14,0.016271,0.0178981,0.016271,0.0146439,0
AKEUSDT,resident,新,1788585995000,09-05 13:26:35,0.0164515,0.01809665,0.0164515,0.01480635,0
AKEUSDT,resident,新,1788586043000,09-05 13:27:23,0.0162705,0.01789755,0.0162705,0.01464345,0
AKEUSDT,resident,新,1788586175000,09-05 13:29:35,0.0164445,0.01808895,0.0164445,0.01480005,0
AKEUSDT,resident,新,1788586277000,09-05 13:31:17,0.0162695,0.01789645,0.0162695,0.01464255,0
AKEUSDT,resident,新,1788586485000,09-05 13:34:45,0.0164425,0.01808675,0.0164425,0.01479825,0
AKEUSDT,resident,新,1788586617000,09-05 13:36:57,0.016274,0.0179014,0.016274,0.0146466,0
AKEUSDT,resident,新,1788586704000,09-05 13:38:24,0.0164965,0.01814615,0.0164965,0.01484685,0
AKEUSDT,resident,新,1788586831000,09-05 13:40:31,0.016321,0.0179531,0.016321,0.0146889,0
AKEUSDT,resident,新,1788586875000,09-05 13:41:15,0.0164855,0.01813405,0.0164855,0.01483695,0
AKEUSDT,resident,新,1788586884000,09-05 13:41:24,0.0162995,0.01792945,0.0162995,0.01466955,0
AKEUSDT,resident,新,1788587001000,09-05 13:43:21,0.016129,0.0177419,0.016129,0.0145161,0
AKEUSDT,resident,新,1788587078000,09-05 13:44:38,0.0163195,0.01795145,0.0163195,0.01468755,0
AKEUSDT,resident,新,1788587161000,09-05 13:46:01,0.016492,0.0181412,0.016492,0.0148428,0
AKEUSDT,resident,新,1788587190000,09-05 13:46:30,0.016697,0.0183667,0.016697,0.0150273,0
AKEUSDT,resident,新,1788587228000,09-05 13:47:08,0.016897,0.0185867,0.016897,0.0152073,0
AKEUSDT,resident,新,1788587237000,09-05 13:47:17,0.016717,0.0183887,0.016717,0.0150453,0
AKEUSDT,resident,新,1788587283000,09-05 13:48:03,0.016543,0.0181973,0.016543,0.0148887,0
AKEUSDT,resident,新,1788587351000,09-05 13:49:11,0.016715,0.0183865,0.016715,0.0150435,0
AKEUSDT,resident,新,1788587538000,09-05 13:52:18,0.016528,0.0181808,0.016528,0.0148752,0
AKEUSDT,resident,新,1788587618000,09-05 13:53:38,0.016357,0.0179927,0.016357,0.0147213,0
AKEUSDT,resident,新,1788587664000,09-05 13:54:24,0.0165235,0.01817585,0.0165235,0.01487115,0
AKEUSDT,resident,新,1788588178000,09-05 14:02:58,0.016345,0.0179795,0.016345,0.0147105,0
AKEUSDT,resident,新,1788588249000,09-05 14:04:09,0.016179,0.0177969,0.016179,0.0145611,0
AKEUSDT,resident,新,1788588477000,09-05 14:07:57,0.0163425,0.01797675,0.0163425,0.01470825,0
AKEUSDT,resident,新,1788588806000,09-05 14:13:26,0.016169,0.0177859,0.016169,0.0145521,0
AKEUSDT,resident,新,1788588818000,09-05 14:13:38,0.016337,0.0179707,0.016337,0.0147033,0
AKEUSDT,resident,新,1788588865000,09-05 14:14:25,0.0165025,0.01815275,0.0165025,0.01485225,0
AKEUSDT,resident,新,1788589113000,09-05 14:18:33,0.016327,0.0179597,0.016327,0.0146943,0
AKEUSDT,resident,新,1788589392000,09-05 14:23:12,0.0164935,0.01814285,0.0164935,0.01484415,0
AKEUSDT,resident,新,1788589590000,09-05 14:26:30,0.016328,0.0179608,0.016328,0.0146952,0
AKEUSDT,resident,新,1788589840000,09-05 14:30:40,0.0164935,0.01814285,0.0164935,0.01484415,0
AKEUSDT,resident,新,1788590432000,09-05 14:40:32,0.016273,0.0179003,0.016273,0.0146457,0
AKEUSDT,resident,新,1788590547000,09-05 14:42:27,0.016453,0.0180983,0.016453,0.0148077,0
AKEUSDT,resident,新,1788590989000,09-05 14:49:49,0.0166195,0.01828145,0.0166195,0.01495755,0
AKEUSDT,resident,新,1788591019000,09-05 14:50:19,0.0167885,0.01846735,0.0167885,0.01510965,0
AKEUSDT,resident,新,1788591058000,09-05 14:50:58,0.0166155,0.01827705,0.0166155,0.01495395,0
AKEUSDT,resident,新,1788591541000,09-05 14:59:01,0.0168122,0.01849342,0.0168122,0.01513098,0
AKEUSDT,resident,新,1788591561000,09-05 14:59:21,0.0169865,0.01868515,0.0169865,0.01528785,0
AKEUSDT,resident,新,1788591570000,09-05 14:59:30,0.0172065,0.01892715,0.0172065,0.01548585,0
AKEUSDT,resident,新,1788591588000,09-05 14:59:48,0.017447,0.0191917,0.017447,0.0157023,0
AKEUSDT,resident,新,1788591596000,09-05 14:59:56,0.017644,0.0194084,0.017644,0.0158796,0
AKEUSDT,resident,新,1788591625000,09-05 15:00:25,0.017838,0.0196218,0.017838,0.0160542,0
AKEUSDT,resident,新,1788591662000,09-05 15:01:02,0.018074,0.0198814,0.018074,0.0162666,0
AKEUSDT,resident,新,1788591666000,09-05 15:01:06,0.018298,0.0201278,0.018298,0.0164682,0
AKEUSDT,resident,新,1788591721000,09-05 15:02:01,0.018611,0.0204721,0.018611,0.0167499,0
AKEUSDT,resident,新,1788591739000,09-05 15:02:19,0.0188175,0.02069925,0.0188175,0.01693575,0
AKEUSDT,resident,新,1788591783000,09-05 15:03:03,0.0186195,0.02048145,0.0186195,0.01675755,0
AKEUSDT,resident,新,1788591786000,09-05 15:03:06,0.018824,0.0207064,0.018824,0.0169416,0
AKEUSDT,resident,新,1788591817000,09-05 15:03:37,0.019047,0.0209517,0.019047,0.0171423,0
AKEUSDT,resident,新,1788591827000,09-05 15:03:47,0.018833,0.0207163,0.018833,0.0169497,0
AKEUSDT,resident,新,1788591841000,09-05 15:04:01,0.0190405,0.02094455,0.0190405,0.01713645,0
AKEUSDT,resident,新,1788591902000,09-05 15:05:02,0.0192555,0.02118105,0.0192555,0.01732995,0
AKEUSDT,resident,新,1788591960000,09-05 15:06:00,0.019449,0.0213939,0.019449,0.0175041,0
AKEUSDT,resident,新,1788592035000,09-05 15:07:15,0.019734,0.0217074,0.019734,0.0177606,0
AKEUSDT,resident,新,1788592093000,09-05 15:08:13,0.0199575,0.02195325,0.0199575,0.01796175,0
AKEUSDT,resident,新,1788592138000,09-05 15:08:58,0.0197415,0.02171565,0.0197415,0.01776735,0
AKEUSDT,resident,新,1788592144000,09-05 15:09:04,0.019947,0.0219417,0.019947,0.0179523,0
AKEUSDT,resident,新,1788592151000,09-05 15:09:11,0.0196945,0.02166395,0.0196945,0.01772505,0
AKEUSDT,resident,新,1788592152000,09-05 15:09:12,0.019278,0.0212058,0.019278,0.0173502,0
AKEUSDT,resident,新,1788592154000,09-05 15:09:14,0.018895,0.0207845,0.018895,0.0170055,0
AKEUSDT,resident,新,1788592155000,09-05 15:09:15,0.018677,0.0205447,0.018677,0.0168093,0
AKEUSDT,resident,新,1788592157000,09-05 15:09:17,0.01889,0.020779,0.01889,0.017001,0
AKEUSDT,resident,新,1788592165000,09-05 15:09:25,0.0190995,0.02100945,0.0190995,0.01718955,0
AKEUSDT,resident,新,1788592172000,09-05 15:09:32,0.019305,0.0212355,0.019305,0.0173745,0
AKEUSDT,resident,新,1788592175000,09-05 15:09:35,0.019073,0.0209803,0.019073,0.0171657,0
AKEUSDT,resident,新,1788592177000,09-05 15:09:37,0.019308,0.0212388,0.019308,0.0173772,0
AKEUSDT,resident,新,1788592185000,09-05 15:09:45,0.0190805,0.02098855,0.0190805,0.01717245,0
AKEUSDT,resident,新,1788592205000,09-05 15:10:05,0.018882,0.0207702,0.018882,0.0169938,0
AKEUSDT,resident,新,1788592209000,09-05 15:10:09,0.019082,0.0209902,0.019082,0.0171738,0
AKEUSDT,resident,新,1788592212000,09-05 15:10:12,0.0188825,0.02077075,0.0188825,0.01699425,0
AKEUSDT,resident,新,1788592257000,09-05 15:10:57,0.018678,0.0205458,0.018678,0.0168102,0
AKEUSDT,resident,新,1788592262000,09-05 15:11:02,0.0184905,0.02033955,0.0184905,0.01664145,0
AKEUSDT,resident,新,1788592265000,09-05 15:11:05,0.0181145,0.01992595,0.0181145,0.01630305,0
AKEUSDT,resident,新,1788592267000,09-05 15:11:07,0.0183015,0.02013165,0.0183015,0.01647135,0
AKEUSDT,resident,新,1788592271000,09-05 15:11:11,0.018062,0.0198682,0.018062,0.0162558,0
AKEUSDT,resident,新,1788592273000,09-05 15:11:13,0.017866,0.0196526,0.017866,0.0160794,0
AKEUSDT,resident,新,1788592279000,09-05 15:11:19,0.01808,0.019888,0.01808,0.016272,0
AKEUSDT,resident,新,1788592295000,09-05 15:11:35,0.0178955,0.01968505,0.0178955,0.01610595,0
AKEUSDT,resident,新,1788592310000,09-05 15:11:50,0.0180825,0.01989075,0.0180825,0.01627425,0
AKEUSDT,resident,新,1788592320000,09-05 15:12:00,0.0178535,0.01963885,0.0178535,0.01606815,0
AKEUSDT,resident,新,1788592368000,09-05 15:12:48,0.017673,0.0194403,0.017673,0.0159057,0
AKEUSDT,resident,新,1788592377000,09-05 15:12:57,0.0179005,0.01969055,0.0179005,0.01611045,0
AKEUSDT,resident,新,1788592383000,09-05 15:13:03,0.017672,0.0194392,0.017672,0.0159048,0
AKEUSDT,resident,新,1788592393000,09-05 15:13:13,0.0178495,0.01963445,0.0178495,0.01606455,0
AKEUSDT,resident,新,1788592413000,09-05 15:13:33,0.018056,0.0198616,0.018056,0.0162504,0
AKEUSDT,resident,新,1788592480000,09-05 15:14:40,0.0178585,0.01964435,0.0178585,0.01607265,0
AKEUSDT,resident,新,1788592498000,09-05 15:14:58,0.0176735,0.01944085,0.0176735,0.01590615,0
AKEUSDT,resident,新,1788592512000,09-05 15:15:12,0.017853,0.0196383,0.017853,0.0160677,0
AKEUSDT,resident,新,1788592515000,09-05 15:15:15,0.0181,0.01991,0.0181,0.01629,0
AKEUSDT,resident,新,1788592622000,09-05 15:17:02,0.018286,0.0201146,0.018286,0.0164574,0
AKEUSDT,resident,新,1788592636000,09-05 15:17:16,0.01808,0.019888,0.01808,0.016272,0
AKEUSDT,resident,新,1788592653000,09-05 15:17:33,0.017871,0.0196581,0.017871,0.0160839,0
AKEUSDT,resident,新,1788592754000,09-05 15:19:14,0.0180595,0.01986545,0.0180595,0.01625355,0
AKEUSDT,resident,新,1788593060000,09-05 15:24:20,0.0182615,0.02008765,0.0182615,0.01643535,0
AKEUSDT,resident,新,1788593135000,09-05 15:25:35,0.0180535,0.01985885,0.0180535,0.01624815,0
AKEUSDT,resident,新,1788593295000,09-05 15:28:15,0.0178725,0.01965975,0.0178725,0.01608525,0
AKEUSDT,resident,新,1788593311000,09-05 15:28:31,0.017672,0.0194392,0.017672,0.0159048,0
AKEUSDT,resident,新,1788593335000,09-05 15:28:55,0.017853,0.0196383,0.017853,0.0160677,0
AKEUSDT,resident,新,1788593378000,09-05 15:29:38,0.01804,0.019844,0.01804,0.016236,0
AKEUSDT,resident,新,1788593424000,09-05 15:30:24,0.0178525,0.01963775,0.0178525,0.01606725,0
AKEUSDT,resident,新,1788593444000,09-05 15:30:44,0.017666,0.0194326,0.017666,0.0158994,0
AKEUSDT,resident,新,1788593549000,09-05 15:32:29,0.017849,0.0196339,0.017849,0.0160641,0
AKEUSDT,resident,新,1788593804000,09-05 15:36:44,0.01804,0.019844,0.01804,0.016236,0
AKEUSDT,resident,新,1788594025000,09-05 15:40:25,0.018228,0.0200508,0.018228,0.0164052,0
AKEUSDT,resident,新,1788594039000,09-05 15:40:39,0.018448,0.0202928,0.018448,0.0166032,0
AKEUSDT,resident,新,1788594095000,09-05 15:41:35,0.018243,0.0200673,0.018243,0.0164187,0
AKEUSDT,resident,新,1788594267000,09-05 15:44:27,0.0184345,0.02027795,0.0184345,0.01659105,0
AKEUSDT,resident,新,1788594305000,09-05 15:45:05,0.0182215,0.02004365,0.0182215,0.01639935,0
AKEUSDT,resident,新,1788594362000,09-05 15:46:02,0.0179985,0.01979835,0.0179985,0.01619865,0
AKEUSDT,resident,新,1788594545000,09-05 15:49:05,0.017776,0.0195536,0.017776,0.0159984,0
AKEUSDT,resident,新,1788594550000,09-05 15:49:10,0.0179595,0.01975545,0.0179595,0.01616355,0
AKEUSDT,resident,新,1788594612000,09-05 15:50:12,0.017775,0.0195525,0.017775,0.0159975,0
AKEUSDT,resident,新,1788594616000,09-05 15:50:16,0.017571,0.0193281,0.017571,0.0158139,0
AKEUSDT,resident,新,1788594666000,09-05 15:51:06,0.0173305,0.01906355,0.0173305,0.01559745,0
AKEUSDT,resident,新,1788594679000,09-05 15:51:19,0.0175055,0.01925605,0.0175055,0.01575495,0
AKEUSDT,resident,新,1788594723000,09-05 15:52:03,0.0172715,0.01899865,0.0172715,0.01554435,0
AKEUSDT,resident,新,1788594732000,09-05 15:52:12,0.0169875,0.01868625,0.0169875,0.01528875,0
AKEUSDT,resident,新,1788594736000,09-05 15:52:16,0.0168105,0.01849155,0.0168105,0.01512945,0
AKEUSDT,resident,新,1788594739000,09-05 15:52:19,0.016984,0.0186824,0.016984,0.0152856,0
AKEUSDT,resident,新,1788594759000,09-05 15:52:39,0.017165,0.0188815,0.017165,0.0154485,0
AKEUSDT,resident,新,1788594840000,09-05 15:54:00,0.016986,0.0186846,0.016986,0.0152874,0
AKEUSDT,resident,新,1788594897000,09-05 15:54:57,0.0167945,0.01847395,0.0167945,0.01511505,0
AKEUSDT,resident,新,1788594911000,09-05 15:55:11,0.016626,0.0182886,0.016626,0.0149634,0
AKEUSDT,resident,新,1788595022000,09-05 15:57:02,0.016455,0.0181005,0.016455,0.0148095,0
AKEUSDT,resident,新,1788595039000,09-05 15:57:19,0.0162655,0.01789205,0.0162655,0.01463895,0
AKEUSDT,resident,新,1788595050000,09-05 15:57:30,0.0164345,0.01807795,0.0164345,0.01479105,0
AKEUSDT,resident,新,1788595169000,09-05 15:59:29,0.0166355,0.01829905,0.0166355,0.01497195,0
AKEUSDT,resident,新,1788595241000,09-05 16:00:41,0.0168065,0.01848715,0.0168065,0.01512585,0
AKEUSDT,resident,新,1788595293000,09-05 16:01:33,0.016981,0.0186791,0.016981,0.0152829,0
AKEUSDT,resident,新,1788595351000,09-05 16:02:31,0.017164,0.0188804,0.017164,0.0154476,0
AKEUSDT,resident,新,1788595435000,09-05 16:03:55,0.016911,0.0186021,0.016911,0.0152199,0
AKEUSDT,resident,新,1788595473000,09-05 16:04:33,0.0170805,0.01878855,0.0170805,0.01537245,0
AKEUSDT,resident,新,1788595623000,09-05 16:07:03,0.016902,0.0185922,0.016902,0.0152118,0
AKEUSDT,resident,新,1788595634000,09-05 16:07:14,0.017077,0.0187847,0.017077,0.0153693,0
AKEUSDT,resident,新,1788595822000,09-05 16:10:22,0.017257,0.0189827,0.017257,0.0155313,0
AKEUSDT,resident,新,1788595844000,09-05 16:10:44,0.0174785,0.01922635,0.0174785,0.01573065,0
AKEUSDT,resident,新,1788595933000,09-05 16:12:13,0.0176655,0.01943205,0.0176655,0.01589895,0
AKEUSDT,resident,新,1788595959000,09-05 16:12:39,0.017854,0.0196394,0.017854,0.0160686,0
AKEUSDT,resident,新,1788596001000,09-05 16:13:21,0.0180345,0.01983795,0.0180345,0.01623105,0
AKEUSDT,resident,新,1788596020000,09-05 16:13:40,0.0178395,0.01962345,0.0178395,0.01605555,0
AKEUSDT,resident,新,1788596346000,09-05 16:19:06,0.0176545,0.01941995,0.0176545,0.01588905,0
AKEUSDT,resident,新,1788596401000,09-05 16:20:01,0.017853,0.0196383,0.017853,0.0160677,0
AKEUSDT,resident,新,1788597268000,09-05 16:34:28,0.017656,0.0194216,0.017656,0.0158904,0
AKEUSDT,resident,新,1788597274000,09-05 16:34:34,0.017459,0.0192049,0.017459,0.0157131,0
AKEUSDT,resident,新,1788597345000,09-05 16:35:45,0.0176395,0.01940345,0.0176395,0.01587555,0
AKEUSDT,resident,新,1788597649000,09-05 16:40:49,0.0174625,0.01920875,0.0174625,0.01571625,0
AKEUSDT,resident,新,1788597738000,09-05 16:42:18,0.01766,0.019426,0.01766,0.015894,0
AKEUSDT,resident,新,1788597962000,09-05 16:46:02,0.0178445,0.01962895,0.0178445,0.01606005,0
AKEUSDT,resident,新,1788597972000,09-05 16:46:12,0.017627,0.0193897,0.017627,0.0158643,0
AKEUSDT,resident,新,1788598710000,09-05 16:58:30,0.0178265,0.01960915,0.0178265,0.01604385,0
AKEUSDT,resident,新,1788598731000,09-05 16:58:51,0.018011,0.0198121,0.018011,0.0162099,0
AKEUSDT,resident,新,1788598738000,09-05 16:58:58,0.018199,0.0200189,0.018199,0.0163791,0
AKEUSDT,resident,新,1788598759000,09-05 16:59:19,0.018392,0.0202312,0.018392,0.0165528,0
AKEUSDT,resident,新,1788598780000,09-05 16:59:40,0.0185855,0.02044405,0.0185855,0.01672695,0
AKEUSDT,resident,新,1788598797000,09-05 16:59:57,0.018807,0.0206877,0.018807,0.0169263,0
AKEUSDT,resident,新,1788598833000,09-05 17:00:33,0.0185025,0.02035275,0.0185025,0.01665225,0
AKEUSDT,resident,新,1788598863000,09-05 17:01:03,0.018304,0.0201344,0.018304,0.0164736,0
AKEUSDT,resident,新,1788598920000,09-05 17:02:00,0.0184935,0.02034285,0.0184935,0.01664415,0
AKEUSDT,resident,新,1788598947000,09-05 17:02:27,0.018712,0.0205832,0.018712,0.0168408,0
AKEUSDT,resident,新,1788599093000,09-05 17:04:53,0.018904,0.0207944,0.018904,0.0170136,0
AKEUSDT,resident,新,1788599130000,09-05 17:05:30,0.018696,0.0205656,0.018696,0.0168264,0
AKEUSDT,resident,新,1788599146000,09-05 17:05:46,0.018899,0.0207889,0.018899,0.0170091,0
AKEUSDT,resident,新,1788599632000,09-05 17:13:52,0.018675,0.0205425,0.018675,0.0168075,0
AKEUSDT,resident,新,1788599647000,09-05 17:14:07,0.018876,0.0207636,0.018876,0.0169884,0
AKEUSDT,resident,新,1788599805000,09-05 17:16:45,0.019076,0.0209836,0.019076,0.0171684,0
AKEUSDT,resident,新,1788599860000,09-05 17:17:40,0.019298,0.0212278,0.019298,0.0173682,0
AKEUSDT,resident,新,1788599957000,09-05 17:19:17,0.0194995,0.02144945,0.0194995,0.01754955,0
AKEUSDT,resident,新,1788600135000,09-05 17:22:15,0.019295,0.0212245,0.019295,0.0173655,0
AKEUSDT,resident,新,1788600285000,09-05 17:24:45,0.019102,0.0210122,0.019102,0.0171918,0
AKEUSDT,resident,新,1788600342000,09-05 17:25:42,0.0188835,0.02077185,0.0188835,0.01699515,0
AKEUSDT,resident,新,1788600364000,09-05 17:26:04,0.018669,0.0205359,0.018669,0.0168021,0
AKEUSDT,resident,新,1788600421000,09-05 17:27:01,0.018424,0.0202664,0.018424,0.0165816,0
AKEUSDT,resident,新,1788600423000,09-05 17:27:03,0.0182135,0.02003485,0.0182135,0.01639215,0
AKEUSDT,resident,新,1788600446000,09-05 17:27:26,0.018403,0.0202433,0.018403,0.0165627,0
AKEUSDT,resident,新,1788600547000,09-05 17:29:07,0.0186115,0.02047265,0.0186115,0.01675035,0
AKEUSDT,resident,新,1788600555000,09-05 17:29:15,0.0188405,0.02072455,0.0188405,0.01695645,0
AKEUSDT,resident,新,1788600557000,09-05 17:29:17,0.0190585,0.02096435,0.0190585,0.01715265,0
AKEUSDT,resident,新,1788600559000,09-05 17:29:19,0.0188095,0.02069045,0.0188095,0.01692855,0
AKEUSDT,resident,新,1788600686000,09-05 17:31:26,0.019005,0.0209055,0.019005,0.0171045,0
AKEUSDT,resident,新,1788600773000,09-05 17:32:53,0.018813,0.0206943,0.018813,0.0169317,0
AKEUSDT,resident,新,1788600861000,09-05 17:34:21,0.0190285,0.02093135,0.0190285,0.01712565,0
AKEUSDT,resident,新,1788601891000,09-05 17:51:31,0.018818,0.0206998,0.018818,0.0169362,0
AKEUSDT,resident,新,1788601965000,09-05 17:52:45,0.0185985,0.02045835,0.0185985,0.01673865,0
AKEUSDT,resident,新,1788602023000,09-05 17:53:43,0.0183875,0.02022625,0.0183875,0.01654875,0
AKEUSDT,resident,新,1788602055000,09-05 17:54:15,0.0185735,0.02043085,0.0185735,0.01671615,0
AKEUSDT,resident,新,1788602086000,09-05 17:54:46,0.0187605,0.02063655,0.0187605,0.01688445,0
AKEUSDT,resident,新,1788602206000,09-05 17:56:46,0.0189645,0.02086095,0.0189645,0.01706805,0
AKEUSDT,resident,新,1788602678000,09-05 18:04:38,0.0187605,0.02063655,0.0187605,0.01688445,0
AKEUSDT,resident,新,1788603541000,09-05 18:19:01,0.0189495,0.02084445,0.0189495,0.01705455,0
AKEUSDT,resident,新,1788603786000,09-05 18:23:06,0.0191535,0.02106885,0.0191535,0.01723815,0
AKEUSDT,resident,新,1788603789000,09-05 18:23:09,0.019347,0.0212817,0.019347,0.0174123,0
AKEUSDT,resident,新,1788604937000,09-05 18:42:17,0.0195425,0.02149675,0.0195425,0.01758825,0
AKEUSDT,resident,新,1788605249000,09-05 18:47:29,0.019334,0.0212674,0.019334,0.0174006,0
AKEUSDT,resident,新,1788606024000,09-05 19:00:24,0.0195465,0.02150115,0.0195465,0.01759185,0
AKEUSDT,resident,新,1788607225000,09-05 19:20:25,0.0193405,0.02127455,0.0193405,0.01740645,0
AKEUSDT,resident,新,1788608010000,09-05 19:33:30,0.0195365,0.02149015,0.0195365,0.01758285,0
AKEUSDT,resident,新,1788608754000,09-05 19:45:54,0.0190605,0.02096655,0.0190605,0.01715445,0
AKEUSDT,resident,新,1788608779000,09-05 19:46:19,0.0192755,0.02120305,0.0192755,0.01734795,0
AKEUSDT,resident,新,1788609024000,09-05 19:50:24,0.0194715,0.02141865,0.0194715,0.01752435,0
AKEUSDT,resident,新,1788610200000,09-05 20:10:00,0.019667,0.0216337,0.019667,0.0177003,0
AKEUSDT,resident,新,1788610208000,09-05 20:10:08,0.019866,0.0218526,0.019866,0.0178794,0
AKEUSDT,resident,新,1788610236000,09-05 20:10:36,0.0195495,0.02150445,0.0195495,0.01759455,0
AKEUSDT,resident,新,1788610245000,09-05 20:10:45,0.019341,0.0212751,0.019341,0.0174069,0
AKEUSDT,resident,新,1788610261000,09-05 20:11:01,0.019596,0.0215556,0.019596,0.0176364,0
AKEUSDT,resident,新,1788610306000,09-05 20:11:46,0.019819,0.0218009,0.019819,0.0178371,0
AKEUSDT,resident,新,1788610320000,09-05 20:12:00,0.0201685,0.02218535,0.0201685,0.01815165,0
AKEUSDT,resident,新,1788610355000,09-05 20:12:35,0.01989,0.021879,0.01989,0.017901,0
AKEUSDT,resident,新,1788610413000,09-05 20:13:33,0.019685,0.0216535,0.019685,0.0177165,0
AKEUSDT,resident,新,1788610420000,09-05 20:13:40,0.0193855,0.02132405,0.0193855,0.01744695,0
AKEUSDT,resident,新,1788610434000,09-05 20:13:54,0.019182,0.0211002,0.019182,0.0172638,0
AKEUSDT,resident,新,1788610500000,09-05 20:15:00,0.018944,0.0208384,0.018944,0.0170496,0
AKEUSDT,resident,新,1788610504000,09-05 20:15:04,0.0187295,0.02060245,0.0187295,0.01685655,0
AKEUSDT,resident,新,1788610522000,09-05 20:15:22,0.018936,0.0208296,0.018936,0.0170424,0
AKEUSDT,resident,新,1788610532000,09-05 20:15:32,0.0191715,0.02108865,0.0191715,0.01725435,0
AKEUSDT,resident,新,1788610564000,09-05 20:16:04,0.0193815,0.02131965,0.0193815,0.01744335,0
AKEUSDT,resident,新,1788610624000,09-05 20:17:04,0.019586,0.0215446,0.019586,0.0176274,0
AKEUSDT,resident,新,1788610692000,09-05 20:18:12,0.0193765,0.02131415,0.0193765,0.01743885,0
AKEUSDT,resident,新,1788610706000,09-05 20:18:26,0.0191545,0.02106995,0.0191545,0.01723905,0
AKEUSDT,resident,新,1788610724000,09-05 20:18:44,0.0188725,0.02075975,0.0188725,0.01698525,0
AKEUSDT,resident,新,1788610738000,09-05 20:18:58,0.018607,0.0204677,0.018607,0.0167463,0
AKEUSDT,resident,新,1788610748000,09-05 20:19:08,0.018417,0.0202587,0.018417,0.0165753,0
AKEUSDT,resident,新,1788610764000,09-05 20:19:24,0.018203,0.0200233,0.018203,0.0163827,0
AKEUSDT,resident,新,1788610788000,09-05 20:19:48,0.0184015,0.02024165,0.0184015,0.01656135,0
AKEUSDT,resident,新,1788610800000,09-05 20:20:00,0.01818,0.019998,0.01818,0.016362,0
AKEUSDT,resident,新,1788610817000,09-05 20:20:17,0.018362,0.0201982,0.018362,0.0165258,0
AKEUSDT,resident,新,1788610850000,09-05 20:20:50,0.0185805,0.02043855,0.0185805,0.01672245,0
AKEUSDT,resident,新,1788610860000,09-05 20:21:00,0.0183625,0.02019875,0.0183625,0.01652625,0
AKEUSDT,resident,新,1788610862000,09-05 20:21:02,0.018571,0.0204281,0.018571,0.0167139,0
AKEUSDT,resident,新,1788610871000,09-05 20:21:11,0.0183755,0.02021305,0.0183755,0.01653795,0
AKEUSDT,resident,新,1788610888000,09-05 20:21:28,0.0185935,0.02045285,0.0185935,0.01673415,0
AKEUSDT,resident,新,1788610890000,09-05 20:21:30,0.018795,0.0206745,0.018795,0.0169155,0
AKEUSDT,resident,新,1788610897000,09-05 20:21:37,0.018607,0.0204677,0.018607,0.0167463,0
AKEUSDT,resident,新,1788610925000,09-05 20:22:05,0.0188375,0.02072125,0.0188375,0.01695375,0
AKEUSDT,resident,新,1788610944000,09-05 20:22:24,0.0186105,0.02047155,0.0186105,0.01674945,0
AKEUSDT,resident,新,1788610991000,09-05 20:23:11,0.018812,0.0206932,0.018812,0.0169308,0
AKEUSDT,resident,新,1788611017000,09-05 20:23:37,0.0190045,0.02090495,0.0190045,0.01710405,0
AKEUSDT,resident,新,1788611026000,09-05 20:23:46,0.0188095,0.02069045,0.0188095,0.01692855,0
AKEUSDT,resident,新,1788611047000,09-05 20:24:07,0.0190055,0.02090605,0.0190055,0.01710495,0
AKEUSDT,resident,新,1788611283000,09-05 20:28:03,0.019229,0.0211519,0.019229,0.0173061,0
AKEUSDT,resident,新,1788611361000,09-05 20:29:21,0.01903,0.020933,0.01903,0.017127,0
AKEUSDT,resident,新,1788611566000,09-05 20:32:46,0.019229,0.0211519,0.019229,0.0173061,0
AKEUSDT,resident,新,1788611674000,09-05 20:34:34,0.019424,0.0213664,0.019424,0.0174816,0
AKEUSDT,resident,新,1788611716000,09-05 20:35:16,0.0196205,0.02158255,0.0196205,0.01765845,0
AKEUSDT,resident,新,1788611810000,09-05 20:36:50,0.0198175,0.02179925,0.0198175,0.01783575,0
AKEUSDT,resident,新,1788612048000,09-05 20:40:48,0.01943,0.021373,0.01943,0.017487,0
AKEUSDT,resident,新,1788612053000,09-05 20:40:53,0.019217,0.0211387,0.019217,0.0172953,0
AKEUSDT,resident,新,1788612056000,09-05 20:40:56,0.0194625,0.02140875,0.0194625,0.01751625,0
AKEUSDT,resident,新,1788612062000,09-05 20:41:02,0.019235,0.0211585,0.019235,0.0173115,0
AKEUSDT,resident,新,1788612140000,09-05 20:42:20,0.019439,0.0213829,0.019439,0.0174951,0
AKEUSDT,resident,新,1788613171000,09-05 20:59:31,0.019238,0.0211618,0.019238,0.0173142,0
AKEUSDT,resident,新,1788613188000,09-05 20:59:48,0.019044,0.0209484,0.019044,0.0171396,0
AKEUSDT,resident,新,1788613200000,09-05 21:00:00,0.0192575,0.02118325,0.0192575,0.01733175,0
AKEUSDT,resident,新,1788613240000,09-05 21:00:40,0.0194685,0.02141535,0.0194685,0.01752165,0
AKEUSDT,resident,新,1788613247000,09-05 21:00:47,0.0196985,0.02166835,0.0196985,0.01772865,0
AKEUSDT,resident,新,1788613253000,09-05 21:00:53,0.0194675,0.02141425,0.0194675,0.01752075,0
AKEUSDT,resident,新,1788613263000,09-05 21:01:03,0.01924,0.021164,0.01924,0.017316,0
AKEUSDT,resident,新,1788613303000,09-05 21:01:43,0.0190155,0.02091705,0.0190155,0.01711395,0
AKEUSDT,resident,新,1788613352000,09-05 21:02:32,0.019271,0.0211981,0.019271,0.0173439,0
AKEUSDT,resident,新,1788613367000,09-05 21:02:47,0.0190375,0.02094125,0.0190375,0.01713375,0
AKEUSDT,resident,新,1788613519000,09-05 21:05:19,0.018824,0.0207064,0.018824,0.0169416,0
AKEUSDT,resident,新,1788613642000,09-05 21:07:22,0.019049,0.0209539,0.019049,0.0171441,0
AKEUSDT,resident,新,1788613931000,09-05 21:12:11,0.019252,0.0211772,0.019252,0.0173268,0
AKEUSDT,resident,新,1788613988000,09-05 21:13:08,0.0190325,0.02093575,0.0190325,0.01712925,0
AKEUSDT,resident,新,1788614019000,09-05 21:13:39,0.019242,0.0211662,0.019242,0.0173178,0
AKEUSDT,resident,新,1788614084000,09-05 21:14:44,0.019048,0.0209528,0.019048,0.0171432,0
AKEUSDT,resident,新,1788614123000,09-05 21:15:23,0.018853,0.0207383,0.018853,0.0169677,0
AKEUSDT,resident,新,1788614173000,09-05 21:16:13,0.018649,0.0205139,0.018649,0.0167841,0
AKEUSDT,resident,新,1788614664000,09-05 21:24:24,0.01884,0.020724,0.01884,0.016956,0
AKEUSDT,resident,新,1788614721000,09-05 21:25:21,0.0186335,0.02049685,0.0186335,0.01677015,0
AKEUSDT,resident,新,1788614791000,09-05 21:26:31,0.0188265,0.02070915,0.0188265,0.01694385,0
AKEUSDT,resident,新,1788615218000,09-05 21:33:38,0.019028,0.0209308,0.019028,0.0171252,0
AKEUSDT,resident,新,1788615342000,09-05 21:35:42,0.0192725,0.02119975,0.0192725,0.01734525,0
AKEUSDT,resident,新,1788615780000,09-05 21:43:00,0.0194685,0.02141535,0.0194685,0.01752165,0
AKEUSDT,resident,新,1788616297000,09-05 21:51:37,0.0196635,0.02162985,0.0196635,0.01769715,0
AKEUSDT,resident,新,1788616598000,09-05 21:56:38,0.019444,0.0213884,0.019444,0.0174996,0
AKEUSDT,resident,新,1788616610000,09-05 21:56:50,0.0192015,0.02112165,0.0192015,0.01728135,0
AKEUSDT,resident,新,1788616657000,09-05 21:57:37,0.0193985,0.02133835,0.0193985,0.01745865,0
AKEUSDT,resident,新,1788616677000,09-05 21:57:57,0.0191515,0.02106665,0.0191515,0.01723635,0
AKEUSDT,resident,新,1788616745000,09-05 21:59:05,0.0193465,0.02128115,0.0193465,0.01741185,0
AKEUSDT,resident,新,1788617218000,09-05 22:06:58,0.0195405,0.02149455,0.0195405,0.01758645,0
AKEUSDT,resident,新,1788617522000,09-05 22:12:02,0.019737,0.0217107,0.019737,0.0177633,0
AKEUSDT,resident,新,1788617534000,09-05 22:12:14,0.019944,0.0219384,0.019944,0.0179496,0
AKEUSDT,resident,新,1788617596000,09-05 22:13:16,0.0201715,0.02218865,0.0201715,0.01815435,0
AKEUSDT,resident,新,1788617633000,09-05 22:13:53,0.02038,0.022418,0.02038,0.018342,0
AKEUSDT,resident,新,1788617646000,09-05 22:14:06,0.0206375,0.02270125,0.0206375,0.01857375,0
AKEUSDT,resident,新,1788617674000,09-05 22:14:34,0.0202575,0.02228325,0.0202575,0.01823175,0
AKEUSDT,resident,新,1788617688000,09-05 22:14:48,0.0204675,0.02251425,0.0204675,0.01842075,0
AKEUSDT,resident,新,1788617730000,09-05 22:15:30,0.020262,0.0222882,0.020262,0.0182358,0
AKEUSDT,resident,新,1788617737000,09-05 22:15:37,0.020465,0.0225115,0.020465,0.0184185,0
AKEUSDT,resident,新,1788617742000,09-05 22:15:42,0.0202515,0.02227665,0.0202515,0.01822635,0
AKEUSDT,resident,新,1788617766000,09-05 22:16:06,0.020045,0.0220495,0.020045,0.0180405,0
AKEUSDT,resident,新,1788617772000,09-05 22:16:12,0.020254,0.0222794,0.020254,0.0182286,0
AKEUSDT,resident,新,1788617778000,09-05 22:16:18,0.0200455,0.02205005,0.0200455,0.01804095,0
AKEUSDT,resident,新,1788617798000,09-05 22:16:38,0.01983,0.021813,0.01983,0.017847,0
AKEUSDT,resident,新,1788617899000,09-05 22:18:19,0.0195865,0.02154515,0.0195865,0.01762785,0
AKEUSDT,resident,新,1788617918000,09-05 22:18:38,0.0193125,0.02124375,0.0193125,0.01738125,0
AKEUSDT,resident,新,1788617934000,09-05 22:18:54,0.0195355,0.02148905,0.0195355,0.01758195,0
AKEUSDT,resident,新,1788617965000,09-05 22:19:25,0.0193245,0.02125695,0.0193245,0.01739205,0
AKEUSDT,resident,新,1788618023000,09-05 22:20:23,0.0191275,0.02104025,0.0191275,0.01721475,0
AKEUSDT,resident,新,1788618094000,09-05 22:21:34,0.019342,0.0212762,0.019342,0.0174078,0
AKEUSDT,resident,新,1788618127000,09-05 22:22:07,0.0191345,0.02104795,0.0191345,0.01722105,0
AKEUSDT,resident,新,1788618174000,09-05 22:22:54,0.0193355,0.02126905,0.0193355,0.01740195,0
AKEUSDT,resident,新,1788618346000,09-05 22:25:46,0.0191235,0.02103585,0.0191235,0.01721115,0
AKEUSDT,resident,新,1788618485000,09-05 22:28:05,0.0189185,0.02081035,0.0189185,0.01702665,0
AKEUSDT,resident,新,1788618513000,09-05 22:28:33,0.0191285,0.02104135,0.0191285,0.01721565,0
AKEUSDT,resident,新,1788618576000,09-05 22:29:36,0.0193405,0.02127455,0.0193405,0.01740645,0
AKEUSDT,resident,新,1788618759000,09-05 22:32:39,0.0191435,0.02105785,0.0191435,0.01722915,0
AKEUSDT,resident,新,1788618763000,09-05 22:32:43,0.0189455,0.02084005,0.0189455,0.01705095,0
AKEUSDT,resident,新,1788618769000,09-05 22:32:49,0.0187545,0.02062995,0.0187545,0.01687905,0
AKEUSDT,resident,新,1788618883000,09-05 22:34:43,0.018557,0.0204127,0.018557,0.0167013,0
AKEUSDT,resident,新,1788618957000,09-05 22:35:57,0.0188055,0.02068605,0.0188055,0.01692495,0
AKEUSDT,resident,新,1788618961000,09-05 22:36:01,0.0186055,0.02046605,0.0186055,0.01674495,0
AKEUSDT,resident,新,1788618994000,09-05 22:36:34,0.018417,0.0202587,0.018417,0.0165753,0
AKEUSDT,resident,新,1788619098000,09-05 22:38:18,0.0186045,0.02046495,0.0186045,0.01674405,0
AKEUSDT,resident,新,1788619121000,09-05 22:38:41,0.01881,0.020691,0.01881,0.016929,0
AKEUSDT,resident,新,1788619141000,09-05 22:39:01,0.0186025,0.02046275,0.0186025,0.01674225,0
AKEUSDT,resident,新,1788619203000,09-05 22:40:03,0.0188215,0.02070365,0.0188215,0.01693935,0
AKEUSDT,resident,新,1788619434000,09-05 22:43:54,0.018578,0.0204358,0.018578,0.0167202,0
AKEUSDT,resident,新,1788619453000,09-05 22:44:13,0.018772,0.0206492,0.018772,0.0168948,0
AKEUSDT,resident,新,1788619539000,09-05 22:45:39,0.018962,0.0208582,0.018962,0.0170658,0
AKEUSDT,resident,新,1788619670000,09-05 22:47:50,0.01874,0.020614,0.01874,0.016866,0
AKEUSDT,resident,新,1788619693000,09-05 22:48:13,0.0189365,0.02083015,0.0189365,0.01704285,0
AKEUSDT,resident,新,1788619719000,09-05 22:48:39,0.019129,0.0210419,0.019129,0.0172161,0
AKEUSDT,resident,新,1788619738000,09-05 22:48:58,0.0193335,0.02126685,0.0193335,0.01740015,0
AKEUSDT,resident,新,1788619810000,09-05 22:50:10,0.0191075,0.02101825,0.0191075,0.01719675,0
AKEUSDT,resident,新,1788619814000,09-05 22:50:14,0.0188745,0.02076195,0.0188745,0.01698705,0
AKEUSDT,resident,新,1788619836000,09-05 22:50:36,0.0186405,0.02050455,0.0186405,0.01677645,0
AKEUSDT,resident,新,1788619870000,09-05 22:51:10,0.018445,0.0202895,0.018445,0.0166005,0
AKEUSDT,resident,新,1788619942000,09-05 22:52:22,0.01825,0.020075,0.01825,0.016425,0
AKEUSDT,resident,新,1788619965000,09-05 22:52:45,0.018459,0.0203049,0.018459,0.0166131,0
AKEUSDT,resident,新,1788619985000,09-05 22:53:05,0.018193,0.0200123,0.018193,0.0163737,0
AKEUSDT,resident,新,1788620046000,09-05 22:54:06,0.018381,0.0202191,0.018381,0.0165429,0
AKEUSDT,resident,新,1788620191000,09-05 22:56:31,0.0181855,0.02000405,0.0181855,0.01636695,0
AKEUSDT,resident,新,1788620231000,09-05 22:57:11,0.018372,0.0202092,0.018372,0.0165348,0
AKEUSDT,resident,新,1788620388000,09-05 22:59:48,0.018585,0.0204435,0.018585,0.0167265,0
AKEUSDT,resident,新,1788620401000,09-05 23:00:01,0.018773,0.0206503,0.018773,0.0168957,0
AKEUSDT,resident,新,1788620487000,09-05 23:01:27,0.018527,0.0203797,0.018527,0.0166743,0
AKEUSDT,resident,新,1788620931000,09-05 23:08:51,0.0183335,0.02016685,0.0183335,0.01650015,0
AKEUSDT,resident,新,1788621144000,09-05 23:12:24,0.01854,0.020394,0.01854,0.016686,0
AKEUSDT,resident,新,1788621614000,09-05 23:20:14,0.0183525,0.02018775,0.0183525,0.01651725,0
AKEUSDT,resident,新,1788621696000,09-05 23:21:36,0.018552,0.0204072,0.018552,0.0166968,0
AKEUSDT,resident,新,1788621742000,09-05 23:22:22,0.0187555,0.02063105,0.0187555,0.01687995,0
AKEUSDT,resident,新,1788621769000,09-05 23:22:49,0.018969,0.0208659,0.018969,0.0170721,0
AKEUSDT,resident,新,1788621785000,09-05 23:23:05,0.018735,0.0206085,0.018735,0.0168615,0
AKEUSDT,resident,新,1788621787000,09-05 23:23:07,0.018531,0.0203841,0.018531,0.0166779,0
AKEUSDT,resident,新,1788621791000,09-05 23:23:11,0.0187325,0.02060575,0.0187325,0.01685925,0
AKEUSDT,resident,新,1788621925000,09-05 23:25:25,0.018933,0.0208263,0.018933,0.0170397,0
AKEUSDT,resident,新,1788622403000,09-05 23:33:23,0.0191265,0.02103915,0.0191265,0.01721385,0
AKEUSDT,resident,新,1788622948000,09-05 23:42:28,0.018893,0.0207823,0.018893,0.0170037,0
AKEUSDT,resident,新,1788622957000,09-05 23:42:37,0.0186775,0.02054525,0.0186775,0.01680975,0
AKEUSDT,resident,新,1788623011000,09-05 23:43:31,0.0188685,0.02075535,0.0188685,0.01698165,0
AKEUSDT,resident,新,1788623224000,09-05 23:47:04,0.0190575,0.02096325,0.0190575,0.01715175,0
AKEUSDT,resident,新,1788623802000,09-05 23:56:42,0.018841,0.0207251,0.018841,0.0169569,0
AKEUSDT,resident,新,1788623848000,09-05 23:57:28,0.0186435,0.02050785,0.0186435,0.01677915,0
AKEUSDT,resident,新,1788623860000,09-05 23:57:40,0.0188345,0.02071795,0.0188345,0.01695105,0
AKEUSDT,resident,新,1788623880000,09-05 23:58:00,0.018591,0.0204501,0.018591,0.0167319,0
AKEUSDT,resident,新,1788623939000,09-05 23:58:59,0.0187885,0.02066735,0.0187885,0.01690965,0
AKEUSDT,resident,新,1788624003000,09-06 00:00:03,0.0185675,0.02042425,0.0185675,0.01671075,0
AKEUSDT,resident,新,1788624072000,09-06 00:01:12,0.018376,0.0202136,0.018376,0.0165384,0
AKEUSDT,resident,新,1788624092000,09-06 00:01:32,0.017979,0.0197769,0.017979,0.0161811,0
AKEUSDT,resident,新,1788624097000,09-06 00:01:37,0.0177785,0.01955635,0.0177785,0.01600065,0
AKEUSDT,resident,新,1788624113000,09-06 00:01:53,0.0179805,0.01977855,0.0179805,0.01618245,0
AKEUSDT,resident,新,1788624120000,09-06 00:02:00,0.017776,0.0195536,0.017776,0.0159984,0
AKEUSDT,resident,新,1788624123000,09-06 00:02:03,0.0175865,0.01934515,0.0175865,0.01582785,0
AKEUSDT,resident,新,1788624130000,09-06 00:02:10,0.0173895,0.01912845,0.0173895,0.01565055,0
AKEUSDT,resident,新,1788624157000,09-06 00:02:37,0.0175695,0.01932645,0.0175695,0.01581255,0
AKEUSDT,resident,新,1788624258000,09-06 00:04:18,0.017304,0.0190344,0.017304,0.0155736,0
AKEUSDT,resident,新,1788624265000,09-06 00:04:25,0.0171165,0.01882815,0.0171165,0.01540485,0
AKEUSDT,resident,新,1788624308000,09-06 00:05:08,0.0173615,0.01909765,0.0173615,0.01562535,0
AKEUSDT,resident,新,1788624361000,09-06 00:06:01,0.0175655,0.01932205,0.0175655,0.01580895,0
AKEUSDT,resident,新,1788624428000,09-06 00:07:08,0.0177425,0.01951675,0.0177425,0.01596825,0
AKEUSDT,resident,新,1788624498000,09-06 00:08:18,0.0179205,0.01971255,0.0179205,0.01612845,0
AKEUSDT,resident,新,1788624515000,09-06 00:08:35,0.017727,0.0194997,0.017727,0.0159543,0
AKEUSDT,resident,新,1788624536000,09-06 00:08:56,0.0175035,0.01925385,0.0175035,0.01575315,0
AKEUSDT,resident,新,1788624538000,09-06 00:08:58,0.017702,0.0194722,0.017702,0.0159318,0
AKEUSDT,resident,新,1788624550000,09-06 00:09:10,0.017903,0.0196933,0.017903,0.0161127,0
AKEUSDT,resident,新,1788624556000,09-06 00:09:16,0.018097,0.0199067,0.018097,0.0162873,0
AKEUSDT,resident,新,1788624610000,09-06 00:10:10,0.0183155,0.02014705,0.0183155,0.01648395,0
AKEUSDT,resident,新,1788624651000,09-06 00:10:51,0.0185015,0.02035165,0.0185015,0.01665135,0
AKEUSDT,resident,新,1788624661000,09-06 00:11:01,0.018715,0.0205865,0.018715,0.0168435,0
AKEUSDT,resident,新,1788624750000,09-06 00:12:30,0.018919,0.0208109,0.018919,0.0170271,0
AKEUSDT,resident,新,1788625085000,09-06 00:18:05,0.018713,0.0205843,0.018713,0.0168417,0
AKEUSDT,resident,新,1788625162000,09-06 00:19:22,0.018925,0.0208175,0.018925,0.0170325,0
AKEUSDT,resident,新,1788625498000,09-06 00:24:58,0.018728,0.0206008,0.018728,0.0168552,0
AKEUSDT,resident,新,1788625576000,09-06 00:26:16,0.0189285,0.02082135,0.0189285,0.01703565,0
AKEUSDT,resident,新,1788627764000,09-06 01:02:44,0.019123,0.0210353,0.019123,0.0172107,0
AKEUSDT,resident,新,1788627857000,09-06 01:04:17,0.0193315,0.02126465,0.0193315,0.01739835,0
AKEUSDT,resident,新,1788627883000,09-06 01:04:43,0.019135,0.0210485,0.019135,0.0172215,0
AKEUSDT,resident,新,1788628052000,09-06 01:07:32,0.019334,0.0212674,0.019334,0.0174006,0
AKEUSDT,resident,新,1788628062000,09-06 01:07:42,0.01909,0.020999,0.01909,0.017181,0
AKEUSDT,resident,新,1788628065000,09-06 01:07:45,0.018887,0.0207757,0.018887,0.0169983,0
AKEUSDT,resident,新,1788628068000,09-06 01:07:48,0.01867,0.020537,0.01867,0.016803,0
AKEUSDT,resident,新,1788628071000,09-06 01:07:51,0.0189175,0.02080925,0.0189175,0.01702575,0
AKEUSDT,resident,新,1788628093000,09-06 01:08:13,0.0191295,0.02104245,0.0191295,0.01721655,0
AKEUSDT,resident,新,1788628418000,09-06 01:13:38,0.0193275,0.02126025,0.0193275,0.01739475,0
AKEUSDT,resident,新,1788628554000,09-06 01:15:54,0.0195265,0.02147915,0.0195265,0.01757385,0
AKEUSDT,resident,新,1788629170000,09-06 01:26:10,0.019747,0.0217217,0.019747,0.0177723,0
AKEUSDT,resident,新,1788629225000,09-06 01:27:05,0.0195475,0.02150225,0.0195475,0.01759275,0
AKEUSDT,resident,新,1788629357000,09-06 01:29:17,0.019762,0.0217382,0.019762,0.0177858,0
AKEUSDT,resident,新,1788629663000,09-06 01:34:23,0.019961,0.0219571,0.019961,0.0179649,0
AKEUSDT,resident,新,1788629728000,09-06 01:35:28,0.019713,0.0216843,0.019713,0.0177417,0
AKEUSDT,resident,新,1788629857000,09-06 01:37:37,0.019915,0.0219065,0.019915,0.0179235,0
AKEUSDT,resident,新,1788630193000,09-06 01:43:13,0.0196485,0.02161335,0.0196485,0.01768365,0
AKEUSDT,resident,新,1788630204000,09-06 01:43:24,0.019852,0.0218372,0.019852,0.0178668,0
AKEUSDT,resident,新,1788630236000,09-06 01:43:56,0.0200635,0.02206985,0.0200635,0.01805715,0
AKEUSDT,resident,新,1788630556000,09-06 01:49:16,0.0203455,0.02238005,0.0203455,0.01831095,0
AKEUSDT,resident,新,1788630577000,09-06 01:49:37,0.0201275,0.02214025,0.0201275,0.01811475,0
AKEUSDT,resident,新,1788630736000,09-06 01:52:16,0.02034,0.022374,0.02034,0.018306,0
AKEUSDT,resident,新,1788631030000,09-06 01:57:10,0.0205705,0.02262755,0.0205705,0.01851345,0
AKEUSDT,resident,新,1788631307000,09-06 02:01:47,0.0208485,0.02293335,0.0208485,0.01876365,0
AKEUSDT,resident,新,1788631323000,09-06 02:02:03,0.0210625,0.02316875,0.0210625,0.01895625,0
AKEUSDT,resident,新,1788631380000,09-06 02:03:00,0.0213345,0.02346795,0.0213345,0.01920105,0
AKEUSDT,resident,新,1788631383000,09-06 02:03:03,0.0210715,0.02317865,0.0210715,0.01896435,0
AKEUSDT,resident,新,1788631395000,09-06 02:03:15,0.020858,0.0229438,0.020858,0.0187722,0
AKEUSDT,resident,新,1788631409000,09-06 02:03:29,0.0206485,0.02271335,0.0206485,0.01858365,0
AKEUSDT,resident,新,1788631456000,09-06 02:04:16,0.0204415,0.02248565,0.0204415,0.01839735,0
AKEUSDT,resident,新,1788631463000,09-06 02:04:23,0.0202035,0.02222385,0.0202035,0.01818315,0
AKEUSDT,resident,新,1788631467000,09-06 02:04:27,0.0199395,0.02193345,0.0199395,0.01794555,0
AKEUSDT,resident,新,1788631472000,09-06 02:04:32,0.0201525,0.02216775,0.0201525,0.01813725,0
AKEUSDT,resident,新,1788631536000,09-06 02:05:36,0.0203835,0.02242185,0.0203835,0.01834515,0
AKEUSDT,resident,新,1788631552000,09-06 02:05:52,0.0201375,0.02215125,0.0201375,0.01812375,0
AKEUSDT,resident,新,1788631555000,09-06 02:05:55,0.019917,0.0219087,0.019917,0.0179253,0
AKEUSDT,resident,新,1788631559000,09-06 02:05:59,0.019628,0.0215908,0.019628,0.0176652,0
AKEUSDT,resident,新,1788631561000,09-06 02:06:01,0.0198955,0.02188505,0.0198955,0.01790595,0
AKEUSDT,resident,新,1788631563000,09-06 02:06:03,0.0195145,0.02146595,0.0195145,0.01756305,0
AKEUSDT,resident,新,1788631564000,09-06 02:06:04,0.0192455,0.02117005,0.0192455,0.01732095,0
AKEUSDT,resident,新,1788631567000,09-06 02:06:07,0.019539,0.0214929,0.019539,0.0175851,0
AKEUSDT,resident,新,1788631568000,09-06 02:06:08,0.019272,0.0211992,0.019272,0.0173448,0
AKEUSDT,resident,新,1788631584000,09-06 02:06:24,0.018993,0.0208923,0.018993,0.0170937,0
AKEUSDT,resident,新,1788631588000,09-06 02:06:28,0.0192205,0.02114255,0.0192205,0.01729845,0
AKEUSDT,resident,新,1788631623000,09-06 02:07:03,0.019019,0.0209209,0.019019,0.0171171,0
AKEUSDT,resident,新,1788631671000,09-06 02:07:51,0.0192165,0.02113815,0.0192165,0.01729485,0
AKEUSDT,resident,新,1788631676000,09-06 02:07:56,0.0194785,0.02142635,0.0194785,0.01753065,0
AKEUSDT,resident,新,1788631682000,09-06 02:08:02,0.0191925,0.02111175,0.0191925,0.01727325,0
AKEUSDT,resident,新,1788631684000,09-06 02:08:04,0.018991,0.0208901,0.018991,0.0170919,0
AKEUSDT,resident,新,1788631687000,09-06 02:08:07,0.0191985,0.02111835,0.0191985,0.01727865,0
AKEUSDT,resident,新,1788631691000,09-06 02:08:11,0.0189735,0.02087085,0.0189735,0.01707615,0
AKEUSDT,resident,新,1788631723000,09-06 02:08:43,0.018769,0.0206459,0.018769,0.0168921,0
AKEUSDT,resident,新,1788631738000,09-06 02:08:58,0.0190035,0.02090385,0.0190035,0.01710315,0
AKEUSDT,resident,新,1788631819000,09-06 02:10:19,0.018744,0.0206184,0.018744,0.0168696,0
AKEUSDT,resident,新,1788631822000,09-06 02:10:22,0.018443,0.0202873,0.018443,0.0165987,0
AKEUSDT,resident,新,1788631877000,09-06 02:11:17,0.0182045,0.02002495,0.0182045,0.01638405,0
AKEUSDT,resident,新,1788631884000,09-06 02:11:24,0.017979,0.0197769,0.017979,0.0161811,0
AKEUSDT,resident,新,1788631896000,09-06 02:11:36,0.018175,0.0199925,0.018175,0.0163575,0
AKEUSDT,resident,新,1788631921000,09-06 02:12:01,0.0179425,0.01973675,0.0179425,0.01614825,0
AKEUSDT,resident,新,1788631956000,09-06 02:12:36,0.018131,0.0199441,0.018131,0.0163179,0
AKEUSDT,resident,新,1788631980000,09-06 02:13:00,0.0183405,0.02017455,0.0183405,0.01650645,0
AKEUSDT,resident,新,1788631985000,09-06 02:13:05,0.0181,0.01991,0.0181,0.01629,0
AKEUSDT,resident,新,1788632007000,09-06 02:13:27,0.018312,0.0201432,0.018312,0.0164808,0
AKEUSDT,resident,新,1788632028000,09-06 02:13:48,0.0185135,0.02036485,0.0185135,0.01666215,0
AKEUSDT,resident,新,1788632042000,09-06 02:14:02,0.018312,0.0201432,0.018312,0.0164808,0
AKEUSDT,resident,新,1788632081000,09-06 02:14:41,0.018522,0.0203742,0.018522,0.0166698,0
AKEUSDT,resident,新,1788632113000,09-06 02:15:13,0.018715,0.0205865,0.018715,0.0168435,0
AKEUSDT,resident,新,1788632174000,09-06 02:16:14,0.0184535,0.02029885,0.0184535,0.01660815,0
AKEUSDT,resident,新,1788632266000,09-06 02:17:46,0.0186395,0.02050345,0.0186395,0.01677555,0
AKEUSDT,resident,新,1788632300000,09-06 02:18:20,0.018414,0.0202554,0.018414,0.0165726,0
AKEUSDT,resident,新,1788632420000,09-06 02:20:20,0.018605,0.0204655,0.018605,0.0167445,0
AKEUSDT,resident,新,1788632849000,09-06 02:27:29,0.0188135,0.02069485,0.0188135,0.01693215,0
AKEUSDT,resident,新,1788632935000,09-06 02:28:55,0.0186245,0.02048695,0.0186245,0.01676205,0
AKEUSDT,resident,新,1788633545000,09-06 02:39:05,0.0188145,0.02069595,0.0188145,0.01693305,0
AKEUSDT,resident,新,1788633721000,09-06 02:42:01,0.019027,0.0209297,0.019027,0.0171243,0
AKEUSDT,resident,新,1788633813000,09-06 02:43:33,0.0188095,0.02069045,0.0188095,0.01692855,0
AKEUSDT,resident,新,1788633999000,09-06 02:46:39,0.019006,0.0209066,0.019006,0.0171054,0
AKEUSDT,resident,新,1788634201000,09-06 02:50:01,0.0188145,0.02069595,0.0188145,0.01693305,0
AKEUSDT,resident,新,1788634469000,09-06 02:54:29,0.019005,0.0209055,0.019005,0.0171045,0
AKEUSDT,resident,新,1788634617000,09-06 02:56:57,0.0188145,0.02069595,0.0188145,0.01693305,0
AKEUSDT,resident,新,1788634842000,09-06 03:00:42,0.0185905,0.02044955,0.0185905,0.01673145,0
AKEUSDT,resident,新,1788634954000,09-06 03:02:34,0.0187785,0.02065635,0.0187785,0.01690065,0
AKEUSDT,resident,新,1788635033000,09-06 03:03:53,0.0185245,0.02037695,0.0185245,0.01667205,0
AKEUSDT,resident,新,1788635285000,09-06 03:08:05,0.0183235,0.02015585,0.0183235,0.01649115,0
AKEUSDT,resident,新,1788635473000,09-06 03:11:13,0.018511,0.0203621,0.018511,0.0166599,0
AKEUSDT,resident,新,1788635599000,09-06 03:13:19,0.0187065,0.02057715,0.0187065,0.01683585,0
AKEUSDT,resident,新,1788636125000,09-06 03:22:05,0.0188975,0.02078725,0.0188975,0.01700775,0
AKEUSDT,resident,新,1788636406000,09-06 03:26:46,0.018708,0.0205788,0.018708,0.0168372,0
AKEUSDT,resident,新,1788637543000,09-06 03:45:43,0.018913,0.0208043,0.018913,0.0170217,0
AKEUSDT,resident,新,1788637553000,09-06 03:45:53,0.0191645,0.02108095,0.0191645,0.01724805,0
AKEUSDT,resident,新,1788637574000,09-06 03:46:14,0.018972,0.0208692,0.018972,0.0170748,0
AKEUSDT,resident,新,1788637577000,09-06 03:46:17,0.01919,0.021109,0.01919,0.017271,0
AKEUSDT,resident,新,1788637628000,09-06 03:47:08,0.01939,0.021329,0.01939,0.017451,0
AKEUSDT,resident,新,1788637700000,09-06 03:48:20,0.019586,0.0215446,0.019586,0.0176274,0
AKEUSDT,resident,新,1788637801000,09-06 03:50:01,0.0193845,0.02132295,0.0193845,0.01744605,0
AKEUSDT,resident,新,1788638119000,09-06 03:55:19,0.0195995,0.02155945,0.0195995,0.01763955,0
AKEUSDT,resident,新,1788638179000,09-06 03:56:19,0.019402,0.0213422,0.019402,0.0174618,0
AKEUSDT,resident,新,1788638540000,09-06 04:02:20,0.0191685,0.02108535,0.0191685,0.01725165,0
AKEUSDT,resident,新,1788638885000,09-06 04:08:05,0.0189515,0.02084665,0.0189515,0.01705635,0
AKEUSDT,resident,新,1788639046000,09-06 04:10:46,0.0187535,0.02062885,0.0187535,0.01687815,0
AKEUSDT,resident,新,1788639303000,09-06 04:15:03,0.018963,0.0208593,0.018963,0.0170667,0
AKEUSDT,resident,新,1788640146000,09-06 04:29:06,0.0191605,0.02107655,0.0191605,0.01724445,0
AKEUSDT,resident,新,1788640283000,09-06 04:31:23,0.0193595,0.02129545,0.0193595,0.01742355,0
AKEUSDT,resident,新,1788640537000,09-06 04:35:37,0.019165,0.0210815,0.019165,0.0172485,0
AKEUSDT,resident,新,1788640838000,09-06 04:40:38,0.0189695,0.02086645,0.0189695,0.01707255,0
AKEUSDT,resident,新,1788642329000,09-06 05:05:29,0.018776,0.0206536,0.018776,0.0168984,0
AKEUSDT,resident,新,1788643692000,09-06 05:28:12,0.0189755,0.02087305,0.0189755,0.01707795,0
AKEUSDT,resident,新,1788643837000,09-06 05:30:37,0.0191765,0.02109415,0.0191765,0.01725885,0
AKEUSDT,resident,新,1788644103000,09-06 05:35:03,0.019371,0.0213081,0.019371,0.0174339,0
AKEUSDT,resident,新,1788644236000,09-06 05:37:16,0.0191705,0.02108755,0.0191705,0.01725345,0
AKEUSDT,resident,新,1788645719000,09-06 06:01:59,0.018977,0.0208747,0.018977,0.0170793,0
AKEUSDT,resident,新,1788646202000,09-06 06:10:02,0.0187775,0.02065525,0.0187775,0.01689975,0
AKEUSDT,resident,新,1788646903000,09-06 06:21:43,0.018559,0.0204149,0.018559,0.0167031,0
AKEUSDT,resident,新,1788646931000,09-06 06:22:11,0.0183505,0.02018555,0.0183505,0.01651545,0
AKEUSDT,resident,新,1788647001000,09-06 06:23:21,0.0185385,0.02039235,0.0185385,0.01668465,0
AKEUSDT,resident,新,1788648781000,09-06 06:53:01,0.0187305,0.02060355,0.0187305,0.01685745,0
AKEUSDT,resident,新,1788649372000,09-06 07:02:52,0.018542,0.0203962,0.018542,0.0166878,0
AKEUSDT,resident,新,1788649899000,09-06 07:11:39,0.018734,0.0206074,0.018734,0.0168606,0
AKEUSDT,resident,新,1788652111000,09-06 07:48:31,0.018544,0.0203984,0.018544,0.0166896,0
AKEUSDT,resident,新,1788652837000,09-06 08:00:37,0.0183235,0.02015585,0.0183235,0.01649115,0
AKEUSDT,resident,新,1788652967000,09-06 08:02:47,0.0185075,0.02035825,0.0185075,0.01665675,0
AKEUSDT,resident,新,1788652976000,09-06 08:02:56,0.0183195,0.02015145,0.0183195,0.01648755,0
AKEUSDT,resident,新,1788653014000,09-06 08:03:34,0.0185085,0.02035935,0.0185085,0.01665765,0
AKEUSDT,resident,新,1788653550000,09-06 08:12:30,0.018313,0.0201443,0.018313,0.0164817,0
AKEUSDT,resident,新,1788653725000,09-06 08:15:25,0.0179835,0.01978185,0.0179835,0.01618515,0
AKEUSDT,resident,新,1788653769000,09-06 08:16:09,0.0181785,0.01999635,0.0181785,0.01636065,0
AKEUSDT,resident,新,1788653909000,09-06 08:18:29,0.0183625,0.02019875,0.0183625,0.01652625,0
AKEUSDT,resident,新,1788656564000,09-06 09:02:44,0.018177,0.0199947,0.018177,0.0163593,0
AKEUSDT,resident,新,1788656663000,09-06 09:04:23,0.0179875,0.01978625,0.0179875,0.01618875,0
AKEUSDT,resident,新,1788656705000,09-06 09:05:05,0.0177655,0.01954205,0.0177655,0.01598895,0
AKEUSDT,resident,新,1788656736000,09-06 09:05:36,0.0179525,0.01974775,0.0179525,0.01615725,0
AKEUSDT,resident,新,1788656946000,09-06 09:09:06,0.0181325,0.01994575,0.0181325,0.01631925,0
AKEUSDT,resident,新,1788657845000,09-06 09:24:05,0.0179205,0.01971255,0.0179205,0.01612845,0
AKEUSDT,resident,新,1788658776000,09-06 09:39:36,0.0181085,0.01991935,0.0181085,0.01629765,0
AKEUSDT,resident,新,1788659501000,09-06 09:51:41,0.0179185,0.01971035,0.0179185,0.01612665,0
AKEUSDT,resident,新,1788659716000,09-06 09:55:16,0.017723,0.0194953,0.017723,0.0159507,0
AKEUSDT,resident,新,1788659726000,09-06 09:55:26,0.0175355,0.01928905,0.0175355,0.01578195,0
AKEUSDT,resident,新,1788659736000,09-06 09:55:36,0.0173455,0.01908005,0.0173455,0.01561095,0
AKEUSDT,resident,新,1788659743000,09-06 09:55:43,0.017604,0.0193644,0.017604,0.0158436,0
AKEUSDT,resident,新,1788659746000,09-06 09:55:46,0.0174175,0.01915925,0.0174175,0.01567575,0
AKEUSDT,resident,新,1788659760000,09-06 09:56:00,0.017647,0.0194117,0.017647,0.0158823,0
AKEUSDT,resident,新,1788659767000,09-06 09:56:07,0.0174685,0.01921535,0.0174685,0.01572165,0
AKEUSDT,resident,新,1788659810000,09-06 09:56:50,0.017278,0.0190058,0.017278,0.0155502,0
AKEUSDT,resident,新,1788659823000,09-06 09:57:03,0.0171025,0.01881275,0.0171025,0.01539225,0
AKEUSDT,resident,新,1788659829000,09-06 09:57:09,0.016921,0.0186131,0.016921,0.0152289,0
AKEUSDT,resident,新,1788659841000,09-06 09:57:21,0.0171465,0.01886115,0.0171465,0.01543185,0
AKEUSDT,resident,新,1788659848000,09-06 09:57:28,0.0169695,0.01866645,0.0169695,0.01527255,0
AKEUSDT,resident,新,1788659875000,09-06 09:57:55,0.0167865,0.01846515,0.0167865,0.01510785,0
AKEUSDT,resident,新,1788659900000,09-06 09:58:20,0.016993,0.0186923,0.016993,0.0152937,0
AKEUSDT,resident,新,1788659908000,09-06 09:58:28,0.0168205,0.01850255,0.0168205,0.01513845,0
AKEUSDT,resident,新,1788659981000,09-06 09:59:41,0.01699,0.018689,0.01699,0.015291,0
AKEUSDT,resident,新,1788660002000,09-06 10:00:02,0.017219,0.0189409,0.017219,0.0154971,0
AKEUSDT,resident,新,1788660042000,09-06 10:00:42,0.0174265,0.01916915,0.0174265,0.01568385,0
AKEUSDT,resident,新,1788660121000,09-06 10:02:01,0.0176305,0.01939355,0.0176305,0.01586745,0
AKEUSDT,resident,新,1788660342000,09-06 10:05:42,0.0178245,0.01960695,0.0178245,0.01604205,0
AKEUSDT,resident,新,1788660643000,09-06 10:10:43,0.018024,0.0198264,0.018024,0.0162216,0
AKEUSDT,resident,新,1788660710000,09-06 10:11:50,0.018231,0.0200541,0.018231,0.0164079,0
AKEUSDT,resident,新,1788660798000,09-06 10:13:18,0.018418,0.0202598,0.018418,0.0165762,0
AKEUSDT,resident,新,1788660968000,09-06 10:16:08,0.018228,0.0200508,0.018228,0.0164052,0
AKEUSDT,resident,新,1788661089000,09-06 10:18:09,0.0180415,0.01984565,0.0180415,0.01623735,0
AKEUSDT,resident,新,1788661309000,09-06 10:21:49,0.0178505,0.01963555,0.0178505,0.01606545,0
AKEUSDT,resident,新,1788661614000,09-06 10:26:54,0.0180435,0.01984785,0.0180435,0.01623915,0
AKEUSDT,resident,新,1788662258000,09-06 10:37:38,0.01824,0.020064,0.01824,0.016416,0
AKEUSDT,resident,新,1788662464000,09-06 10:41:04,0.018047,0.0198517,0.018047,0.0162423,0
AKEUSDT,resident,新,1788662596000,09-06 10:43:16,0.0178635,0.01964985,0.0178635,0.01607715,0
AKEUSDT,resident,新,1788663868000,09-06 11:04:28,0.0180425,0.01984675,0.0180425,0.01623825,0
AKEUSDT,resident,新,1788664209000,09-06 11:10:09,0.0183415,0.02017565,0.0183415,0.01650735,0
AKEUSDT,resident,新,1788664433000,09-06 11:13:53,0.018156,0.0199716,0.018156,0.0163404,0
AKEUSDT,resident,新,1788664902000,09-06 11:21:42,0.0179685,0.01976535,0.0179685,0.01617165,0
AKEUSDT,resident,新,1788665750000,09-06 11:35:50,0.0181545,0.01996995,0.0181545,0.01633905,0
AKEUSDT,resident,新,1788666407000,09-06 11:46:47,0.017966,0.0197626,0.017966,0.0161694,0
AKEUSDT,resident,新,1788666680000,09-06 11:51:20,0.018149,0.0199639,0.018149,0.0163341,0
AKEUSDT,resident,新,1788666775000,09-06 11:52:55,0.0179645,0.01976095,0.0179645,0.01616805,0
AKEUSDT,resident,新,1788667672000,09-06 12:07:52,0.018148,0.0199628,0.018148,0.0163332,0
AKEUSDT,resident,新,1788667708000,09-06 12:08:28,0.018355,0.0201905,0.018355,0.0165195,0
AKEUSDT,resident,新,1788667826000,09-06 12:10:26,0.0181605,0.01997655,0.0181605,0.01634445,0
AKEUSDT,resident,新,1788668200000,09-06 12:16:40,0.017978,0.0197758,0.017978,0.0161802,0
AKEUSDT,resident,新,1788669104000,09-06 12:31:44,0.018182,0.0200002,0.018182,0.0163638,0
AKEUSDT,resident,新,1788669243000,09-06 12:34:03,0.0179865,0.01978515,0.0179865,0.01618785,0
AKEUSDT,resident,新,1788670568000,09-06 12:56:08,0.018167,0.0199837,0.018167,0.0163503,0
AKEUSDT,resident,新,1788671073000,09-06 13:04:33,0.017973,0.0197703,0.017973,0.0161757,0
AKEUSDT,resident,新,1788671772000,09-06 13:16:12,0.0181535,0.01996885,0.0181535,0.01633815,0
AKEUSDT,resident,新,1788671893000,09-06 13:18:13,0.0183355,0.02016905,0.0183355,0.01650195,0
AKEUSDT,resident,新,1788671934000,09-06 13:18:54,0.0181445,0.01995895,0.0181445,0.01633005,0
AKEUSDT,resident,新,1788671959000,09-06 13:19:19,0.017961,0.0197571,0.017961,0.0161649,0
AKEUSDT,resident,新,1788672033000,09-06 13:20:33,0.017772,0.0195492,0.017772,0.0159948,0
AKEUSDT,resident,新,1788672041000,09-06 13:20:41,0.0175765,0.01933415,0.0175765,0.01581885,0
AKEUSDT,resident,新,1788672062000,09-06 13:21:02,0.0173645,0.01910095,0.0173645,0.01562805,0
AKEUSDT,resident,新,1788672179000,09-06 13:22:59,0.0175505,0.01930555,0.0175505,0.01579545,0
AKEUSDT,resident,新,1788672436000,09-06 13:27:16,0.01737,0.019107,0.01737,0.015633,0
AKEUSDT,resident,新,1788672558000,09-06 13:29:18,0.0175475,0.01930225,0.0175475,0.01579275,0
AKEUSDT,resident,新,1788672926000,09-06 13:35:26,0.017723,0.0194953,0.017723,0.0159507,0
AKEUSDT,resident,新,1788673295000,09-06 13:41:35,0.017545,0.0192995,0.017545,0.0157905,0
AKEUSDT,resident,新,1788674753000,09-06 14:05:53,0.017357,0.0190927,0.017357,0.0156213,0
AKEUSDT,resident,新,1788674918000,09-06 14:08:38,0.0171685,0.01888535,0.0171685,0.01545165,0
AKEUSDT,resident,新,1788674930000,09-06 14:08:50,0.0169775,0.01867525,0.0169775,0.01527975,0
AKEUSDT,resident,新,1788674975000,09-06 14:09:35,0.016781,0.0184591,0.016781,0.0151029,0
AKEUSDT,resident,新,1788675036000,09-06 14:10:36,0.016592,0.0182512,0.016592,0.0149328,0
AKEUSDT,resident,新,1788675062000,09-06 14:11:02,0.0163955,0.01803505,0.0163955,0.01475595,0
AKEUSDT,resident,新,1788675086000,09-06 14:11:26,0.016182,0.0178002,0.016182,0.0145638,0
AKEUSDT,resident,新,1788675093000,09-06 14:11:33,0.016344,0.0179784,0.016344,0.0147096,0
AKEUSDT,resident,新,1788675124000,09-06 14:12:04,0.016177,0.0177947,0.016177,0.0145593,0
AKEUSDT,resident,新,1788675143000,09-06 14:12:23,0.0163495,0.01798445,0.0163495,0.01471455,0
AKEUSDT,resident,新,1788675182000,09-06 14:13:02,0.016184,0.0178024,0.016184,0.0145656,0
AKEUSDT,resident,新,1788675220000,09-06 14:13:40,0.016355,0.0179905,0.016355,0.0147195,0
AKEUSDT,resident,新,1788675240000,09-06 14:14:00,0.0161275,0.01774025,0.0161275,0.01451475,0
AKEUSDT,resident,新,1788675289000,09-06 14:14:49,0.015935,0.0175285,0.015935,0.0143415,0
AKEUSDT,resident,新,1788675321000,09-06 14:15:21,0.0157645,0.01734095,0.0157645,0.01418805,0
AKEUSDT,resident,新,1788675330000,09-06 14:15:30,0.015564,0.0171204,0.015564,0.0140076,0
AKEUSDT,resident,新,1788675362000,09-06 14:16:02,0.0153865,0.01692515,0.0153865,0.01384785,0
AKEUSDT,resident,新,1788675373000,09-06 14:16:13,0.015606,0.0171666,0.015606,0.0140454,0
AKEUSDT,resident,新,1788675397000,09-06 14:16:37,0.0158495,0.01743445,0.0158495,0.01426455,0
AKEUSDT,resident,新,1788675402000,09-06 14:16:42,0.015672,0.0172392,0.015672,0.0141048,0
AKEUSDT,resident,新,1788675418000,09-06 14:16:58,0.0154995,0.01704945,0.0154995,0.01394955,0
AKEUSDT,resident,新,1788675423000,09-06 14:17:03,0.015339,0.0168729,0.015339,0.0138051,0
AKEUSDT,resident,新,1788675451000,09-06 14:17:31,0.015182,0.0167002,0.015182,0.0136638,0
AKEUSDT,resident,新,1788675473000,09-06 14:17:53,0.015019,0.0165209,0.015019,0.0135171,0
AKEUSDT,resident,新,1788675499000,09-06 14:18:19,0.0148265,0.01630915,0.0148265,0.01334385,0
AKEUSDT,resident,新,1788675519000,09-06 14:18:39,0.015011,0.0165121,0.015011,0.0135099,0
AKEUSDT,resident,新,1788675527000,09-06 14:18:47,0.0151885,0.01670735,0.0151885,0.01366965,0
AKEUSDT,resident,新,1788675529000,09-06 14:18:49,0.0150335,0.01653685,0.0150335,0.01353015,0
AKEUSDT,resident,新,1788675539000,09-06 14:18:59,0.014882,0.0163702,0.014882,0.0133938,0
AKEUSDT,resident,新,1788675558000,09-06 14:19:18,0.0150555,0.01656105,0.0150555,0.01354995,0
AKEUSDT,resident,新,1788675605000,09-06 14:20:05,0.014817,0.0162987,0.014817,0.0133353,0
AKEUSDT,resident,新,1788675619000,09-06 14:20:19,0.0146285,0.01609135,0.0146285,0.01316565,0
AKEUSDT,resident,新,1788675631000,09-06 14:20:31,0.014464,0.0159104,0.014464,0.0130176,0
AKEUSDT,resident,新,1788675644000,09-06 14:20:44,0.01461,0.016071,0.01461,0.013149,0
AKEUSDT,resident,新,1788675678000,09-06 14:21:18,0.014771,0.0162481,0.014771,0.0132939,0
AKEUSDT,resident,新,1788675690000,09-06 14:21:30,0.0149245,0.01641695,0.0149245,0.01343205,0
AKEUSDT,resident,新,1788675703000,09-06 14:21:43,0.015092,0.0166012,0.015092,0.0135828,0
AKEUSDT,resident,新,1788675712000,09-06 14:21:52,0.0153055,0.01683605,0.0153055,0.01377495,0
AKEUSDT,resident,新,1788675720000,09-06 14:22:00,0.0150915,0.01660065,0.0150915,0.01358235,0
AKEUSDT,resident,新,1788675727000,09-06 14:22:07,0.014916,0.0164076,0.014916,0.0134244,0
AKEUSDT,resident,新,1788675736000,09-06 14:22:16,0.015085,0.0165935,0.015085,0.0135765,0
AKEUSDT,resident,新,1788675764000,09-06 14:22:44,0.0149305,0.01642355,0.0149305,0.01343745,0
AKEUSDT,resident,新,1788675821000,09-06 14:23:41,0.01474,0.016214,0.01474,0.013266,0
AKEUSDT,resident,新,1788675848000,09-06 14:24:08,0.0148885,0.01637735,0.0148885,0.01339965,0
AKEUSDT,resident,新,1788675962000,09-06 14:26:02,0.0147285,0.01620135,0.0147285,0.01325565,0
AKEUSDT,resident,新,1788675987000,09-06 14:26:27,0.014561,0.0160171,0.014561,0.0131049,0
AKEUSDT,resident,新,1788676008000,09-06 14:26:48,0.014728,0.0162008,0.014728,0.0132552,0
AKEUSDT,resident,新,1788676041000,09-06 14:27:21,0.014877,0.0163647,0.014877,0.0133893,0
AKEUSDT,resident,新,1788676085000,09-06 14:28:05,0.015046,0.0165506,0.015046,0.0135414,0
AKEUSDT,resident,新,1788676094000,09-06 14:28:14,0.0152345,0.01675795,0.0152345,0.01371105,0
AKEUSDT,resident,新,1788676138000,09-06 14:28:58,0.0150545,0.01655995,0.0150545,0.01354905,0
AKEUSDT,resident,新,1788676143000,09-06 14:29:03,0.0152095,0.01673045,0.0152095,0.01368855,0
AKEUSDT,resident,新,1788676160000,09-06 14:29:20,0.015048,0.0165528,0.015048,0.0135432,0
AKEUSDT,resident,新,1788676193000,09-06 14:29:53,0.014873,0.0163603,0.014873,0.0133857,0
AKEUSDT,resident,新,1788676201000,09-06 14:30:01,0.014722,0.0161942,0.014722,0.0132498,0
AKEUSDT,resident,新,1788676206000,09-06 14:30:06,0.014554,0.0160094,0.014554,0.0130986,0
AKEUSDT,resident,新,1788676213000,09-06 14:30:13,0.014375,0.0158125,0.014375,0.0129375,0
AKEUSDT,resident,新,1788676215000,09-06 14:30:15,0.014152,0.0155672,0.014152,0.0127368,0
AKEUSDT,resident,新,1788676235000,09-06 14:30:35,0.0143245,0.01575695,0.0143245,0.01289205,0
AKEUSDT,resident,新,1788676249000,09-06 14:30:49,0.014482,0.0159302,0.014482,0.0130338,0
AKEUSDT,resident,新,1788676264000,09-06 14:31:04,0.014332,0.0157652,0.014332,0.0128988,0
AKEUSDT,resident,新,1788676288000,09-06 14:31:28,0.014185,0.0156035,0.014185,0.0127665,0
AKEUSDT,resident,新,1788676296000,09-06 14:31:36,0.0140255,0.01542805,0.0140255,0.01262295,0
AKEUSDT,resident,新,1788676323000,09-06 14:32:03,0.013718,0.0150898,0.013718,0.0123462,0
AKEUSDT,resident,新,1788676327000,09-06 14:32:07,0.0135725,0.01492975,0.0135725,0.01221525,0
AKEUSDT,resident,新,1788676331000,09-06 14:32:11,0.0134345,0.01477795,0.0134345,0.01209105,0
AKEUSDT,resident,新,1788676346000,09-06 14:32:26,0.0136785,0.01504635,0.0136785,0.01231065,0
AKEUSDT,resident,新,1788676363000,09-06 14:32:43,0.0135385,0.01489235,0.0135385,0.01218465,0
AKEUSDT,resident,新,1788676372000,09-06 14:32:52,0.013398,0.0147378,0.013398,0.0120582,0
AKEUSDT,resident,新,1788676382000,09-06 14:33:02,0.0132195,0.01454145,0.0132195,0.01189755,0
AKEUSDT,resident,新,1788676407000,09-06 14:33:27,0.0133655,0.01470205,0.0133655,0.01202895,0
AKEUSDT,resident,新,1788676435000,09-06 14:33:55,0.0135105,0.01486155,0.0135105,0.01215945,0
AKEUSDT,resident,新,1788676449000,09-06 14:34:09,0.013335,0.0146685,0.013335,0.0120015,0
AKEUSDT,resident,新,1788676483000,09-06 14:34:43,0.0135185,0.01487035,0.0135185,0.01216665,0
AKEUSDT,resident,新,1788676498000,09-06 14:34:58,0.0133675,0.01470425,0.0133675,0.01203075,0
AKEUSDT,resident,新,1788676515000,09-06 14:35:15,0.013509,0.0148599,0.013509,0.0121581,0
AKEUSDT,resident,新,1788676530000,09-06 14:35:30,0.0136565,0.01502215,0.0136565,0.01229085,0
AKEUSDT,resident,新,1788676547000,09-06 14:35:47,0.013794,0.0151734,0.013794,0.0124146,0
AKEUSDT,resident,新,1788676564000,09-06 14:36:04,0.013952,0.0153472,0.013952,0.0125568,0
AKEUSDT,resident,新,1788676568000,09-06 14:36:08,0.0137745,0.01515195,0.0137745,0.01239705,0
AKEUSDT,resident,新,1788676577000,09-06 14:36:17,0.013603,0.0149633,0.013603,0.0122427,0
AKEUSDT,resident,新,1788676587000,09-06 14:36:27,0.013788,0.0151668,0.013788,0.0124092,0
AKEUSDT,resident,新,1788676592000,09-06 14:36:32,0.01394,0.015334,0.01394,0.012546,0
AKEUSDT,resident,新,1788676593000,09-06 14:36:33,0.01409,0.015499,0.01409,0.012681,0
AKEUSDT,resident,新,1788676619000,09-06 14:36:59,0.0142365,0.01566015,0.0142365,0.01281285,0
AKEUSDT,resident,新,1788676627000,09-06 14:37:07,0.014477,0.0159247,0.014477,0.0130293,0
AKEUSDT,resident,新,1788676650000,09-06 14:37:30,0.014663,0.0161293,0.014663,0.0131967,0
AKEUSDT,resident,新,1788676696000,09-06 14:38:16,0.0143305,0.01576355,0.0143305,0.01289745,0
AKEUSDT,resident,新,1788676698000,09-06 14:38:18,0.014181,0.0155991,0.014181,0.0127629,0
AKEUSDT,resident,新,1788676704000,09-06 14:38:24,0.01403,0.015433,0.01403,0.012627,0
AKEUSDT,resident,新,1788676744000,09-06 14:39:04,0.0141795,0.01559745,0.0141795,0.01276155,0
AKEUSDT,resident,新,1788676758000,09-06 14:39:18,0.014003,0.0154033,0.014003,0.0126027,0
AKEUSDT,resident,新,1788676802000,09-06 14:40:02,0.014182,0.0156002,0.014182,0.0127638,0
AKEUSDT,resident,新,1788676920000,09-06 14:42:00,0.014036,0.0154396,0.014036,0.0126324,0
AKEUSDT,resident,新,1788676976000,09-06 14:42:56,0.0141945,0.01561395,0.0141945,0.01277505,0
AKEUSDT,resident,新,1788677033000,09-06 14:43:53,0.014351,0.0157861,0.014351,0.0129159,0
AKEUSDT,resident,新,1788677112000,09-06 14:45:12,0.01452,0.015972,0.01452,0.013068,0
AKEUSDT,resident,新,1788677295000,09-06 14:48:15,0.014371,0.0158081,0.014371,0.0129339,0
AKEUSDT,resident,新,1788677375000,09-06 14:49:35,0.014535,0.0159885,0.014535,0.0130815,0
AKEUSDT,resident,新,1788677414000,09-06 14:50:14,0.014362,0.0157982,0.014362,0.0129258,0
AKEUSDT,resident,新,1788677562000,09-06 14:52:42,0.0145185,0.01597035,0.0145185,0.01306665,0
AKEUSDT,resident,新,1788677703000,09-06 14:55:03,0.01469,0.016159,0.01469,0.013221,0
AKEUSDT,resident,新,1788677743000,09-06 14:55:43,0.0144815,0.01592965,0.0144815,0.01303335,0
AKEUSDT,resident,新,1788678005000,09-06 15:00:05,0.0143185,0.01575035,0.0143185,0.01288665,0
AKEUSDT,resident,新,1788678017000,09-06 15:00:17,0.0144715,0.01591865,0.0144715,0.01302435,0
AKEUSDT,resident,新,1788678067000,09-06 15:01:07,0.0146475,0.01611225,0.0146475,0.01318275,0
AKEUSDT,resident,新,1788678193000,09-06 15:03:13,0.0148105,0.01629155,0.0148105,0.01332945,0
AKEUSDT,resident,新,1788678226000,09-06 15:03:46,0.0149825,0.01648075,0.0149825,0.01348425,0
AKEUSDT,resident,新,1788678245000,09-06 15:04:05,0.014819,0.0163009,0.014819,0.0133371,0
AKEUSDT,resident,新,1788678276000,09-06 15:04:36,0.0146685,0.01613535,0.0146685,0.01320165,0
AKEUSDT,resident,新,1788678292000,09-06 15:04:52,0.014849,0.0163339,0.014849,0.0133641,0
AKEUSDT,resident,新,1788678322000,09-06 15:05:22,0.0150055,0.01650605,0.0150055,0.01350495,0
AKEUSDT,resident,新,1788678336000,09-06 15:05:36,0.014851,0.0163361,0.014851,0.0133659,0
AKEUSDT,resident,新,1788678345000,09-06 15:05:45,0.014694,0.0161634,0.014694,0.0132246,0
AKEUSDT,resident,新,1788678363000,09-06 15:06:03,0.0148415,0.01632565,0.0148415,0.01335735,0
AKEUSDT,resident,新,1788678375000,09-06 15:06:15,0.01469,0.016159,0.01469,0.013221,0
AKEUSDT,resident,新,1788678384000,09-06 15:06:24,0.0145315,0.01598465,0.0145315,0.01307835,0
AKEUSDT,resident,新,1788678477000,09-06 15:07:57,0.0146785,0.01614635,0.0146785,0.01321065,0
AKEUSDT,resident,新,1788678576000,09-06 15:09:36,0.014847,0.0163317,0.014847,0.0133623,0
AKEUSDT,resident,新,1788678911000,09-06 15:15:11,0.0146865,0.01615515,0.0146865,0.01321785,0
AKEUSDT,resident,新,1788678968000,09-06 15:16:08,0.0148355,0.01631905,0.0148355,0.01335195,0
AKEUSDT,resident,新,1788679191000,09-06 15:19:51,0.0146855,0.01615405,0.0146855,0.01321695,0
AKEUSDT,resident,新,1788679398000,09-06 15:23:18,0.014846,0.0163306,0.014846,0.0133614,0
AKEUSDT,resident,新,1788679586000,09-06 15:26:26,0.014695,0.0161645,0.014695,0.0132255,0
AKEUSDT,resident,新,1788680501000,09-06 15:41:41,0.014547,0.0160017,0.014547,0.0130923,0
AKEUSDT,resident,新,1788680571000,09-06 15:42:51,0.0146955,0.01616505,0.0146955,0.01322595,0
AKEUSDT,resident,新,1788681314000,09-06 15:55:14,0.014548,0.0160028,0.014548,0.0130932,0
AKEUSDT,resident,新,1788681487000,09-06 15:58:07,0.0147515,0.01622665,0.0147515,0.01327635,0
AKEUSDT,resident,新,1788681566000,09-06 15:59:26,0.0146025,0.01606275,0.0146025,0.01314225,0
AKEUSDT,resident,新,1788682492000,09-06 16:14:52,0.014749,0.0162239,0.014749,0.0132741,0
AKEUSDT,resident,新,1788683110000,09-06 16:25:10,0.014599,0.0160589,0.014599,0.0131391,0
AKEUSDT,resident,新,1788684111000,09-06 16:41:51,0.014433,0.0158763,0.014433,0.0129897,0
AKEUSDT,resident,新,1788684214000,09-06 16:43:34,0.0145835,0.01604185,0.0145835,0.01312515,0
AKEUSDT,resident,新,1788684639000,09-06 16:50:39,0.014734,0.0162074,0.014734,0.0132606,0
AKEUSDT,resident,新,1788684790000,09-06 16:53:10,0.014586,0.0160446,0.014586,0.0131274,0
AKEUSDT,resident,新,1788685717000,09-06 17:08:37,0.0144375,0.01588125,0.0144375,0.01299375,0
AKEUSDT,resident,新,1788686565000,09-06 17:22:45,0.014288,0.0157168,0.014288,0.0128592,0
AKEUSDT,resident,新,1788686809000,09-06 17:26:49,0.014437,0.0158807,0.014437,0.0129933,0
AKEUSDT,resident,新,1788687215000,09-06 17:33:35,0.0142925,0.01572175,0.0142925,0.01286325,0
AKEUSDT,resident,新,1788687409000,09-06 17:36:49,0.014094,0.0155034,0.014094,0.0126846,0
AKEUSDT,resident,新,1788687479000,09-06 17:37:59,0.014239,0.0156629,0.014239,0.0128151,0
AKEUSDT,resident,新,1788687643000,09-06 17:40:43,0.0143845,0.01582295,0.0143845,0.01294605,0
AKEUSDT,resident,新,1788687999000,09-06 17:46:39,0.0142245,0.01564695,0.0142245,0.01280205,0
AKEUSDT,resident,新,1788691892000,09-06 18:51:32,0.014079,0.0154869,0.014079,0.0126711,0
AKEUSDT,resident,新,1788693716000,09-06 19:21:56,0.0139355,0.01532905,0.0139355,0.01254195,0
AKEUSDT,resident,新,1788693927000,09-06 19:25:27,0.0140775,0.01548525,0.0140775,0.01266975,0
AKEUSDT,resident,新,1788694202000,09-06 19:30:02,0.0139275,0.01532025,0.0139275,0.01253475,0
AKEUSDT,resident,新,1788694485000,09-06 19:34:45,0.0140685,0.01547535,0.0140685,0.01266165,0
AKEUSDT,resident,新,1788694632000,09-06 19:37:12,0.0138865,0.01527515,0.0138865,0.01249785,0
AKEUSDT,resident,新,1788695203000,09-06 19:46:43,0.0140265,0.01542915,0.0140265,0.01262385,0
AKEUSDT,resident,新,1788695694000,09-06 19:54:54,0.0138815,0.01526965,0.0138815,0.01249335,0
AKEUSDT,resident,新,1788695711000,09-06 19:55:11,0.013742,0.0151162,0.013742,0.0123678,0
AKEUSDT,resident,新,1788695747000,09-06 19:55:47,0.013884,0.0152724,0.013884,0.0124956,0
AKEUSDT,resident,新,1788697602000,09-06 20:26:42,0.0140435,0.01544785,0.0140435,0.01263915,0
AKEUSDT,resident,新,1788697620000,09-06 20:27:00,0.0139025,0.01529275,0.0139025,0.01251225,0
AKEUSDT,resident,新,1788697914000,09-06 20:31:54,0.0137615,0.01513765,0.0137615,0.01238535,0
AKEUSDT,resident,新,1788698339000,09-06 20:38:59,0.013623,0.0149853,0.013623,0.0122607,0
AKEUSDT,resident,新,1788699304000,09-06 20:55:04,0.0137835,0.01516185,0.0137835,0.01240515,0
AKEUSDT,resident,新,1788699480000,09-06 20:58:00,0.0136445,0.01500895,0.0136445,0.01228005,0
AKEUSDT,resident,新,1788699738000,09-06 21:02:18,0.0134895,0.01483845,0.0134895,0.01214055,0
AKEUSDT,resident,新,1788700477000,09-06 21:14:37,0.0136265,0.01498915,0.0136265,0.01226385,0
AKEUSDT,resident,新,1788701400000,09-06 21:30:00,0.01349,0.014839,0.01349,0.012141,0
AKEUSDT,resident,新,1788701650000,09-06 21:34:10,0.0136295,0.01499245,0.0136295,0.01226655,0
AKEUSDT,resident,新,1788702075000,09-06 21:41:15,0.0137685,0.01514535,0.0137685,0.01239165,0
AKEUSDT,resident,新,1788702128000,09-06 21:42:08,0.013931,0.0153241,0.013931,0.0125379,0
AKEUSDT,resident,新,1788702230000,09-06 21:43:50,0.013786,0.0151646,0.013786,0.0124074,0
AKEUSDT,resident,新,1788702412000,09-06 21:46:52,0.013926,0.0153186,0.013926,0.0125334,0
AKEUSDT,resident,新,1788702541000,09-06 21:49:01,0.014203,0.0156233,0.014203,0.0127827,0
AKEUSDT,resident,新,1788702601000,09-06 21:50:01,0.014041,0.0154451,0.014041,0.0126369,0
AKEUSDT,resident,新,1788702868000,09-06 21:54:28,0.0141815,0.01559965,0.0141815,0.01276335,0
AKEUSDT,resident,新,1788702910000,09-06 21:55:10,0.0140385,0.01544235,0.0140385,0.01263465,0
AKEUSDT,resident,新,1788703155000,09-06 21:59:15,0.014186,0.0156046,0.014186,0.0127674,0
AKEUSDT,resident,新,1788703167000,09-06 21:59:27,0.01433,0.015763,0.01433,0.012897,0
AKEUSDT,resident,新,1788703205000,09-06 22:00:05,0.014115,0.0155265,0.014115,0.0127035,0
AKEUSDT,resident,新,1788703289000,09-06 22:01:29,0.0139705,0.01536755,0.0139705,0.01257345,0
AKEUSDT,resident,新,1788703524000,09-06 22:05:24,0.014121,0.0155331,0.014121,0.0127089,0
AKEUSDT,resident,新,1788703912000,09-06 22:11:52,0.0142865,0.01571515,0.0142865,0.01285785,0
AKEUSDT,resident,新,1788704165000,09-06 22:16:05,0.0141335,0.01554685,0.0141335,0.01272015,0
AKEUSDT,resident,新,1788704748000,09-06 22:25:48,0.0143035,0.01573385,0.0143035,0.01287315,0
AKEUSDT,resident,新,1788705008000,09-06 22:30:08,0.0141515,0.01556665,0.0141515,0.01273635,0
AKEUSDT,resident,新,1788705467000,09-06 22:37:47,0.014294,0.0157234,0.014294,0.0128646,0
AKEUSDT,resident,新,1788705724000,09-06 22:42:04,0.0141505,0.01556555,0.0141505,0.01273545,0
AKEUSDT,resident,新,1788705816000,09-06 22:43:36,0.014294,0.0157234,0.014294,0.0128646,0
AKEUSDT,resident,新,1788706041000,09-06 22:47:21,0.0141345,0.01554795,0.0141345,0.01272105,0
AKEUSDT,resident,新,1788706561000,09-06 22:56:01,0.013991,0.0153901,0.013991,0.0125919,0
AKEUSDT,resident,新,1788706861000,09-06 23:01:01,0.0141395,0.01555345,0.0141395,0.01272555,0
AKEUSDT,resident,新,1788707110000,09-06 23:05:10,0.014283,0.0157113,0.014283,0.0128547,0
AKEUSDT,resident,新,1788707163000,09-06 23:06:03,0.0144475,0.01589225,0.0144475,0.01300275,0
AKEUSDT,resident,新,1788707168000,09-06 23:06:08,0.0146065,0.01606715,0.0146065,0.01314585,0
AKEUSDT,resident,新,1788707293000,09-06 23:08:13,0.014754,0.0162294,0.014754,0.0132786,0
AKEUSDT,resident,新,1788707301000,09-06 23:08:21,0.0146055,0.01606605,0.0146055,0.01314495,0
AKEUSDT,resident,新,1788707320000,09-06 23:08:40,0.014445,0.0158895,0.014445,0.0130005,0
AKEUSDT,resident,新,1788707341000,09-06 23:09:01,0.014274,0.0157014,0.014274,0.0128466,0
AKEUSDT,resident,新,1788707515000,09-06 23:11:55,0.0141295,0.01554245,0.0141295,0.01271655,0
AKEUSDT,resident,新,1788707537000,09-06 23:12:17,0.013943,0.0153373,0.013943,0.0125487,0
AKEUSDT,resident,新,1788707600000,09-06 23:13:20,0.014153,0.0155683,0.014153,0.0127377,0
AKEUSDT,resident,新,1788707741000,09-06 23:15:41,0.0142955,0.01572505,0.0142955,0.01286595,0
AKEUSDT,resident,新,1788707766000,09-06 23:16:06,0.0141475,0.01556225,0.0141475,0.01273275,0
AKEUSDT,resident,新,1788707887000,09-06 23:18:07,0.013996,0.0153956,0.013996,0.0125964,0
AKEUSDT,resident,新,1788708171000,09-06 23:22:51,0.0141465,0.01556115,0.0141465,0.01273185,0
AKEUSDT,resident,新,1788708759000,09-06 23:32:39,0.0140025,0.01540275,0.0140025,0.01260225,0
AKEUSDT,resident,新,1788708993000,09-06 23:36:33,0.0141535,0.01556885,0.0141535,0.01273815,0
AKEUSDT,resident,新,1788709197000,09-06 23:39:57,0.014006,0.0154066,0.014006,0.0126054,0
AKEUSDT,resident,新,1788712017000,09-07 00:26:57,0.013865,0.0152515,0.013865,0.0124785,0
AKEUSDT,resident,新,1788715354000,09-07 01:22:34,0.0140055,0.01540605,0.0140055,0.01260495,0
AKEUSDT,resident,新,1788716343000,09-07 01:39:03,0.014156,0.0155716,0.014156,0.0127404,0
AKEUSDT,resident,新,1788717629000,09-07 02:00:29,0.0143115,0.01574265,0.0143115,0.01288035,0
AKEUSDT,resident,新,1788717826000,09-07 02:03:46,0.0144725,0.01591975,0.0144725,0.01302525,0
AKEUSDT,resident,新,1788718741000,09-07 02:19:01,0.0146375,0.01610125,0.0146375,0.01317375,0
AKEUSDT,resident,新,1788718760000,09-07 02:19:20,0.0147975,0.01627725,0.0147975,0.01331775,0
AKEUSDT,resident,新,1788719148000,09-07 02:25:48,0.0149745,0.01647195,0.0149745,0.01347705,0
AKEUSDT,resident,新,1788719166000,09-07 02:26:06,0.015132,0.0166452,0.015132,0.0136188,0
AKEUSDT,resident,新,1788719210000,09-07 02:26:50,0.0149595,0.01645545,0.0149595,0.01346355,0
AKEUSDT,resident,新,1788719283000,09-07 02:28:03,0.0151105,0.01662155,0.0151105,0.01359945,0
AKEUSDT,resident,新,1788719383000,09-07 02:29:43,0.0149535,0.01644885,0.0149535,0.01345815,0
AKEUSDT,resident,新,1788719718000,09-07 02:35:18,0.0151065,0.01661715,0.0151065,0.01359585,0
AKEUSDT,resident,新,1788719729000,09-07 02:35:29,0.0152705,0.01679755,0.0152705,0.01374345,0
AKEUSDT,resident,新,1788719752000,09-07 02:35:52,0.0151145,0.01662595,0.0151145,0.01360305,0
AKEUSDT,resident,新,1788720305000,09-07 02:45:05,0.0152795,0.01680745,0.0152795,0.01375155,0
AKEUSDT,resident,新,1788720329000,09-07 02:45:29,0.015097,0.0166067,0.015097,0.0135873,0
AKEUSDT,resident,新,1788720332000,09-07 02:45:32,0.014902,0.0163922,0.014902,0.0134118,0
AKEUSDT,resident,新,1788720342000,09-07 02:45:42,0.0150605,0.01656655,0.0150605,0.01355445,0
AKEUSDT,resident,新,1788721397000,09-07 03:03:17,0.014898,0.0163878,0.014898,0.0134082,0
AKEUSDT,resident,新,1788721551000,09-07 03:05:51,0.01505,0.016555,0.01505,0.013545,0
AKEUSDT,resident,新,1788721875000,09-07 03:11:15,0.015204,0.0167244,0.015204,0.0136836,0
AKEUSDT,resident,新,1788721981000,09-07 03:13:01,0.015039,0.0165429,0.015039,0.0135351,0
AKEUSDT,resident,新,1788722283000,09-07 03:18:03,0.0148835,0.01637185,0.0148835,0.01339515,0
AKEUSDT,resident,新,1788722464000,09-07 03:21:04,0.0147245,0.01619695,0.0147245,0.01325205,0
AKEUSDT,resident,新,1788722867000,09-07 03:27:47,0.014576,0.0160336,0.014576,0.0131184,0
AKEUSDT,resident,新,1788723123000,09-07 03:32:03,0.014725,0.0161975,0.014725,0.0132525,0
AKEUSDT,resident,新,1788723438000,09-07 03:37:18,0.0145765,0.01603415,0.0145765,0.01311885,0
AKEUSDT,resident,新,1788723809000,09-07 03:43:29,0.0143965,0.01583615,0.0143965,0.01295685,0
AKEUSDT,resident,新,1788723815000,09-07 03:43:35,0.0142175,0.01563925,0.0142175,0.01279575,0
AKEUSDT,resident,新,1788723819000,09-07 03:43:39,0.01439,0.015829,0.01439,0.012951,0
AKEUSDT,resident,新,1788723903000,09-07 03:45:03,0.014542,0.0159962,0.014542,0.0130878,0
AKEUSDT,resident,新,1788724231000,09-07 03:50:31,0.014387,0.0158257,0.014387,0.0129483,0
AKEUSDT,resident,新,1788724237000,09-07 03:50:37,0.014533,0.0159863,0.014533,0.0130797,0
AKEUSDT,resident,新,1788725402000,09-07 04:10:02,0.0147245,0.01619695,0.0147245,0.01325205,0
AKEUSDT,resident,新,1788725501000,09-07 04:11:41,0.014874,0.0163614,0.014874,0.0133866,0
AKEUSDT,resident,新,1788725789000,09-07 04:16:29,0.0150685,0.01657535,0.0150685,0.01356165,0
AKEUSDT,resident,新,1788725950000,09-07 04:19:10,0.0148975,0.01638725,0.0148975,0.01340775,0
AKEUSDT,resident,新,1788726187000,09-07 04:23:07,0.0147375,0.01621125,0.0147375,0.01326375,0
AKEUSDT,resident,新,1788726958000,09-07 04:35:58,0.0145865,0.01604515,0.0145865,0.01312785,0
AKEUSDT,resident,新,1788727968000,09-07 04:52:48,0.014437,0.0158807,0.014437,0.0129933,0
AKEUSDT,resident,新,1788730655000,09-07 05:37:35,0.014284,0.0157124,0.014284,0.0128556,0
AKEUSDT,resident,新,1788731116000,09-07 05:45:16,0.01414,0.015554,0.01414,0.012726,0
AKEUSDT,resident,新,1788731390000,09-07 05:49:50,0.014308,0.0157388,0.014308,0.0128772,0
AKEUSDT,resident,新,1788731595000,09-07 05:53:15,0.0141645,0.01558095,0.0141645,0.01274805,0
AKEUSDT,resident,新,1788732346000,09-07 06:05:46,0.0143275,0.01576025,0.0143275,0.01289475,0
AKEUSDT,resident,新,1788733535000,09-07 06:25:35,0.014182,0.0156002,0.014182,0.0127638,0
AKEUSDT,resident,新,1788735222000,09-07 06:53:42,0.0140385,0.01544235,0.0140385,0.01263465,0
AKEUSDT,resident,新,1788736861000,09-07 07:21:01,0.013869,0.0152559,0.013869,0.0124821,0
AKEUSDT,resident,新,1788737490000,09-07 07:31:30,0.0137285,0.01510135,0.0137285,0.01235565,0
AKEUSDT,resident,新,1788738402000,09-07 07:46:42,0.01387,0.015257,0.01387,0.012483,0
AKEUSDT,resident,新,1788134400000,08-31 08:00:00,0.007936,0.0087296,0.007936,0.0071424,0
AKEUSDT,resident,新,1788142691000,08-31 10:18:11,0.008114,0.0089254,0.008114,0.0073026,0
AKEUSDT,resident,新,1788147003000,08-31 11:30:03,0.0079515,0.00874665,0.0079515,0.00715635,0
AKEUSDT,resident,新,1788149740000,08-31 12:15:40,0.008113,0.0089243,0.008113,0.0073017,0
AKEUSDT,resident,新,1788155357000,08-31 13:49:17,0.0079505,0.00874555,0.0079505,0.00715545,0
AKEUSDT,resident,新,1788161872000,08-31 15:37:52,0.0081255,0.00893805,0.0081255,0.00731295,0
AKEUSDT,resident,新,1788162915000,08-31 15:55:15,0.0079625,0.00875875,0.0079625,0.00716625,0
AKEUSDT,resident,新,1788163742000,08-31 16:09:02,0.0077995,0.00857945,0.0077995,0.00701955,0
AKEUSDT,resident,新,1788164395000,08-31 16:19:55,0.0075675,0.00832425,0.0075675,0.00681075,0
AKEUSDT,resident,新,1788164441000,08-31 16:20:41,0.0077195,0.00849145,0.0077195,0.00694755,0
AKEUSDT,resident,新,1788164854000,08-31 16:27:34,0.0078745,0.00866195,0.0078745,0.00708705,0
AKEUSDT,resident,新,1788165036000,08-31 16:30:36,0.008037,0.0088407,0.008037,0.0072333,0
AKEUSDT,resident,新,1788166558000,08-31 16:55:58,0.007876,0.0086636,0.007876,0.0070884,0
AKEUSDT,resident,新,1788175400000,08-31 19:23:20,0.0080545,0.00885995,0.0080545,0.00724905,0
AKEUSDT,resident,新,1788180161000,08-31 20:42:41,0.0078755,0.00866305,0.0078755,0.00708795,0
AKEUSDT,resident,新,1788191469000,08-31 23:51:09,0.008045,0.0088495,0.008045,0.0072405,0
AKEUSDT,resident,新,1788193587000,09-01 00:26:27,0.0078775,0.00866525,0.0078775,0.00708975,0
AKEUSDT,resident,新,1788193999000,09-01 00:33:19,0.0080385,0.00884235,0.0080385,0.00723465,0
AKEUSDT,resident,新,1788196610000,09-01 01:16:50,0.0078775,0.00866525,0.0078775,0.00708975,0
AKEUSDT,resident,新,1788213018000,09-01 05:50:18,0.0077195,0.00849145,0.0077195,0.00694755,0
AKEUSDT,resident,新,1788219465000,09-01 07:37:45,0.0078765,0.00866415,0.0078765,0.00708885,0
AKEUSDT,resident,新,1788220269000,09-01 07:51:09,0.008037,0.0088407,0.008037,0.0072333,0
AKEUSDT,resident,新,1788222478000,09-01 08:27:58,0.008198,0.0090178,0.008198,0.0073782,0
AKEUSDT,resident,新,1788222589000,09-01 08:29:49,0.008016,0.0088176,0.008016,0.0072144,0
AKEUSDT,resident,新,1788224221000,09-01 08:57:01,0.008177,0.0089947,0.008177,0.0073593,0
AKEUSDT,resident,新,1788228925000,09-01 10:15:25,0.008375,0.0092125,0.008375,0.0075375,0
AKEUSDT,resident,新,1788228931000,09-01 10:15:31,0.008549,0.0094039,0.008549,0.0076941,0
AKEUSDT,resident,新,1788228949000,09-01 10:15:49,0.008378,0.0092158,0.008378,0.0075402,0
AKEUSDT,resident,新,1788228967000,09-01 10:16:07,0.008551,0.0094061,0.008551,0.0076959,0
AKEUSDT,resident,新,1788229204000,09-01 10:20:04,0.008723,0.0095953,0.008723,0.0078507,0
AKEUSDT,resident,新,1788229348000,09-01 10:22:28,0.008535,0.0093885,0.008535,0.0076815,0
AKEUSDT,resident,新,1788231813000,09-01 11:03:33,0.008707,0.0095777,0.008707,0.0078363,0
AKEUSDT,resident,新,1788236473000,09-01 12:21:13,0.008525,0.0093775,0.008525,0.0076725,0
AKEUSDT,resident,新,1788237224000,09-01 12:33:44,0.008353,0.0091883,0.008353,0.0075177,0
AKEUSDT,resident,新,1788237359000,09-01 12:35:59,0.0085205,0.00937255,0.0085205,0.00766845,0
AKEUSDT,resident,新,1788239384000,09-01 13:09:44,0.008695,0.0095645,0.008695,0.0078255,0
AKEUSDT,resident,新,1788242602000,09-01 14:03:22,0.008872,0.0097592,0.008872,0.0079848,0
AKEUSDT,resident,新,1788249787000,09-01 16:03:07,0.009051,0.0099561,0.009051,0.0081459,0
AKEUSDT,resident,新,1788250445000,09-01 16:14:05,0.0088695,0.00975645,0.0088695,0.00798255,0
AKEUSDT,resident,新,1788251676000,09-01 16:34:36,0.009048,0.0099528,0.009048,0.0081432,0
AKEUSDT,resident,新,1788252376000,09-01 16:46:16,0.008844,0.0097284,0.008844,0.0079596,0
AKEUSDT,resident,新,1788252383000,09-01 16:46:23,0.0085935,0.00945285,0.0085935,0.00773415,0
AKEUSDT,resident,新,1788252537000,09-01 16:48:57,0.00838,0.009218,0.00838,0.007542,0
AKEUSDT,resident,新,1788253183000,09-01 16:59:43,0.008575,0.0094325,0.008575,0.0077175,0
AKEUSDT,resident,新,1788253486000,09-01 17:04:46,0.0087555,0.00963105,0.0087555,0.00787995,0
AKEUSDT,resident,新,1788253837000,09-01 17:10:37,0.008932,0.0098252,0.008932,0.0080388,0
AKEUSDT,resident,新,1788254580000,09-01 17:23:00,0.0087525,0.00962775,0.0087525,0.00787725,0
AKEUSDT,resident,新,1788255128000,09-01 17:32:08,0.0085765,0.00943415,0.0085765,0.00771885,0
AKEUSDT,resident,新,1788255181000,09-01 17:33:01,0.008391,0.0092301,0.008391,0.0075519,0
AKEUSDT,resident,新,1788255254000,09-01 17:34:14,0.0085635,0.00941985,0.0085635,0.00770715,0
AKEUSDT,resident,新,1788255385000,09-01 17:36:25,0.0087365,0.00961015,0.0087365,0.00786285,0
AKEUSDT,resident,新,1788256965000,09-01 18:02:45,0.0089115,0.00980265,0.0089115,0.00802035,0
AKEUSDT,resident,新,1788260962000,09-01 19:09:22,0.008731,0.0096041,0.008731,0.0078579,0
AKEUSDT,resident,新,1788263822000,09-01 19:57:02,0.0085335,0.00938685,0.0085335,0.00768015,0
AKEUSDT,resident,新,1788265546000,09-01 20:25:46,0.0087055,0.00957605,0.0087055,0.00783495,0
AKEUSDT,resident,新,1788272466000,09-01 22:21:06,0.0085215,0.00937365,0.0085215,0.00766935,0
AKEUSDT,resident,新,1788273192000,09-01 22:33:12,0.0086945,0.00956395,0.0086945,0.00782505,0
AKEUSDT,resident,新,1788280191000,09-02 00:29:51,0.0088885,0.00977735,0.0088885,0.00799965,0
AKEUSDT,resident,新,1788281905000,09-02 00:58:25,0.0087065,0.00957715,0.0087065,0.00783585,0
AKEUSDT,resident,新,1788303426000,09-02 06:57:06,0.008885,0.0097735,0.008885,0.0079965,0
AKEUSDT,resident,新,1788313426000,09-02 09:43:46,0.008706,0.0095766,0.008706,0.0078354,0
AKEUSDT,resident,新,1788315530000,09-02 10:18:50,0.008882,0.0097702,0.008882,0.0079938,0
AKEUSDT,resident,新,1788316603000,09-02 10:36:43,0.008701,0.0095711,0.008701,0.0078309,0
AKEUSDT,resident,新,1788327895000,09-02 13:44:55,0.008516,0.0093676,0.008516,0.0076644,0
AKEUSDT,resident,新,1788329183000,09-02 14:06:23,0.0086865,0.00955515,0.0086865,0.00781785,0
AKEUSDT,resident,新,1788338595000,09-02 16:43:15,0.0085125,0.00936375,0.0085125,0.00766125,0
AKEUSDT,resident,新,1788338727000,09-02 16:45:27,0.0083335,0.00916685,0.0083335,0.00750015,0
AKEUSDT,resident,新,1788338917000,09-02 16:48:37,0.0081645,0.00898095,0.0081645,0.00734805,0
AKEUSDT,resident,新,1788339267000,09-02 16:54:27,0.0083375,0.00917125,0.0083375,0.00750375,0
AKEUSDT,resident,新,1788339517000,09-02 16:58:37,0.008168,0.0089848,0.008168,0.0073512,0
AKEUSDT,resident,新,1788340539000,09-02 17:15:39,0.008359,0.0091949,0.008359,0.0075231,0
AKEUSDT,resident,新,1788340543000,09-02 17:15:43,0.008545,0.0093995,0.008545,0.0076905,0
AKEUSDT,resident,新,1788340601000,09-02 17:16:41,0.008721,0.0095931,0.008721,0.0078489,0
AKEUSDT,resident,新,1788342806000,09-02 17:53:26,0.0085465,0.00940115,0.0085465,0.00769185,0
AKEUSDT,resident,新,1788352103000,09-02 20:28:23,0.0087195,0.00959145,0.0087195,0.00784755,0
AKEUSDT,resident,新,1788355911000,09-02 21:31:51,0.0088945,0.00978395,0.0088945,0.00800505,0
AKEUSDT,resident,新,1788355954000,09-02 21:32:34,0.0091295,0.01004245,0.0091295,0.00821655,0
AKEUSDT,resident,新,1788356009000,09-02 21:33:29,0.0089365,0.00983015,0.0089365,0.00804285,0
AKEUSDT,resident,新,1788356499000,09-02 21:41:39,0.0091235,0.01003585,0.0091235,0.00821115,0
AKEUSDT,resident,新,1788356556000,09-02 21:42:36,0.0093415,0.01027565,0.0093415,0.00840735,0
AKEUSDT,resident,新,1788356640000,09-02 21:44:00,0.0095325,0.01048575,0.0095325,0.00857925,0
AKEUSDT,resident,新,1788356821000,09-02 21:47:01,0.00974,0.010714,0.00974,0.008766,0
AKEUSDT,resident,新,1788357019000,09-02 21:50:19,0.0099635,0.01095985,0.0099635,0.00896715,0
AKEUSDT,resident,新,1788357104000,09-02 21:51:44,0.0101655,0.01118205,0.0101655,0.00914895,0
AKEUSDT,resident,新,1788357250000,09-02 21:54:10,0.0099305,0.01092355,0.0099305,0.00893745,0
AKEUSDT,resident,新,1788357262000,09-02 21:54:22,0.00968295,0.010651245,0.00968295,0.008714655,0
AKEUSDT,resident,新,1788357322000,09-02 21:55:22,0.0098915,0.01088065,0.0098915,0.00890235,0
AKEUSDT,resident,新,1788357464000,09-02 21:57:44,0.0101295,0.01114245,0.0101295,0.00911655,0
AKEUSDT,resident,新,1788357606000,09-02 22:00:06,0.010363,0.0113993,0.010363,0.0093267,0
AKEUSDT,resident,新,1788357703000,09-02 22:01:43,0.0105735,0.01163085,0.0105735,0.00951615,0
AKEUSDT,resident,新,1788357903000,09-02 22:05:03,0.010791,0.0118701,0.010791,0.0097119,0
AKEUSDT,resident,新,1788357983000,09-02 22:06:23,0.0110135,0.01211485,0.0110135,0.00991215,0
AKEUSDT,resident,新,1788358098000,09-02 22:08:18,0.010728,0.0118008,0.010728,0.0096552,0
AKEUSDT,resident,新,1788358103000,09-02 22:08:23,0.010957,0.0120527,0.010957,0.0098613,0
AKEUSDT,resident,新,1788358533000,09-02 22:15:33,0.0111895,0.01230845,0.0111895,0.01007055,0
AKEUSDT,resident,新,1788358545000,09-02 22:15:45,0.0109485,0.01204335,0.0109485,0.00985365,0
AKEUSDT,resident,新,1788358700000,09-02 22:18:20,0.0112005,0.01232055,0.0112005,0.01008045,0
AKEUSDT,resident,新,1788358910000,09-02 22:21:50,0.010972,0.0120692,0.010972,0.0098748,0
AKEUSDT,resident,新,1788359090000,09-02 22:24:50,0.0107265,0.01179915,0.0107265,0.00965385,0
AKEUSDT,resident,新,1788359095000,09-02 22:24:55,0.0104375,0.01148125,0.0104375,0.00939375,0
AKEUSDT,resident,新,1788359097000,09-02 22:24:57,0.010182,0.0112002,0.010182,0.0091638,0
AKEUSDT,resident,新,1788359122000,09-02 22:25:22,0.0099495,0.01094445,0.0099495,0.00895455,0
AKEUSDT,resident,新,1788359146000,09-02 22:25:46,0.009743,0.0107173,0.009743,0.0087687,0
AKEUSDT,resident,新,1788359153000,09-02 22:25:53,0.0095095,0.01046045,0.0095095,0.00855855,0
AKEUSDT,resident,新,1788359158000,09-02 22:25:58,0.0092385,0.01016235,0.0092385,0.00831465,0
AKEUSDT,resident,新,1788359164000,09-02 22:26:04,0.009445,0.0103895,0.009445,0.0085005,0
AKEUSDT,resident,新,1788359166000,09-02 22:26:06,0.0091625,0.01007875,0.0091625,0.00824625,0
AKEUSDT,resident,新,1788359170000,09-02 22:26:10,0.0089235,0.00981585,0.0089235,0.00803115,0
AKEUSDT,resident,新,1788359186000,09-02 22:26:26,0.0086915,0.00956065,0.0086915,0.00782235,0
AKEUSDT,resident,新,1788359219000,09-02 22:26:59,0.0089045,0.00979495,0.0089045,0.00801405,0
AKEUSDT,resident,新,1788359237000,09-02 22:27:17,0.009085,0.0099935,0.009085,0.0081765,0
AKEUSDT,resident,新,1788359243000,09-02 22:27:23,0.0088425,0.00972675,0.0088425,0.00795825,0
AKEUSDT,resident,新,1788359245000,09-02 22:27:25,0.00866,0.009526,0.00866,0.007794,0
AKEUSDT,resident,新,1788359264000,09-02 22:27:44,0.0088445,0.00972895,0.0088445,0.00796005,0
AKEUSDT,resident,新,1788359355000,09-02 22:29:15,0.008637,0.0095007,0.008637,0.0077733,0
AKEUSDT,resident,新,1788359383000,09-02 22:29:43,0.008815,0.0096965,0.008815,0.0079335,0
AKEUSDT,resident,新,1788359400000,09-02 22:30:00,0.0085935,0.00945285,0.0085935,0.00773415,0
AKEUSDT,resident,新,1788359434000,09-02 22:30:34,0.0084015,0.00924165,0.0084015,0.00756135,0
AKEUSDT,resident,新,1788359440000,09-02 22:30:40,0.008232,0.0090552,0.008232,0.0074088,0
AKEUSDT,resident,新,1788359443000,09-02 22:30:43,0.0084435,0.00928785,0.0084435,0.00759915,0
AKEUSDT,resident,新,1788359451000,09-02 22:30:51,0.008619,0.0094809,0.008619,0.0077571,0
AKEUSDT,resident,新,1788359464000,09-02 22:31:04,0.00844,0.009284,0.00844,0.007596,0
AKEUSDT,resident,新,1788359546000,09-02 22:32:26,0.008243,0.0090673,0.008243,0.0074187,0
AKEUSDT,resident,新,1788359621000,09-02 22:33:41,0.008071,0.0088781,0.008071,0.0072639,0
AKEUSDT,resident,新,1788359640000,09-02 22:34:00,0.0078815,0.00866965,0.0078815,0.00709335,0
AKEUSDT,resident,新,1788359651000,09-02 22:34:11,0.00768,0.008448,0.00768,0.006912,0
AKEUSDT,resident,新,1788359702000,09-02 22:35:02,0.0078645,0.00865095,0.0078645,0.00707805,0
AKEUSDT,resident,新,1788359715000,09-02 22:35:15,0.008044,0.0088484,0.008044,0.0072396,0
AKEUSDT,resident,新,1788359719000,09-02 22:35:19,0.008206,0.0090266,0.008206,0.0073854,0
AKEUSDT,resident,新,1788359738000,09-02 22:35:38,0.008011,0.0088121,0.008011,0.0072099,0
AKEUSDT,resident,新,1788359760000,09-02 22:36:00,0.0082035,0.00902385,0.0082035,0.00738315,0
AKEUSDT,resident,新,1788359785000,09-02 22:36:25,0.00843,0.009273,0.00843,0.007587,0
AKEUSDT,resident,新,1788359943000,09-02 22:39:03,0.0082465,0.00907115,0.0082465,0.00742185,0
AKEUSDT,resident,新,1788359960000,09-02 22:39:20,0.008412,0.0092532,0.008412,0.0075708,0
AKEUSDT,resident,新,1788360406000,09-02 22:46:46,0.008583,0.0094413,0.008583,0.0077247,0
AKEUSDT,resident,新,1788360423000,09-02 22:47:03,0.0087575,0.00963325,0.0087575,0.00788175,0
AKEUSDT,resident,新,1788360436000,09-02 22:47:16,0.0089855,0.00988405,0.0089855,0.00808695,0
AKEUSDT,resident,新,1788360454000,09-02 22:47:34,0.009173,0.0100903,0.009173,0.0082557,0
AKEUSDT,resident,新,1788360480000,09-02 22:48:00,0.009385,0.0103235,0.009385,0.0084465,0
AKEUSDT,resident,新,1788360518000,09-02 22:48:38,0.009192,0.0101112,0.009192,0.0082728,0
AKEUSDT,resident,新,1788360578000,09-02 22:49:38,0.0090075,0.00990825,0.0090075,0.00810675,0
AKEUSDT,resident,新,1788360594000,09-02 22:49:54,0.008803,0.0096833,0.008803,0.0079227,0
AKEUSDT,resident,新,1788360598000,09-02 22:49:58,0.008626,0.0094886,0.008626,0.0077634,0
AKEUSDT,resident,新,1788360685000,09-02 22:51:25,0.0088115,0.00969265,0.0088115,0.00793035,0
AKEUSDT,resident,新,1788360771000,09-02 22:52:51,0.0089955,0.00989505,0.0089955,0.00809595,0
AKEUSDT,resident,新,1788360814000,09-02 22:53:34,0.0091765,0.01009415,0.0091765,0.00825885,0
AKEUSDT,resident,新,1788361192000,09-02 22:59:52,0.0089185,0.00981035,0.0089185,0.00802665,0
AKEUSDT,resident,新,1788361734000,09-02 23:08:54,0.009101,0.0100111,0.009101,0.0081909,0
AKEUSDT,resident,新,1788361961000,09-02 23:12:41,0.008909,0.0097999,0.008909,0.0080181,0
AKEUSDT,resident,新,1788362002000,09-02 23:13:22,0.008729,0.0096019,0.008729,0.0078561,0
AKEUSDT,resident,新,1788362114000,09-02 23:15:14,0.0089115,0.00980265,0.0089115,0.00802035,0
AKEUSDT,resident,新,1788362131000,09-02 23:15:31,0.0090925,0.01000175,0.0090925,0.00818325,0
AKEUSDT,resident,新,1788362209000,09-02 23:16:49,0.009323,0.0102553,0.009323,0.0083907,0
AKEUSDT,resident,新,1788362214000,09-02 23:16:54,0.009541,0.0104951,0.009541,0.0085869,0
AKEUSDT,resident,新,1788362225000,09-02 23:17:05,0.009764,0.0107404,0.009764,0.0087876,0
AKEUSDT,resident,新,1788362236000,09-02 23:17:16,0.0095435,0.01049785,0.0095435,0.00858915,0
AKEUSDT,resident,新,1788362260000,09-02 23:17:40,0.0097435,0.01071785,0.0097435,0.00876915,0
AKEUSDT,resident,新,1788362317000,09-02 23:18:37,0.0099495,0.01094445,0.0099495,0.00895455,0
AKEUSDT,resident,新,1788362327000,09-02 23:18:47,0.0097165,0.01068815,0.0097165,0.00874485,0
AKEUSDT,resident,新,1788362332000,09-02 23:18:52,0.009503,0.0104533,0.009503,0.0085527,0
AKEUSDT,resident,新,1788362348000,09-02 23:19:08,0.009267,0.0101937,0.009267,0.0083403,0
AKEUSDT,resident,新,1788362362000,09-02 23:19:22,0.009471,0.0104181,0.009471,0.0085239,0
AKEUSDT,resident,新,1788362434000,09-02 23:20:34,0.0096685,0.01063535,0.0096685,0.00870165,0
AKEUSDT,resident,新,1788362657000,09-02 23:24:17,0.0099005,0.01089055,0.0099005,0.00891045,0
AKEUSDT,resident,新,1788362710000,09-02 23:25:10,0.00969945,0.010669395,0.00969945,0.008729505,0
AKEUSDT,resident,新,1788363101000,09-02 23:31:41,0.0098935,0.01088285,0.0098935,0.00890415,0
AKEUSDT,resident,新,1788363606000,09-02 23:40:06,0.0096945,0.01066395,0.0096945,0.00872505,0
AKEUSDT,resident,新,1788363858000,09-02 23:44:18,0.009892,0.0108812,0.009892,0.0089028,0
AKEUSDT,resident,新,1788363903000,09-02 23:45:03,0.0101075,0.01111825,0.0101075,0.00909675,0
AKEUSDT,resident,新,1788363917000,09-02 23:45:17,0.0103305,0.01136355,0.0103305,0.00929745,0
AKEUSDT,resident,新,1788364442000,09-02 23:54:02,0.0106245,0.01168695,0.0106245,0.00956205,0
AKEUSDT,resident,新,1788364473000,09-02 23:54:33,0.010407,0.0114477,0.010407,0.0093663,0
AKEUSDT,resident,新,1788364924000,09-03 00:02:04,0.010636,0.0116996,0.010636,0.0095724,0
AKEUSDT,resident,新,1788364960000,09-03 00:02:40,0.010853,0.0119383,0.010853,0.0097677,0
AKEUSDT,resident,新,1788365058000,09-03 00:04:18,0.01063,0.011693,0.01063,0.009567,0
AKEUSDT,resident,新,1788365130000,09-03 00:05:30,0.0108465,0.01193115,0.0108465,0.00976185,0
AKEUSDT,resident,新,1788365611000,09-03 00:13:31,0.011074,0.0121814,0.011074,0.0099666,0
AKEUSDT,resident,新,1788365739000,09-03 00:15:39,0.010831,0.0119141,0.010831,0.0097479,0
AKEUSDT,resident,新,1788365741000,09-03 00:15:41,0.0106085,0.01166935,0.0106085,0.00954765,0
AKEUSDT,resident,新,1788365760000,09-03 00:16:00,0.0108275,0.01191025,0.0108275,0.00974475,0
AKEUSDT,resident,新,1788365763000,09-03 00:16:03,0.0110455,0.01215005,0.0110455,0.00994095,0
AKEUSDT,resident,新,1788365858000,09-03 00:17:38,0.010813,0.0118943,0.010813,0.0097317,0
AKEUSDT,resident,新,1788366001000,09-03 00:20:01,0.0110385,0.01214235,0.0110385,0.00993465,0
AKEUSDT,resident,新,1788366064000,09-03 00:21:04,0.0112635,0.01238985,0.0112635,0.01013715,0
AKEUSDT,resident,新,1788366192000,09-03 00:23:12,0.0115195,0.01267145,0.0115195,0.01036755,0
AKEUSDT,resident,新,1788366217000,09-03 00:23:37,0.011793,0.0129723,0.011793,0.0106137,0
AKEUSDT,resident,新,1788366598000,09-03 00:29:58,0.012032,0.0132352,0.012032,0.0108288,0
AKEUSDT,resident,新,1788366660000,09-03 00:31:00,0.012309,0.0135399,0.012309,0.0110781,0
AKEUSDT,resident,新,1788366701000,09-03 00:31:41,0.0120545,0.01325995,0.0120545,0.01084905,0
AKEUSDT,resident,新,1788366735000,09-03 00:32:15,0.0123065,0.01353715,0.0123065,0.01107585,0
AKEUSDT,resident,新,1788366783000,09-03 00:33:03,0.0125905,0.01384955,0.0125905,0.01133145,0
AKEUSDT,resident,新,1788366852000,09-03 00:34:12,0.012329,0.0135619,0.012329,0.0110961,0
AKEUSDT,resident,新,1788366940000,09-03 00:35:40,0.0119815,0.01317965,0.0119815,0.01078335,0
AKEUSDT,resident,新,1788366942000,09-03 00:35:42,0.011719,0.0128909,0.011719,0.0105471,0
AKEUSDT,resident,新,1788366953000,09-03 00:35:53,0.012033,0.0132363,0.012033,0.0108297,0
AKEUSDT,resident,新,1788366961000,09-03 00:36:01,0.012295,0.0135245,0.012295,0.0110655,0
AKEUSDT,resident,新,1788367156000,09-03 00:39:16,0.0125425,0.01379675,0.0125425,0.01128825,0
AKEUSDT,resident,新,1788367164000,09-03 00:39:24,0.012821,0.0141031,0.012821,0.0115389,0
AKEUSDT,resident,新,1788367367000,09-03 00:42:47,0.01248,0.013728,0.01248,0.011232,0
AKEUSDT,resident,新,1788367497000,09-03 00:44:57,0.012737,0.0140107,0.012737,0.0114633,0
AKEUSDT,resident,新,1788367745000,09-03 00:49:05,0.013004,0.0143044,0.013004,0.0117036,0
AKEUSDT,resident,新,1788367786000,09-03 00:49:46,0.0127435,0.01401785,0.0127435,0.01146915,0
AKEUSDT,resident,新,1788367809000,09-03 00:50:09,0.012434,0.0136774,0.012434,0.0111906,0
AKEUSDT,resident,新,1788367814000,09-03 00:50:14,0.0127765,0.01405415,0.0127765,0.01149885,0
AKEUSDT,resident,新,1788368110000,09-03 00:55:10,0.0130565,0.01436215,0.0130565,0.01175085,0
AKEUSDT,resident,新,1788368421000,09-03 01:00:21,0.012745,0.0140195,0.012745,0.0114705,0
AKEUSDT,resident,新,1788368442000,09-03 01:00:42,0.0124875,0.01373625,0.0124875,0.01123875,0
AKEUSDT,resident,新,1788368459000,09-03 01:00:59,0.0122055,0.01342605,0.0122055,0.01098495,0
AKEUSDT,resident,新,1788368468000,09-03 01:01:08,0.011894,0.0130834,0.011894,0.0107046,0
AKEUSDT,resident,新,1788368473000,09-03 01:01:13,0.0121415,0.01335565,0.0121415,0.01092735,0
AKEUSDT,resident,新,1788368499000,09-03 01:01:39,0.012399,0.0136389,0.012399,0.0111591,0
AKEUSDT,resident,新,1788368506000,09-03 01:01:46,0.0127,0.01397,0.0127,0.01143,0
AKEUSDT,resident,新,1788368535000,09-03 01:02:15,0.0131285,0.01444135,0.0131285,0.01181565,0
AKEUSDT,resident,新,1788368536000,09-03 01:02:16,0.0136185,0.01498035,0.0136185,0.01225665,0
AKEUSDT,resident,新,1788368545000,09-03 01:02:25,0.013898,0.0152878,0.013898,0.0125082,0
AKEUSDT,resident,新,1788368577000,09-03 01:02:57,0.0135935,0.01495285,0.0135935,0.01223415,0
AKEUSDT,resident,新,1788368604000,09-03 01:03:24,0.013942,0.0153362,0.013942,0.0125478,0
AKEUSDT,resident,新,1788368614000,09-03 01:03:34,0.013562,0.0149182,0.013562,0.0122058,0
AKEUSDT,resident,新,1788368616000,09-03 01:03:36,0.013264,0.0145904,0.013264,0.0119376,0
AKEUSDT,resident,新,1788368627000,09-03 01:03:47,0.0128115,0.01409265,0.0128115,0.01153035,0
AKEUSDT,resident,新,1788368651000,09-03 01:04:11,0.0125365,0.01379015,0.0125365,0.01128285,0
AKEUSDT,resident,新,1788368679000,09-03 01:04:39,0.012854,0.0141394,0.012854,0.0115686,0
AKEUSDT,resident,新,1788368705000,09-03 01:05:05,0.012584,0.0138424,0.012584,0.0113256,0
AKEUSDT,resident,新,1788368719000,09-03 01:05:19,0.012977,0.0142747,0.012977,0.0116793,0
AKEUSDT,resident,新,1788368737000,09-03 01:05:37,0.013237,0.0145607,0.013237,0.0119133,0
AKEUSDT,resident,新,1788368750000,09-03 01:05:50,0.012957,0.0142527,0.012957,0.0116613,0
AKEUSDT,resident,新,1788368807000,09-03 01:06:47,0.013293,0.0146223,0.013293,0.0119637,0
AKEUSDT,resident,新,1788368886000,09-03 01:08:06,0.013019,0.0143209,0.013019,0.0117171,0
AKEUSDT,resident,新,1788368980000,09-03 01:09:40,0.013284,0.0146124,0.013284,0.0119556,0
AKEUSDT,resident,新,1788369050000,09-03 01:10:50,0.013555,0.0149105,0.013555,0.0121995,0
AKEUSDT,resident,新,1788369454000,09-03 01:17:34,0.013829,0.0152119,0.013829,0.0124461,0
AKEUSDT,resident,新,1788370005000,09-03 01:26:45,0.014193,0.0156123,0.014193,0.0127737,0
AKEUSDT,resident,新,1788370623000,09-03 01:37:03,0.01451,0.015961,0.01451,0.013059,0
AKEUSDT,resident,新,1788370814000,09-03 01:40:14,0.014802,0.0162822,0.014802,0.0133218,0
AKEUSDT,resident,新,1788371249000,09-03 01:47:29,0.014396,0.0158356,0.014396,0.0129564,0
AKEUSDT,resident,新,1788371257000,09-03 01:47:37,0.014687,0.0161557,0.014687,0.0132183,0
AKEUSDT,resident,新,1788371659000,09-03 01:54:19,0.014288,0.0157168,0.014288,0.0128592,0
AKEUSDT,resident,新,1788371668000,09-03 01:54:28,0.0145795,0.01603745,0.0145795,0.01312155,0
AKEUSDT,resident,新,1788371679000,09-03 01:54:39,0.014255,0.0156805,0.014255,0.0128295,0
AKEUSDT,resident,新,1788371720000,09-03 01:55:20,0.0139655,0.01536205,0.0139655,0.01256895,0
AKEUSDT,resident,新,1788371728000,09-03 01:55:28,0.014261,0.0156871,0.014261,0.0128349,0
AKEUSDT,resident,新,1788371743000,09-03 01:55:43,0.014581,0.0160391,0.014581,0.0131229,0
AKEUSDT,resident,新,1788371815000,09-03 01:56:55,0.0150275,0.01653025,0.0150275,0.01352475,0
AKEUSDT,resident,新,1788372123000,09-03 02:02:03,0.015346,0.0168806,0.015346,0.0138114,0
AKEUSDT,resident,新,1788372569000,09-03 02:09:29,0.0157,0.01727,0.0157,0.01413,0
AKEUSDT,resident,新,1788373230000,09-03 02:20:30,0.016029,0.0176319,0.016029,0.0144261,0
AKEUSDT,resident,新,1788373237000,09-03 02:20:37,0.015702,0.0172722,0.015702,0.0141318,0
AKEUSDT,resident,新,1788373287000,09-03 02:21:27,0.0160235,0.01762585,0.0160235,0.01442115,0
AKEUSDT,resident,新,1788373354000,09-03 02:22:34,0.0164105,0.01805155,0.0164105,0.01476945,0
AKEUSDT,resident,新,1788373361000,09-03 02:22:41,0.0160355,0.01763905,0.0160355,0.01443195,0
AKEUSDT,resident,新,1788373363000,09-03 02:22:43,0.015712,0.0172832,0.015712,0.0141408,0
AKEUSDT,resident,新,1788373373000,09-03 02:22:53,0.016085,0.0176935,0.016085,0.0144765,0
AKEUSDT,resident,新,1788373626000,09-03 02:27:06,0.016584,0.0182424,0.016584,0.0149256,0
AKEUSDT,resident,新,1788373633000,09-03 02:27:13,0.017093,0.0188023,0.017093,0.0153837,0
AKEUSDT,resident,新,1788373651000,09-03 02:27:31,0.01752,0.019272,0.01752,0.015768,0
AKEUSDT,resident,新,1788373680000,09-03 02:28:00,0.017169,0.0188859,0.017169,0.0154521,0
AKEUSDT,resident,新,1788373817000,09-03 02:30:17,0.017573,0.0193303,0.017573,0.0158157,0
AKEUSDT,resident,新,1788373877000,09-03 02:31:17,0.017221,0.0189431,0.017221,0.0154989,0
AKEUSDT,resident,新,1788374084000,09-03 02:34:44,0.0175695,0.01932645,0.0175695,0.01581255,0
AKEUSDT,resident,新,1788374109000,09-03 02:35:09,0.017201,0.0189211,0.017201,0.0154809,0
AKEUSDT,resident,新,1788374148000,09-03 02:35:48,0.017562,0.0193182,0.017562,0.0158058,0
AKEUSDT,resident,新,1788374301000,09-03 02:38:21,0.017184,0.0189024,0.017184,0.0154656,0
AKEUSDT,resident,新,1788374530000,09-03 02:42:10,0.016792,0.0184712,0.016792,0.0151128,0
AKEUSDT,resident,新,1788374565000,09-03 02:42:45,0.0171695,0.01888645,0.0171695,0.01545255,0
AKEUSDT,resident,新,1788374859000,09-03 02:47:39,0.017531,0.0192841,0.017531,0.0157779,0
AKEUSDT,resident,新,1788375010000,09-03 02:50:10,0.017893,0.0196823,0.017893,0.0161037,0
AKEUSDT,resident,新,1788375038000,09-03 02:50:38,0.017514,0.0192654,0.017514,0.0157626,0
AKEUSDT,resident,新,1788375108000,09-03 02:51:48,0.017883,0.0196713,0.017883,0.0160947,0
AKEUSDT,resident,新,1788375869000,09-03 03:04:29,0.0182685,0.02009535,0.0182685,0.01644165,0
AKEUSDT,resident,新,1788376577000,09-03 03:16:17,0.0186405,0.02050455,0.0186405,0.01677645,0
AKEUSDT,resident,新,1788377717000,09-03 03:35:17,0.018242,0.0200662,0.018242,0.0164178,0
AKEUSDT,resident,新,1788377797000,09-03 03:36:37,0.018608,0.0204688,0.018608,0.0167472,0
AKEUSDT,resident,新,1788379260000,09-03 04:01:00,0.018986,0.0208846,0.018986,0.0170874,0
AKEUSDT,resident,新,1788379277000,09-03 04:01:17,0.018561,0.0204171,0.018561,0.0167049,0
AKEUSDT,resident,新,1788379292000,09-03 04:01:32,0.018948,0.0208428,0.018948,0.0170532,0
AKEUSDT,resident,新,1788379731000,09-03 04:08:51,0.01932865,0.021261515,0.01932865,0.017395785,0
AKEUSDT,resident,新,1788379751000,09-03 04:09:11,0.0188615,0.02074765,0.0188615,0.01697535,0
AKEUSDT,resident,新,1788379784000,09-03 04:09:44,0.018394,0.0202334,0.018394,0.0165546,0
AKEUSDT,resident,新,1788379791000,09-03 04:09:51,0.017954,0.0197494,0.017954,0.0161586,0
AKEUSDT,resident,新,1788379802000,09-03 04:10:02,0.017313,0.0190443,0.017313,0.0155817,0
AKEUSDT,resident,新,1788379803000,09-03 04:10:03,0.0167665,0.01844315,0.0167665,0.01508985,0
AKEUSDT,resident,新,1788379806000,09-03 04:10:06,0.017284,0.0190124,0.017284,0.0155556,0
AKEUSDT,resident,新,1788379809000,09-03 04:10:09,0.0176795,0.01944745,0.0176795,0.01591155,0
AKEUSDT,resident,新,1788379813000,09-03 04:10:13,0.018178,0.0199958,0.018178,0.0163602,0
AKEUSDT,resident,新,1788379816000,09-03 04:10:16,0.017793,0.0195723,0.017793,0.0160137,0
AKEUSDT,resident,新,1788379827000,09-03 04:10:27,0.018389,0.0202279,0.018389,0.0165501,0
AKEUSDT,resident,新,1788379877000,09-03 04:11:17,0.017937,0.0197307,0.017937,0.0161433,0
AKEUSDT,resident,新,1788379917000,09-03 04:11:57,0.0183295,0.02016245,0.0183295,0.01649655,0
AKEUSDT,resident,新,1788379924000,09-03 04:12:04,0.01793,0.019723,0.01793,0.016137,0
AKEUSDT,resident,新,1788379963000,09-03 04:12:43,0.017258,0.0189838,0.017258,0.0155322,0
AKEUSDT,resident,新,1788379965000,09-03 04:12:45,0.0168775,0.01856525,0.0168775,0.01518975,0
AKEUSDT,resident,新,1788379967000,09-03 04:12:47,0.017243,0.0189673,0.017243,0.0155187,0
AKEUSDT,resident,新,1788379984000,09-03 04:13:04,0.0166285,0.01829135,0.0166285,0.01496565,0
AKEUSDT,resident,新,1788379989000,09-03 04:13:09,0.0170795,0.01878745,0.0170795,0.01537155,0
AKEUSDT,resident,新,1788379997000,09-03 04:13:17,0.0165995,0.01825945,0.0165995,0.01493955,0
AKEUSDT,resident,新,1788380011000,09-03 04:13:31,0.016945,0.0186395,0.016945,0.0152505,0
AKEUSDT,resident,新,1788380030000,09-03 04:13:50,0.0173825,0.01912075,0.0173825,0.01564425,0
AKEUSDT,resident,新,1788380058000,09-03 04:14:18,0.017861,0.0196471,0.017861,0.0160749,0
AKEUSDT,resident,新,1788380090000,09-03 04:14:50,0.018318,0.0201498,0.018318,0.0164862,0
AKEUSDT,resident,新,1788380094000,09-03 04:14:54,0.018704,0.0205744,0.018704,0.0168336,0
AKEUSDT,resident,新,1788380102000,09-03 04:15:02,0.018308,0.0201388,0.018308,0.0164772,0
AKEUSDT,resident,新,1788380154000,09-03 04:15:54,0.0179325,0.01972575,0.0179325,0.01613925,0
AKEUSDT,resident,新,1788380198000,09-03 04:16:38,0.0183005,0.02013055,0.0183005,0.01647045,0
AKEUSDT,resident,新,1788380231000,09-03 04:17:11,0.0187315,0.02060465,0.0187315,0.01685835,0
AKEUSDT,resident,新,1788380309000,09-03 04:18:29,0.0194155,0.02135705,0.0194155,0.01747395,0
AKEUSDT,resident,新,1788380322000,09-03 04:18:42,0.019834,0.0218174,0.019834,0.0178506,0
AKEUSDT,resident,新,1788380328000,09-03 04:18:48,0.0202415,0.02226565,0.0202415,0.01821735,0
AKEUSDT,resident,新,1788380338000,09-03 04:18:58,0.0206995,0.02276945,0.0206995,0.01862955,0
AKEUSDT,resident,新,1788380433000,09-03 04:20:33,0.021202,0.0233222,0.021202,0.0190818,0
AKEUSDT,resident,新,1788380546000,09-03 04:22:26,0.0205305,0.02258355,0.0205305,0.01847745,0
AKEUSDT,resident,新,1788380567000,09-03 04:22:47,0.019995,0.0219945,0.019995,0.0179955,0
AKEUSDT,resident,新,1788380583000,09-03 04:23:03,0.019554,0.0215094,0.019554,0.0175986,0
AKEUSDT,resident,新,1788380592000,09-03 04:23:12,0.019093,0.0210023,0.019093,0.0171837,0
AKEUSDT,resident,新,1788380600000,09-03 04:23:20,0.018548,0.0204028,0.018548,0.0166932,0
AKEUSDT,resident,新,1788380612000,09-03 04:23:32,0.018081,0.0198891,0.018081,0.0162729,0
AKEUSDT,resident,新,1788380614000,09-03 04:23:34,0.0186445,0.02050895,0.0186445,0.01678005,0
AKEUSDT,resident,新,1788380633000,09-03 04:23:53,0.018158,0.0199738,0.018158,0.0163422,0
AKEUSDT,resident,新,1788380635000,09-03 04:23:55,0.017681,0.0194491,0.017681,0.0159129,0
AKEUSDT,resident,新,1788380639000,09-03 04:23:59,0.0180565,0.01986215,0.0180565,0.01625085,0
AKEUSDT,resident,新,1788380641000,09-03 04:24:01,0.017554,0.0193094,0.017554,0.0157986,0
AKEUSDT,resident,新,1788380643000,09-03 04:24:03,0.0179495,0.01974445,0.0179495,0.01615455,0
AKEUSDT,resident,新,1788380649000,09-03 04:24:09,0.0183645,0.02020095,0.0183645,0.01652805,0
AKEUSDT,resident,新,1788380652000,09-03 04:24:12,0.0179875,0.01978625,0.0179875,0.01618875,0
AKEUSDT,resident,新,1788380659000,09-03 04:24:19,0.0183665,0.02020315,0.0183665,0.01652985,0
AKEUSDT,resident,新,1788380702000,09-03 04:25:02,0.017904,0.0196944,0.017904,0.0161136,0
AKEUSDT,resident,新,1788380713000,09-03 04:25:13,0.01827045,0.020097495,0.01827045,0.016443405,0
AKEUSDT,resident,新,1788380720000,09-03 04:25:20,0.017842,0.0196262,0.017842,0.0160578,0
AKEUSDT,resident,新,1788380750000,09-03 04:25:50,0.0174615,0.01920765,0.0174615,0.01571535,0
AKEUSDT,resident,新,1788380763000,09-03 04:26:03,0.017012,0.0187132,0.017012,0.0153108,0
AKEUSDT,resident,新,1788380768000,09-03 04:26:08,0.017476,0.0192236,0.017476,0.0157284,0
AKEUSDT,resident,新,1788380776000,09-03 04:26:16,0.017877,0.0196647,0.017877,0.0160893,0
AKEUSDT,resident,新,1788380846000,09-03 04:27:26,0.017471,0.0192181,0.017471,0.0157239,0
AKEUSDT,resident,新,1788380870000,09-03 04:27:50,0.0178225,0.01960475,0.0178225,0.01604025,0
AKEUSDT,resident,新,1788380900000,09-03 04:28:20,0.017409,0.0191499,0.017409,0.0156681,0
AKEUSDT,resident,新,1788380942000,09-03 04:29:02,0.0170105,0.01871155,0.0170105,0.01530945,0
AKEUSDT,resident,新,1788380952000,09-03 04:29:12,0.01742,0.019162,0.01742,0.015678,0
AKEUSDT,resident,新,1788381040000,09-03 04:30:40,0.017841,0.0196251,0.017841,0.0160569,0
AKEUSDT,resident,新,1788381092000,09-03 04:31:32,0.0182115,0.02003265,0.0182115,0.01639035,0
AKEUSDT,resident,新,1788381099000,09-03 04:31:39,0.018642,0.0205062,0.018642,0.0167778,0
AKEUSDT,resident,新,1788381115000,09-03 04:31:55,0.019037,0.0209407,0.019037,0.0171333,0
AKEUSDT,resident,新,1788381126000,09-03 04:32:06,0.0184405,0.02028455,0.0184405,0.01659645,0
AKEUSDT,resident,新,1788381162000,09-03 04:32:42,0.018829,0.0207119,0.018829,0.0169461,0
AKEUSDT,resident,新,1788381202000,09-03 04:33:22,0.019286,0.0212146,0.019286,0.0173574,0
AKEUSDT,resident,新,1788381330000,09-03 04:35:30,0.0188665,0.02075315,0.0188665,0.01697985,0
AKEUSDT,resident,新,1788381381000,09-03 04:36:21,0.019257,0.0211827,0.019257,0.0173313,0
AKEUSDT,resident,新,1788381419000,09-03 04:36:59,0.0197215,0.02169365,0.0197215,0.01774935,0
AKEUSDT,resident,新,1788381511000,09-03 04:38:31,0.0201545,0.02216995,0.0201545,0.01813905,0
AKEUSDT,resident,新,1788381696000,09-03 04:41:36,0.0205595,0.02261545,0.0205595,0.01850355,0
AKEUSDT,resident,新,1788381849000,09-03 04:44:09,0.0209735,0.02307085,0.0209735,0.01887615,0
AKEUSDT,resident,新,1788381887000,09-03 04:44:47,0.0205465,0.02260115,0.0205465,0.01849185,0
AKEUSDT,resident,新,1788381973000,09-03 04:46:13,0.0210055,0.02310605,0.0210055,0.01890495,0
AKEUSDT,resident,新,1788382039000,09-03 04:47:19,0.020543,0.0225973,0.020543,0.0184887,0
AKEUSDT,resident,新,1788382072000,09-03 04:47:52,0.0209665,0.02306315,0.0209665,0.01886985,0
AKEUSDT,resident,新,1788382246000,09-03 04:50:46,0.02139,0.023529,0.02139,0.019251,0
AKEUSDT,resident,新,1788382350000,09-03 04:52:30,0.0209565,0.02305215,0.0209565,0.01886085,0
AKEUSDT,resident,新,1788382395000,09-03 04:53:15,0.0214145,0.02355595,0.0214145,0.01927305,0
AKEUSDT,resident,新,1788382466000,09-03 04:54:26,0.020964,0.0230604,0.020964,0.0188676,0
AKEUSDT,resident,新,1788382616000,09-03 04:56:56,0.020502,0.0225522,0.020502,0.0184518,0
AKEUSDT,resident,新,1788382642000,09-03 04:57:22,0.020084,0.0220924,0.020084,0.0180756,0
AKEUSDT,resident,新,1788382663000,09-03 04:57:43,0.020643,0.0227073,0.020643,0.0185787,0
AKEUSDT,resident,新,1788382755000,09-03 04:59:15,0.0202255,0.02224805,0.0202255,0.01820295,0
AKEUSDT,resident,新,1788382830000,09-03 05:00:30,0.020716,0.0227876,0.020716,0.0186444,0
AKEUSDT,resident,新,1788382842000,09-03 05:00:42,0.0212205,0.02334255,0.0212205,0.01909845,0
AKEUSDT,resident,新,1788382961000,09-03 05:02:41,0.020777,0.0228547,0.020777,0.0186993,0
AKEUSDT,resident,新,1788383291000,09-03 05:08:11,0.021253,0.0233783,0.021253,0.0191277,0
AKEUSDT,resident,新,1788383733000,09-03 05:15:33,0.021708,0.0238788,0.021708,0.0195372,0
AKEUSDT,resident,新,1788383825000,09-03 05:17:05,0.0221675,0.02438425,0.0221675,0.01995075,0
AKEUSDT,resident,新,1788383875000,09-03 05:17:55,0.0217095,0.02388045,0.0217095,0.01953855,0
AKEUSDT,resident,新,1788384148000,09-03 05:22:28,0.0221525,0.02436775,0.0221525,0.01993725,0
AKEUSDT,resident,新,1788384203000,09-03 05:23:23,0.021709,0.0238799,0.021709,0.0195381,0
AKEUSDT,resident,新,1788384766000,09-03 05:32:46,0.022176,0.0243936,0.022176,0.0199584,0
AKEUSDT,resident,新,1788384830000,09-03 05:33:50,0.0226325,0.02489575,0.0226325,0.02036925,0
AKEUSDT,resident,新,1788385037000,09-03 05:37:17,0.0231865,0.02550515,0.0231865,0.02086785,0
AKEUSDT,resident,新,1788385049000,09-03 05:37:29,0.023797,0.0261767,0.023797,0.0214173,0
AKEUSDT,resident,新,1788385054000,09-03 05:37:34,0.024281,0.0267091,0.024281,0.0218529,0
AKEUSDT,resident,新,1788385098000,09-03 05:38:18,0.024825,0.0273075,0.024825,0.0223425,0
AKEUSDT,resident,新,1788385224000,09-03 05:40:24,0.0255935,0.02815285,0.0255935,0.02303415,0
AKEUSDT,resident,新,1788385225000,09-03 05:40:25,0.026165,0.0287815,0.026165,0.0235485,0
AKEUSDT,resident,新,1788385227000,09-03 05:40:27,0.026701,0.0293711,0.026701,0.0240309,0
AKEUSDT,resident,新,1788385229000,09-03 05:40:29,0.027281,0.0300091,0.027281,0.0245529,0
AKEUSDT,resident,新,1788385231000,09-03 05:40:31,0.0280115,0.03081265,0.0280115,0.02521035,0
AKEUSDT,resident,新,1788385232000,09-03 05:40:32,0.0285995,0.03145945,0.0285995,0.02573955,0
AKEUSDT,resident,新,1788385237000,09-03 05:40:37,0.027615,0.0303765,0.027615,0.0248535,0
AKEUSDT,resident,新,1788385249000,09-03 05:40:49,0.0282355,0.03105905,0.0282355,0.02541195,0
AKEUSDT,resident,新,1788385253000,09-03 05:40:53,0.0276505,0.03041555,0.0276505,0.02488545,0
AKEUSDT,resident,新,1788385255000,09-03 05:40:55,0.028321,0.0311531,0.028321,0.0254889,0
AKEUSDT,resident,新,1788385257000,09-03 05:40:57,0.0293145,0.03224595,0.0293145,0.02638305,0
AKEUSDT,resident,新,1788385261000,09-03 05:41:01,0.027517,0.0302687,0.027517,0.0247653,0
AKEUSDT,resident,新,1788385262000,09-03 05:41:02,0.026783,0.0294613,0.026783,0.0241047,0
AKEUSDT,resident,新,1788385267000,09-03 05:41:07,0.027544,0.0302984,0.027544,0.0247896,0
AKEUSDT,resident,新,1788385272000,09-03 05:41:12,0.0269285,0.02962135,0.0269285,0.02423565,0
AKEUSDT,resident,新,1788385278000,09-03 05:41:18,0.026192,0.0288112,0.026192,0.0235728,0
AKEUSDT,resident,新,1788385283000,09-03 05:41:23,0.026907,0.0295977,0.026907,0.0242163,0
AKEUSDT,resident,新,1788385297000,09-03 05:41:37,0.026235,0.0288585,0.026235,0.0236115,0
AKEUSDT,resident,新,1788385311000,09-03 05:41:51,0.0267635,0.02943985,0.0267635,0.02408715,0
AKEUSDT,resident,新,1788385320000,09-03 05:42:00,0.026204,0.0288244,0.026204,0.0235836,0
AKEUSDT,resident,新,1788385329000,09-03 05:42:09,0.02554,0.028094,0.02554,0.022986,0
AKEUSDT,resident,新,1788385333000,09-03 05:42:13,0.0260705,0.02867755,0.0260705,0.02346345,0
AKEUSDT,resident,新,1788385360000,09-03 05:42:40,0.026641,0.0293051,0.026641,0.0239769,0
AKEUSDT,resident,新,1788385362000,09-03 05:42:42,0.027213,0.0299343,0.027213,0.0244917,0
AKEUSDT,resident,新,1788385377000,09-03 05:42:57,0.027849,0.0306339,0.027849,0.0250641,0
AKEUSDT,resident,新,1788385382000,09-03 05:43:02,0.027145,0.0298595,0.027145,0.0244305,0
AKEUSDT,resident,新,1788385406000,09-03 05:43:26,0.0277065,0.03047715,0.0277065,0.02493585,0
AKEUSDT,resident,新,1788385435000,09-03 05:43:55,0.028305,0.0311355,0.028305,0.0254745,0
AKEUSDT,resident,新,1788385438000,09-03 05:43:58,0.028972,0.0318692,0.028972,0.0260748,0
AKEUSDT,resident,新,1788385439000,09-03 05:43:59,0.0296395,0.03260345,0.0296395,0.02667555,0
AKEUSDT,resident,新,1788385441000,09-03 05:44:01,0.0305615,0.03361765,0.0305615,0.02750535,0
AKEUSDT,resident,新,1788385442000,09-03 05:44:02,0.031246,0.0343706,0.031246,0.0281214,0
AKEUSDT,resident,新,1788385444000,09-03 05:44:04,0.031938,0.0351318,0.031938,0.0287442,0
AKEUSDT,resident,新,1788385445000,09-03 05:44:05,0.032777,0.0360547,0.032777,0.0294993,0
AKEUSDT,resident,新,1788385447000,09-03 05:44:07,0.03183,0.035013,0.03183,0.028647,0
AKEUSDT,resident,新,1788385449000,09-03 05:44:09,0.032759,0.0360349,0.032759,0.0294831,0
AKEUSDT,resident,新,1788385450000,09-03 05:44:10,0.0318825,0.03507075,0.0318825,0.02869425,0
AKEUSDT,resident,新,1788385451000,09-03 05:44:11,0.0333825,0.03672075,0.0333825,0.03004425,0
AKEUSDT,resident,新,1788385452000,09-03 05:44:12,0.0350165,0.03851815,0.0350165,0.03151485,0
AKEUSDT,resident,新,1788385453000,09-03 05:44:13,0.035871,0.0394581,0.035871,0.0322839,0
AKEUSDT,resident,新,1788385454000,09-03 05:44:14,0.037011,0.0407121,0.037011,0.0333099,0
AKEUSDT,resident,新,1788385455000,09-03 05:44:15,0.0361265,0.03973915,0.0361265,0.03251385,0
AKEUSDT,resident,新,1788385456000,09-03 05:44:16,0.0349235,0.03841585,0.0349235,0.03143115,0
AKEUSDT,resident,新,1788385457000,09-03 05:44:17,0.0362125,0.03983375,0.0362125,0.03259125,0
AKEUSDT,resident,新,1788385459000,09-03 05:44:19,0.0372855,0.04101405,0.0372855,0.03355695,0
AKEUSDT,resident,新,1788385462000,09-03 05:44:22,0.040359,0.0443949,0.0372855,0.03355695,1
AKEUSDT,resident,新,1788385463000,09-03 05:44:23,0.041335,0.0454685,0.0372855,0.03355695,1
AKEUSDT,resident,新,1788385464000,09-03 05:44:24,0.040145,0.0441595,0.040145,0.0361305,0
AKEUSDT,resident,新,1788385465000,09-03 05:44:25,0.0414295,0.04557245,0.0414295,0.03728655,0
AKEUSDT,resident,新,1788385466000,09-03 05:44:26,0.0400545,0.04405995,0.0400545,0.03604905,0
AKEUSDT,resident,新,1788385467000,09-03 05:44:27,0.038358,0.0421938,0.038358,0.0345222,0
AKEUSDT,resident,新,1788385468000,09-03 05:44:28,0.038358,0.0421938,0.0347,0.03123,1
AKEUSDT,resident,新,1788385469000,09-03 05:44:29,0.036628,0.0402908,0.036628,0.0329652,0
AKEUSDT,resident,新,1788385472000,09-03 05:44:32,0.03587105,0.039458155,0.03587105,0.032283945,0
AKEUSDT,resident,新,1788385473000,09-03 05:44:33,0.034165,0.0375815,0.034165,0.0307485,0
AKEUSDT,resident,新,1788385475000,09-03 05:44:35,0.035032,0.0385352,0.035032,0.0315288,0
AKEUSDT,resident,新,1788385476000,09-03 05:44:36,0.0358075,0.03938825,0.0358075,0.03222675,0
AKEUSDT,resident,新,1788385477000,09-03 05:44:37,0.0368905,0.04057955,0.0368905,0.03320145,0
AKEUSDT,resident,新,1788385478000,09-03 05:44:38,0.0381825,0.04200075,0.0381825,0.03436425,0
AKEUSDT,resident,新,1788385479000,09-03 05:44:39,0.0400015,0.04400165,0.0400015,0.03600135,0
AKEUSDT,resident,新,1788385480000,09-03 05:44:40,0.038297,0.0421267,0.038297,0.0344673,0
AKEUSDT,resident,新,1788385482000,09-03 05:44:42,0.0369815,0.04067965,0.0369815,0.03328335,0
AKEUSDT,resident,新,1788385483000,09-03 05:44:43,0.0362115,0.03983265,0.0362115,0.03259035,0
AKEUSDT,resident,新,1788385484000,09-03 05:44:44,0.0353555,0.03889105,0.0353555,0.03181995,0
AKEUSDT,resident,新,1788385487000,09-03 05:44:47,0.034407,0.0378477,0.034407,0.0309663,0
AKEUSDT,resident,新,1788385492000,09-03 05:44:52,0.033702,0.0370722,0.033702,0.0303318,0
AKEUSDT,resident,新,1788385494000,09-03 05:44:54,0.0345665,0.03802315,0.0345665,0.03110985,0
AKEUSDT,resident,新,1788385495000,09-03 05:44:55,0.037977,0.0417747,0.0345665,0.03110985,1
AKEUSDT,resident,新,1788385498000,09-03 05:44:58,0.036271,0.0398981,0.036271,0.0326439,0
AKEUSDT,resident,新,1788385499000,09-03 05:44:59,0.035138,0.0386518,0.035138,0.0316242,0
AKEUSDT,resident,新,1788385501000,09-03 05:45:01,0.0337995,0.03717945,0.0337995,0.03041955,0
AKEUSDT,resident,新,1788385503000,09-03 05:45:03,0.0320015,0.03520165,0.0320015,0.02880135,0
AKEUSDT,resident,新,1788385504000,09-03 05:45:04,0.0306625,0.03372875,0.0306625,0.02759625,0
AKEUSDT,resident,新,1788385505000,09-03 05:45:05,0.0315795,0.03473745,0.0315795,0.02842155,0
AKEUSDT,resident,新,1788385509000,09-03 05:45:09,0.0309195,0.03401145,0.0309195,0.02782755,0
AKEUSDT,resident,新,1788385513000,09-03 05:45:13,0.031744,0.0349184,0.031744,0.0285696,0
AKEUSDT,resident,新,1788385515000,09-03 05:45:15,0.032924,0.0362164,0.032924,0.0296316,0
AKEUSDT,resident,新,1788385517000,09-03 05:45:17,0.033628,0.0369908,0.033628,0.0302652,0
AKEUSDT,resident,新,1788385519000,09-03 05:45:19,0.031239,0.0343629,0.031239,0.0281151,0
AKEUSDT,resident,新,1788385520000,09-03 05:45:20,0.030603,0.0336633,0.030603,0.0275427,0
AKEUSDT,resident,新,1788385521000,09-03 05:45:21,0.0295565,0.03251215,0.0295565,0.02660085,0
AKEUSDT,resident,新,1788385531000,09-03 05:45:31,0.0302185,0.03324035,0.0302185,0.02719665,0
AKEUSDT,resident,新,1788385532000,09-03 05:45:32,0.031276,0.0344036,0.031276,0.0281484,0
AKEUSDT,resident,新,1788385533000,09-03 05:45:33,0.032558,0.0358138,0.032558,0.0293022,0
AKEUSDT,resident,新,1788385537000,09-03 05:45:37,0.0319005,0.03509055,0.0319005,0.02871045,0
AKEUSDT,resident,新,1788385542000,09-03 05:45:42,0.0310715,0.03417865,0.0310715,0.02796435,0
AKEUSDT,resident,新,1788385543000,09-03 05:45:43,0.0303,0.03333,0.0303,0.02727,0
AKEUSDT,resident,新,1788385548000,09-03 05:45:48,0.029476,0.0324236,0.029476,0.0265284,0
AKEUSDT,resident,新,1788385551000,09-03 05:45:51,0.030164,0.0331804,0.030164,0.0271476,0
AKEUSDT,resident,新,1788385556000,09-03 05:45:56,0.0294485,0.03239335,0.0294485,0.02650365,0
AKEUSDT,resident,新,1788385570000,09-03 05:46:10,0.0307235,0.03379585,0.0307235,0.02765115,0
AKEUSDT,resident,新,1788385573000,09-03 05:46:13,0.030044,0.0330484,0.030044,0.0270396,0
AKEUSDT,resident,新,1788385574000,09-03 05:46:14,0.029089,0.0319979,0.029089,0.0261801,0
AKEUSDT,resident,新,1788385575000,09-03 05:46:15,0.028259,0.0310849,0.028259,0.0254331,0
AKEUSDT,resident,新,1788385581000,09-03 05:46:21,0.027524,0.0302764,0.027524,0.0247716,0
AKEUSDT,resident,新,1788385590000,09-03 05:46:30,0.0269605,0.02965655,0.0269605,0.02426445,0
AKEUSDT,resident,新,1788385593000,09-03 05:46:33,0.026261,0.0288871,0.026261,0.0236349,0
AKEUSDT,resident,新,1788385599000,09-03 05:46:39,0.025514,0.0280654,0.025514,0.0229626,0
AKEUSDT,resident,新,1788385603000,09-03 05:46:43,0.0261975,0.02881725,0.0261975,0.02357775,0
AKEUSDT,resident,新,1788385604000,09-03 05:46:44,0.025669,0.0282359,0.025669,0.0231021,0
AKEUSDT,resident,新,1788385609000,09-03 05:46:49,0.025132,0.0276452,0.025132,0.0226188,0
AKEUSDT,resident,新,1788385611000,09-03 05:46:51,0.0244435,0.02688785,0.0244435,0.02199915,0
AKEUSDT,resident,新,1788385615000,09-03 05:46:55,0.0249395,0.02743345,0.0249395,0.02244555,0
AKEUSDT,resident,新,1788385616000,09-03 05:46:56,0.0243085,0.02673935,0.0243085,0.02187765,0
AKEUSDT,resident,新,1788385620000,09-03 05:47:00,0.023762,0.0261382,0.023762,0.0213858,0
AKEUSDT,resident,新,1788385622000,09-03 05:47:02,0.0245545,0.02700995,0.0245545,0.02209905,0
AKEUSDT,resident,新,1788385629000,09-03 05:47:09,0.025416,0.0279576,0.025416,0.0228744,0
AKEUSDT,resident,新,1788385630000,09-03 05:47:10,0.026117,0.0287287,0.026117,0.0235053,0
AKEUSDT,resident,新,1788385633000,09-03 05:47:13,0.0251595,0.02767545,0.0251595,0.02264355,0
AKEUSDT,resident,新,1788385641000,09-03 05:47:21,0.0245745,0.02703195,0.0245745,0.02211705,0
AKEUSDT,resident,新,1788385648000,09-03 05:47:28,0.0237595,0.02613545,0.0237595,0.02138355,0
AKEUSDT,resident,新,1788385652000,09-03 05:47:32,0.0245311,0.02698421,0.0245311,0.02207799,0
AKEUSDT,resident,新,1788385654000,09-03 05:47:34,0.0252795,0.02780745,0.0252795,0.02275155,0
AKEUSDT,resident,新,1788385656000,09-03 05:47:36,0.0246895,0.02715845,0.0246895,0.02222055,0
AKEUSDT,resident,新,1788385664000,09-03 05:47:44,0.023978,0.0263758,0.023978,0.0215802,0
AKEUSDT,resident,新,1788385668000,09-03 05:47:48,0.0234495,0.02579445,0.0234495,0.02110455,0
AKEUSDT,resident,新,1788385673000,09-03 05:47:53,0.022861,0.0251471,0.022861,0.0205749,0
AKEUSDT,resident,新,1788385676000,09-03 05:47:56,0.022353,0.0245883,0.022353,0.0201177,0
AKEUSDT,resident,新,1788385680000,09-03 05:48:00,0.0218725,0.02405975,0.0218725,0.01968525,0
AKEUSDT,resident,新,1788385687000,09-03 05:48:07,0.0224285,0.02467135,0.0224285,0.02018565,0
AKEUSDT,resident,新,1788385696000,09-03 05:48:16,0.022895,0.0251845,0.022895,0.0206055,0
AKEUSDT,resident,新,1788385697000,09-03 05:48:17,0.022254,0.0244794,0.022254,0.0200286,0
AKEUSDT,resident,新,1788385698000,09-03 05:48:18,0.021555,0.0237105,0.021555,0.0193995,0
AKEUSDT,resident,新,1788385704000,09-03 05:48:24,0.0220685,0.02427535,0.0220685,0.01986165,0
AKEUSDT,resident,新,1788385708000,09-03 05:48:28,0.0226535,0.02491885,0.0226535,0.02038815,0
AKEUSDT,resident,新,1788385715000,09-03 05:48:35,0.0232735,0.02560085,0.0232735,0.02094615,0
AKEUSDT,resident,新,1788385734000,09-03 05:48:54,0.0240675,0.02647425,0.0240675,0.02166075,0
AKEUSDT,resident,新,1788385735000,09-03 05:48:55,0.0245835,0.02704185,0.0245835,0.02212515,0
AKEUSDT,resident,新,1788385743000,09-03 05:49:03,0.025404,0.0279444,0.025404,0.0228636,0
AKEUSDT,resident,新,1788385747000,09-03 05:49:07,0.0266135,0.02927485,0.0266135,0.02395215,0
AKEUSDT,resident,新,1788385749000,09-03 05:49:09,0.025923,0.0285153,0.025923,0.0233307,0
AKEUSDT,resident,新,1788385752000,09-03 05:49:12,0.0251847,0.02770317,0.0251847,0.02266623,0
AKEUSDT,resident,新,1788385758000,09-03 05:49:18,0.0246405,0.02710455,0.0246405,0.02217645,0
AKEUSDT,resident,新,1788385766000,09-03 05:49:26,0.023959,0.0263549,0.023959,0.0215631,0
AKEUSDT,resident,新,1788385791000,09-03 05:49:51,0.024564,0.0270204,0.024564,0.0221076,0
AKEUSDT,resident,新,1788385794000,09-03 05:49:54,0.025145,0.0276595,0.025145,0.0226305,0
AKEUSDT,resident,新,1788385798000,09-03 05:49:58,0.024621,0.0270831,0.024621,0.0221589,0
AKEUSDT,resident,新,1788385806000,09-03 05:50:06,0.0239955,0.02639505,0.0239955,0.02159595,0
AKEUSDT,resident,新,1788385823000,09-03 05:50:23,0.0234545,0.02579995,0.0234545,0.02110905,0
AKEUSDT,resident,新,1788385828000,09-03 05:50:28,0.022902,0.0251922,0.022902,0.0206118,0
AKEUSDT,resident,新,1788385834000,09-03 05:50:34,0.0223725,0.02460975,0.0223725,0.02013525,0
AKEUSDT,resident,新,1788385842000,09-03 05:50:42,0.021773,0.0239503,0.021773,0.0195957,0
AKEUSDT,resident,新,1788385845000,09-03 05:50:45,0.0212305,0.02335355,0.0212305,0.01910745,0
AKEUSDT,resident,新,1788385849000,09-03 05:50:49,0.020686,0.0227546,0.020686,0.0186174,0
AKEUSDT,resident,新,1788385857000,09-03 05:50:57,0.020197,0.0222167,0.020197,0.0181773,0
AKEUSDT,resident,新,1788385858000,09-03 05:50:58,0.0196835,0.02165185,0.0196835,0.01771515,0
AKEUSDT,resident,新,1788385862000,09-03 05:51:02,0.019083,0.0209913,0.019083,0.0171747,0
AKEUSDT,resident,新,1788385864000,09-03 05:51:04,0.019526,0.0214786,0.019526,0.0175734,0
AKEUSDT,resident,新,1788385865000,09-03 05:51:05,0.019929,0.0219219,0.019929,0.0179361,0
AKEUSDT,resident,新,1788385866000,09-03 05:51:06,0.0194805,0.02142855,0.0194805,0.01753245,0
AKEUSDT,resident,新,1788385871000,09-03 05:51:11,0.020264,0.0222904,0.020264,0.0182376,0
AKEUSDT,resident,新,1788385873000,09-03 05:51:13,0.0195045,0.02145495,0.0195045,0.01755405,0
AKEUSDT,resident,新,1788385878000,09-03 05:51:18,0.0201585,0.02217435,0.0201585,0.01814265,0
AKEUSDT,resident,新,1788385884000,09-03 05:51:24,0.0206745,0.02274195,0.0206745,0.01860705,0
AKEUSDT,resident,新,1788385890000,09-03 05:51:30,0.0210945,0.02320395,0.0210945,0.01898505,0
AKEUSDT,resident,新,1788385891000,09-03 05:51:31,0.0215305,0.02368355,0.0215305,0.01937745,0
AKEUSDT,resident,新,1788385896000,09-03 05:51:36,0.0210115,0.02311265,0.0210115,0.01891035,0
AKEUSDT,resident,新,1788385902000,09-03 05:51:42,0.020468,0.0225148,0.020468,0.0184212,0
AKEUSDT,resident,新,1788385904000,09-03 05:51:44,0.019998,0.0219978,0.019998,0.0179982,0
AKEUSDT,resident,新,1788385905000,09-03 05:51:45,0.019385,0.0213235,0.019385,0.0174465,0
AKEUSDT,resident,新,1788385910000,09-03 05:51:50,0.020032,0.0220352,0.020032,0.0180288,0
AKEUSDT,resident,新,1788385912000,09-03 05:51:52,0.020552,0.0226072,0.020552,0.0184968,0
AKEUSDT,resident,新,1788385914000,09-03 05:51:54,0.021133,0.0232463,0.021133,0.0190197,0
AKEUSDT,resident,新,1788385916000,09-03 05:51:56,0.020535,0.0225885,0.020535,0.0184815,0
AKEUSDT,resident,新,1788385920000,09-03 05:52:00,0.019909,0.0218999,0.019909,0.0179181,0
AKEUSDT,resident,新,1788385922000,09-03 05:52:02,0.020363,0.0223993,0.020363,0.0183267,0
AKEUSDT,resident,新,1788385936000,09-03 05:52:16,0.0207975,0.02287725,0.0207975,0.01871775,0
AKEUSDT,resident,新,1788385938000,09-03 05:52:18,0.020157,0.0221727,0.020157,0.0181413,0
AKEUSDT,resident,新,1788385939000,09-03 05:52:19,0.019377,0.0213147,0.019377,0.0174393,0
AKEUSDT,resident,新,1788385944000,09-03 05:52:24,0.0197715,0.02174865,0.0197715,0.01779435,0
AKEUSDT,resident,新,1788385960000,09-03 05:52:40,0.0201745,0.02219195,0.0201745,0.01815705,0
AKEUSDT,resident,新,1788385964000,09-03 05:52:44,0.0206495,0.02271445,0.0206495,0.01858455,0
AKEUSDT,resident,新,1788385971000,09-03 05:52:51,0.0210735,0.02318085,0.0210735,0.01896615,0
AKEUSDT,resident,新,1788385974000,09-03 05:52:54,0.0205805,0.02263855,0.0205805,0.01852245,0
AKEUSDT,resident,新,1788385984000,09-03 05:53:04,0.020142,0.0221562,0.020142,0.0181278,0
AKEUSDT,resident,新,1788385996000,09-03 05:53:16,0.0206185,0.02268035,0.0206185,0.01855665,0
AKEUSDT,resident,新,1788386007000,09-03 05:53:27,0.0211875,0.02330625,0.0211875,0.01906875,0
AKEUSDT,resident,新,1788386010000,09-03 05:53:30,0.0217385,0.02391235,0.0217385,0.01956465,0
AKEUSDT,resident,新,1788386025000,09-03 05:53:45,0.02116,0.023276,0.02116,0.019044,0
AKEUSDT,resident,新,1788386029000,09-03 05:53:49,0.0206255,0.02268805,0.0206255,0.01856295,0
AKEUSDT,resident,新,1788386043000,09-03 05:54:03,0.0210975,0.02320725,0.0210975,0.01898775,0
AKEUSDT,resident,新,1788386047000,09-03 05:54:07,0.020561,0.0226171,0.020561,0.0185049,0
AKEUSDT,resident,新,1788386073000,09-03 05:54:33,0.0200285,0.02203135,0.0200285,0.01802565,0
AKEUSDT,resident,新,1788386086000,09-03 05:54:46,0.020492,0.0225412,0.020492,0.0184428,0
AKEUSDT,resident,新,1788386095000,09-03 05:54:55,0.021027,0.0231297,0.021027,0.0189243,0
AKEUSDT,resident,新,1788386111000,09-03 05:55:11,0.0205235,0.02257585,0.0205235,0.01847115,0
AKEUSDT,resident,新,1788386118000,09-03 05:55:18,0.019935,0.0219285,0.019935,0.0179415,0
AKEUSDT,resident,新,1788386123000,09-03 05:55:23,0.0193785,0.02131635,0.0193785,0.01744065,0
AKEUSDT,resident,新,1788386126000,09-03 05:55:26,0.0198145,0.02179595,0.0198145,0.01783305,0
AKEUSDT,resident,新,1788386130000,09-03 05:55:30,0.0205025,0.02255275,0.0205025,0.01845225,0
AKEUSDT,resident,新,1788386147000,09-03 05:55:47,0.021236,0.0233596,0.021236,0.0191124,0
AKEUSDT,resident,新,1788386148000,09-03 05:55:48,0.021792,0.0239712,0.021792,0.0196128,0
AKEUSDT,resident,新,1788386154000,09-03 05:55:54,0.021071,0.0231781,0.021071,0.0189639,0
AKEUSDT,resident,新,1788386159000,09-03 05:55:59,0.0201465,0.02216115,0.0201465,0.01813185,0
AKEUSDT,resident,新,1788386165000,09-03 05:56:05,0.019356,0.0212916,0.019356,0.0174204,0
AKEUSDT,resident,新,1788386169000,09-03 05:56:09,0.0188595,0.02074545,0.0188595,0.01697355,0
AKEUSDT,resident,新,1788386171000,09-03 05:56:11,0.02067,0.022737,0.0188595,0.01697355,1
AKEUSDT,resident,新,1788386173000,09-03 05:56:13,0.02128,0.023408,0.0188595,0.01697355,1
AKEUSDT,resident,新,1788386174000,09-03 05:56:14,0.021121,0.0232331,0.021121,0.0190089,0
AKEUSDT,resident,新,1788386176000,09-03 05:56:16,0.0204025,0.02244275,0.0204025,0.01836225,0
AKEUSDT,resident,新,1788386185000,09-03 05:56:25,0.0198705,0.02185755,0.0198705,0.01788345,0
AKEUSDT,resident,新,1788386191000,09-03 05:56:31,0.0194695,0.02141645,0.0194695,0.01752255,0
AKEUSDT,resident,新,1788386202000,09-03 05:56:42,0.018822,0.0207042,0.018822,0.0169398,0
AKEUSDT,resident,新,1788386209000,09-03 05:56:49,0.018248,0.0200728,0.018248,0.0164232,0
AKEUSDT,resident,新,1788386223000,09-03 05:57:03,0.017843,0.0196273,0.017843,0.0160587,0
AKEUSDT,resident,新,1788386228000,09-03 05:57:08,0.018468,0.0203148,0.018468,0.0166212,0
AKEUSDT,resident,新,1788386230000,09-03 05:57:10,0.0189015,0.02079165,0.0189015,0.01701135,0
AKEUSDT,resident,新,1788386232000,09-03 05:57:12,0.01848,0.020328,0.01848,0.016632,0
AKEUSDT,resident,新,1788386233000,09-03 05:57:13,0.01811,0.019921,0.01811,0.016299,0
AKEUSDT,resident,新,1788386237000,09-03 05:57:17,0.0177475,0.01952225,0.0177475,0.01597275,0
AKEUSDT,resident,新,1788386246000,09-03 05:57:26,0.0182535,0.02007885,0.0182535,0.01642815,0
AKEUSDT,resident,新,1788386249000,09-03 05:57:29,0.0177845,0.01956295,0.0177845,0.01600605,0
AKEUSDT,resident,新,1788386252000,09-03 05:57:32,0.0174015,0.01914165,0.0174015,0.01566135,0
AKEUSDT,resident,新,1788386263000,09-03 05:57:43,0.016845,0.0185295,0.016845,0.0151605,0
AKEUSDT,resident,新,1788386280000,09-03 05:58:00,0.016501,0.0181511,0.016501,0.0148509,0
AKEUSDT,resident,新,1788386282000,09-03 05:58:02,0.016927,0.0186197,0.016927,0.0152343,0
AKEUSDT,resident,新,1788386291000,09-03 05:58:11,0.017269,0.0189959,0.017269,0.0155421,0
AKEUSDT,resident,新,1788386303000,09-03 05:58:23,0.017769,0.0195459,0.017769,0.0159921,0
AKEUSDT,resident,新,1788386317000,09-03 05:58:37,0.0181655,0.01998205,0.0181655,0.01634895,0
AKEUSDT,resident,新,1788386324000,09-03 05:58:44,0.018659,0.0205249,0.018659,0.0167931,0
AKEUSDT,resident,新,1788386331000,09-03 05:58:51,0.018142,0.0199562,0.018142,0.0163278,0
AKEUSDT,resident,新,1788386333000,09-03 05:58:53,0.018579,0.0204369,0.018579,0.0167211,0
AKEUSDT,resident,新,1788386339000,09-03 05:58:59,0.0180775,0.01988525,0.0180775,0.01626975,0
AKEUSDT,resident,新,1788386341000,09-03 05:59:01,0.017666,0.0194326,0.017666,0.0158994,0
AKEUSDT,resident,新,1788386344000,09-03 05:59:04,0.0172545,0.01897995,0.0172545,0.01552905,0
AKEUSDT,resident,新,1788386356000,09-03 05:59:16,0.016775,0.0184525,0.016775,0.0150975,0
AKEUSDT,resident,新,1788386357000,09-03 05:59:17,0.016358,0.0179938,0.016358,0.0147222,0
AKEUSDT,resident,新,1788386360000,09-03 05:59:20,0.0167305,0.01840355,0.0167305,0.01505745,0
AKEUSDT,resident,新,1788386367000,09-03 05:59:27,0.016291,0.0179201,0.016291,0.0146619,0
AKEUSDT,resident,新,1788386376000,09-03 05:59:36,0.0159045,0.01749495,0.0159045,0.01431405,0
AKEUSDT,resident,新,1788386383000,09-03 05:59:43,0.0162405,0.01786455,0.0162405,0.01461645,0
AKEUSDT,resident,新,1788386394000,09-03 05:59:54,0.01663,0.018293,0.01663,0.014967,0
AKEUSDT,resident,新,1788386403000,09-03 06:00:03,0.016978,0.0186758,0.016978,0.0152802,0
AKEUSDT,resident,新,1788386405000,09-03 06:00:05,0.0165385,0.01819235,0.0165385,0.01488465,0
AKEUSDT,resident,新,1788386409000,09-03 06:00:09,0.016191,0.0178101,0.016191,0.0145719,0
AKEUSDT,resident,新,1788386415000,09-03 06:00:15,0.0165215,0.01817365,0.0165215,0.01486935,0
AKEUSDT,resident,新,1788386420000,09-03 06:00:20,0.0161215,0.01773365,0.0161215,0.01450935,0
AKEUSDT,resident,新,1788386421000,09-03 06:00:21,0.015723,0.0172953,0.015723,0.0141507,0
AKEUSDT,resident,新,1788386423000,09-03 06:00:23,0.0162955,0.01792505,0.0162955,0.01466595,0
AKEUSDT,resident,新,1788386430000,09-03 06:00:30,0.0166525,0.01831775,0.0166525,0.01498725,0
AKEUSDT,resident,新,1788386441000,09-03 06:00:41,0.016293,0.0179223,0.016293,0.0146637,0
AKEUSDT,resident,新,1788386446000,09-03 06:00:46,0.015889,0.0174779,0.015889,0.0143001,0
AKEUSDT,resident,新,1788386450000,09-03 06:00:50,0.015565,0.0171215,0.015565,0.0140085,0
AKEUSDT,resident,新,1788386455000,09-03 06:00:55,0.015894,0.0174834,0.015894,0.0143046,0
AKEUSDT,resident,新,1788386460000,09-03 06:01:00,0.0153915,0.01693065,0.0153915,0.01385235,0
AKEUSDT,resident,新,1788386478000,09-03 06:01:18,0.0149495,0.01644445,0.0149495,0.01345455,0
AKEUSDT,resident,新,1788386485000,09-03 06:01:25,0.014647,0.0161117,0.014647,0.0131823,0
AKEUSDT,resident,新,1788386497000,09-03 06:01:37,0.0143235,0.01575585,0.0143235,0.01289115,0
AKEUSDT,resident,新,1788386502000,09-03 06:01:42,0.014626,0.0160886,0.014626,0.0131634,0
AKEUSDT,resident,新,1788386513000,09-03 06:01:53,0.015066,0.0165726,0.015066,0.0135594,0
AKEUSDT,resident,新,1788386527000,09-03 06:02:07,0.01537,0.016907,0.01537,0.013833,0
AKEUSDT,resident,新,1788386536000,09-03 06:02:16,0.0150295,0.01653245,0.0150295,0.01352655,0
AKEUSDT,resident,新,1788386569000,09-03 06:02:49,0.0147055,0.01617605,0.0147055,0.01323495,0
AKEUSDT,resident,新,1788386570000,09-03 06:02:50,0.014374,0.0158114,0.014374,0.0129366,0
AKEUSDT,resident,新,1788386583000,09-03 06:03:03,0.0147705,0.01624755,0.0147705,0.01329345,0
AKEUSDT,resident,新,1788386602000,09-03 06:03:22,0.0150875,0.01659625,0.0150875,0.01357875,0
AKEUSDT,resident,新,1788386605000,09-03 06:03:25,0.015478,0.0170258,0.015478,0.0139302,0
AKEUSDT,resident,新,1788386613000,09-03 06:03:33,0.0150115,0.01651265,0.0150115,0.01351035,0
AKEUSDT,resident,新,1788386619000,09-03 06:03:39,0.0153205,0.01685255,0.0153205,0.01378845,0
AKEUSDT,resident,新,1788386635000,09-03 06:03:55,0.0149965,0.01649615,0.0149965,0.01349685,0
AKEUSDT,resident,新,1788386641000,09-03 06:04:01,0.014571,0.0160281,0.014571,0.0131139,0
AKEUSDT,resident,新,1788386644000,09-03 06:04:04,0.014902,0.0163922,0.014902,0.0134118,0
AKEUSDT,resident,新,1788386684000,09-03 06:04:44,0.01523,0.016753,0.01523,0.013707,0
AKEUSDT,resident,新,1788386701000,09-03 06:05:01,0.014869,0.0163559,0.014869,0.0133821,0
AKEUSDT,resident,新,1788386717000,09-03 06:05:17,0.015167,0.0166837,0.015167,0.0136503,0
AKEUSDT,resident,新,1788386735000,09-03 06:05:35,0.0157965,0.01737615,0.0157965,0.01421685,0
AKEUSDT,resident,新,1788386741000,09-03 06:05:41,0.0163145,0.01794595,0.0163145,0.01468305,0
AKEUSDT,resident,新,1788386752000,09-03 06:05:52,0.015982,0.0175802,0.015982,0.0143838,0
AKEUSDT,resident,新,1788386759000,09-03 06:05:59,0.0156575,0.01722325,0.0156575,0.01409175,0
AKEUSDT,resident,新,1788386767000,09-03 06:06:07,0.0160505,0.01765555,0.0160505,0.01444545,0
AKEUSDT,resident,新,1788386784000,09-03 06:06:24,0.0164745,0.01812195,0.0164745,0.01482705,0
AKEUSDT,resident,新,1788386788000,09-03 06:06:28,0.0171545,0.01886995,0.0171545,0.01543905,0
AKEUSDT,resident,新,1788386799000,09-03 06:06:39,0.0176265,0.01938915,0.0176265,0.01586385,0
AKEUSDT,resident,新,1788386809000,09-03 06:06:49,0.018332,0.0201652,0.018332,0.0164988,0
AKEUSDT,resident,新,1788386810000,09-03 06:06:50,0.017961,0.0197571,0.017961,0.0161649,0
AKEUSDT,resident,新,1788386814000,09-03 06:06:54,0.017379,0.0191169,0.017379,0.0156411,0
AKEUSDT,resident,新,1788386826000,09-03 06:07:06,0.0177745,0.01955195,0.0177745,0.01599705,0
AKEUSDT,resident,新,1788386838000,09-03 06:07:18,0.0173775,0.01911525,0.0173775,0.01563975,0
AKEUSDT,resident,新,1788386840000,09-03 06:07:20,0.017947,0.0197417,0.017947,0.0161523,0
AKEUSDT,resident,新,1788386848000,09-03 06:07:28,0.0183355,0.02016905,0.0183355,0.01650195,0
AKEUSDT,resident,新,1788386853000,09-03 06:07:33,0.0187075,0.02057825,0.0187075,0.01683675,0
AKEUSDT,resident,新,1788386868000,09-03 06:07:48,0.0191325,0.02104575,0.0191325,0.01721925,0
AKEUSDT,resident,新,1788386881000,09-03 06:08:01,0.018744,0.0206184,0.018744,0.0168696,0
AKEUSDT,resident,新,1788386900000,09-03 06:08:20,0.01816,0.019976,0.01816,0.016344,0
AKEUSDT,resident,新,1788386911000,09-03 06:08:31,0.0185415,0.02039565,0.0185415,0.01668735,0
AKEUSDT,resident,新,1788386921000,09-03 06:08:41,0.01813,0.019943,0.01813,0.016317,0
AKEUSDT,resident,新,1788386926000,09-03 06:08:46,0.0177025,0.01947275,0.0177025,0.01593225,0
AKEUSDT,resident,新,1788386928000,09-03 06:08:48,0.0181125,0.01992375,0.0181125,0.01630125,0
AKEUSDT,resident,新,1788386940000,09-03 06:09:00,0.0185085,0.02035935,0.0185085,0.01665765,0
AKEUSDT,resident,新,1788386949000,09-03 06:09:09,0.0189065,0.02079715,0.0189065,0.01701585,0
AKEUSDT,resident,新,1788386955000,09-03 06:09:15,0.018508,0.0203588,0.018508,0.0166572,0
AKEUSDT,resident,新,1788386961000,09-03 06:09:21,0.0179745,0.01977195,0.0179745,0.01617705,0
AKEUSDT,resident,新,1788386966000,09-03 06:09:26,0.017539,0.0192929,0.017539,0.0157851,0
AKEUSDT,resident,新,1788386988000,09-03 06:09:48,0.016887,0.0185757,0.016887,0.0151983,0
AKEUSDT,resident,新,1788387011000,09-03 06:10:11,0.016481,0.0181291,0.016481,0.0148329,0
AKEUSDT,resident,新,1788387013000,09-03 06:10:13,0.0160705,0.01767755,0.0160705,0.01446345,0
AKEUSDT,resident,新,1788387015000,09-03 06:10:15,0.015721,0.0172931,0.015721,0.0141489,0
AKEUSDT,resident,新,1788387021000,09-03 06:10:21,0.0153765,0.01691415,0.0153765,0.01383885,0
AKEUSDT,resident,新,1788387028000,09-03 06:10:28,0.015827,0.0174097,0.015827,0.0142443,0
AKEUSDT,resident,新,1788387034000,09-03 06:10:34,0.016233,0.0178563,0.016233,0.0146097,0
AKEUSDT,resident,新,1788387036000,09-03 06:10:36,0.015709,0.0172799,0.015709,0.0141381,0
AKEUSDT,resident,新,1788387047000,09-03 06:10:47,0.0160485,0.01765335,0.0160485,0.01444365,0
AKEUSDT,resident,新,1788387061000,09-03 06:11:01,0.016388,0.0180268,0.016388,0.0147492,0
AKEUSDT,resident,新,1788387070000,09-03 06:11:10,0.0160275,0.01763025,0.0160275,0.01442475,0
AKEUSDT,resident,新,1788387105000,09-03 06:11:45,0.01635,0.017985,0.01635,0.014715,0
AKEUSDT,resident,新,1788387150000,09-03 06:12:30,0.0159975,0.01759725,0.0159975,0.01439775,0
AKEUSDT,resident,新,1788387176000,09-03 06:12:56,0.016482,0.0181302,0.016482,0.0148338,0
AKEUSDT,resident,新,1788387178000,09-03 06:12:58,0.016855,0.0185405,0.016855,0.0151695,0
AKEUSDT,resident,新,1788387187000,09-03 06:13:07,0.016499,0.0181489,0.016499,0.0148491,0
AKEUSDT,resident,新,1788387192000,09-03 06:13:12,0.0160395,0.01764345,0.0160395,0.01443555,0
AKEUSDT,resident,新,1788387195000,09-03 06:13:15,0.0154925,0.01704175,0.0154925,0.01394325,0
AKEUSDT,resident,新,1788387201000,09-03 06:13:21,0.0151055,0.01661605,0.0151055,0.01359495,0
AKEUSDT,resident,新,1788387204000,09-03 06:13:24,0.0154195,0.01696145,0.0154195,0.01387755,0
AKEUSDT,resident,新,1788387219000,09-03 06:13:39,0.0157995,0.01737945,0.0157995,0.01421955,0
AKEUSDT,resident,新,1788387254000,09-03 06:14:14,0.0161485,0.01776335,0.0161485,0.01453365,0
AKEUSDT,resident,新,1788387264000,09-03 06:14:24,0.0155875,0.01714625,0.0155875,0.01402875,0
AKEUSDT,resident,新,1788387282000,09-03 06:14:42,0.015984,0.0175824,0.015984,0.0143856,0
AKEUSDT,resident,新,1788387299000,09-03 06:14:59,0.0156285,0.01719135,0.0156285,0.01406565,0
AKEUSDT,resident,新,1788387305000,09-03 06:15:05,0.0152495,0.01677445,0.0152495,0.01372455,0
AKEUSDT,resident,新,1788387318000,09-03 06:15:18,0.0155915,0.01715065,0.0155915,0.01403235,0
AKEUSDT,resident,新,1788387338000,09-03 06:15:38,0.015932,0.0175252,0.015932,0.0143388,0
AKEUSDT,resident,新,1788387360000,09-03 06:16:00,0.015566,0.0171226,0.015566,0.0140094,0
AKEUSDT,resident,新,1788387377000,09-03 06:16:17,0.015897,0.0174867,0.015897,0.0143073,0
AKEUSDT,resident,新,1788387413000,09-03 06:16:53,0.0162245,0.01784695,0.0162245,0.01460205,0
AKEUSDT,resident,新,1788387426000,09-03 06:17:06,0.016554,0.0182094,0.016554,0.0148986,0
AKEUSDT,resident,新,1788387429000,09-03 06:17:09,0.0161095,0.01772045,0.0161095,0.01449855,0
AKEUSDT,resident,新,1788387482000,09-03 06:18:02,0.016442,0.0180862,0.016442,0.0147978,0
AKEUSDT,resident,新,1788387491000,09-03 06:18:11,0.016804,0.0184844,0.016804,0.0151236,0
AKEUSDT,resident,新,1788387503000,09-03 06:18:23,0.016398,0.0180378,0.016398,0.0147582,0
AKEUSDT,resident,新,1788387518000,09-03 06:18:38,0.016794,0.0184734,0.016794,0.0151146,0
AKEUSDT,resident,新,1788387540000,09-03 06:19:00,0.01714,0.018854,0.01714,0.015426,0
AKEUSDT,resident,新,1788387562000,09-03 06:19:22,0.016757,0.0184327,0.016757,0.0150813,0
AKEUSDT,resident,新,1788387570000,09-03 06:19:30,0.016355,0.0179905,0.016355,0.0147195,0
AKEUSDT,resident,新,1788387572000,09-03 06:19:32,0.016019,0.0176209,0.016019,0.0144171,0
AKEUSDT,resident,新,1788387590000,09-03 06:19:50,0.015641,0.0172051,0.015641,0.0140769,0
AKEUSDT,resident,新,1788387638000,09-03 06:20:38,0.0159625,0.01755875,0.0159625,0.01436625,0
AKEUSDT,resident,新,1788387664000,09-03 06:21:04,0.015619,0.0171809,0.015619,0.0140571,0
AKEUSDT,resident,新,1788387718000,09-03 06:21:58,0.0159695,0.01756645,0.0159695,0.01437255,0
AKEUSDT,resident,新,1788387732000,09-03 06:22:12,0.0163205,0.01795255,0.0163205,0.01468845,0
AKEUSDT,resident,新,1788387740000,09-03 06:22:20,0.0158855,0.01747405,0.0158855,0.01429695,0
AKEUSDT,resident,新,1788387753000,09-03 06:22:33,0.015553,0.0171083,0.015553,0.0139977,0
AKEUSDT,resident,新,1788387785000,09-03 06:23:05,0.015867,0.0174537,0.015867,0.0142803,0
AKEUSDT,resident,新,1788387806000,09-03 06:23:26,0.0154425,0.01698675,0.0154425,0.01389825,0
AKEUSDT,resident,新,1788387876000,09-03 06:24:36,0.0157585,0.01733435,0.0157585,0.01418265,0
AKEUSDT,resident,新,1788387910000,09-03 06:25:10,0.016081,0.0176891,0.016081,0.0144729,0
AKEUSDT,resident,新,1788387931000,09-03 06:25:31,0.0164055,0.01804605,0.0164055,0.01476495,0
AKEUSDT,resident,新,1788387941000,09-03 06:25:41,0.016033,0.0176363,0.016033,0.0144297,0
AKEUSDT,resident,新,1788387956000,09-03 06:25:56,0.016355,0.0179905,0.016355,0.0147195,0
AKEUSDT,resident,新,1788387990000,09-03 06:26:30,0.0160115,0.01761265,0.0160115,0.01441035,0
AKEUSDT,resident,新,1788388017000,09-03 06:26:57,0.016339,0.0179729,0.016339,0.0147051,0
AKEUSDT,resident,新,1788388070000,09-03 06:27:50,0.015952,0.0175472,0.015952,0.0143568,0
AKEUSDT,resident,新,1788388080000,09-03 06:28:00,0.0163725,0.01800975,0.0163725,0.01473525,0
AKEUSDT,resident,新,1788388129000,09-03 06:28:49,0.0167155,0.01838705,0.0167155,0.01504395,0
AKEUSDT,resident,新,1788388131000,09-03 06:28:51,0.0163715,0.01800865,0.0163715,0.01473435,0
AKEUSDT,resident,新,1788388157000,09-03 06:29:17,0.0167035,0.01837385,0.0167035,0.01503315,0
AKEUSDT,resident,新,1788388165000,09-03 06:29:25,0.0163665,0.01800315,0.0163665,0.01472985,0
AKEUSDT,resident,新,1788388303000,09-03 06:31:43,0.01671,0.018381,0.01671,0.015039,0
AKEUSDT,resident,新,1788388343000,09-03 06:32:23,0.017068,0.0187748,0.017068,0.0153612,0
AKEUSDT,resident,新,1788388401000,09-03 06:33:21,0.016663,0.0183293,0.016663,0.0149967,0
AKEUSDT,resident,新,1788388404000,09-03 06:33:24,0.0162435,0.01786785,0.0162435,0.01461915,0
AKEUSDT,resident,新,1788388517000,09-03 06:35:17,0.016574,0.0182314,0.016574,0.0149166,0
AKEUSDT,resident,新,1788388642000,09-03 06:37:22,0.0162125,0.01783375,0.0162125,0.01459125,0
AKEUSDT,resident,新,1788388754000,09-03 06:39:14,0.0165435,0.01819785,0.0165435,0.01488915,0
AKEUSDT,resident,新,1788388812000,09-03 06:40:12,0.0161735,0.01779085,0.0161735,0.01455615,0
AKEUSDT,resident,新,1788388865000,09-03 06:41:05,0.0165615,0.01821765,0.0165615,0.01490535,0
AKEUSDT,resident,新,1788389156000,09-03 06:45:56,0.016968,0.0186648,0.016968,0.0152712,0
AKEUSDT,resident,新,1788389476000,09-03 06:51:16,0.016596,0.0182556,0.016596,0.0149364,0
AKEUSDT,resident,新,1788389525000,09-03 06:52:05,0.016963,0.0186593,0.016963,0.0152667,0
AKEUSDT,resident,新,1788389860000,09-03 06:57:40,0.0173135,0.01904485,0.0173135,0.01558215,0
AKEUSDT,resident,新,1788389874000,09-03 06:57:54,0.0176705,0.01943755,0.0176705,0.01590345,0
AKEUSDT,resident,新,1788389916000,09-03 06:58:36,0.0173055,0.01903605,0.0173055,0.01557495,0
AKEUSDT,resident,新,1788389961000,09-03 06:59:21,0.0168725,0.01855975,0.0168725,0.01518525,0
AKEUSDT,resident,新,1788390039000,09-03 07:00:39,0.0164525,0.01809775,0.0164525,0.01480725,0
AKEUSDT,resident,新,1788390062000,09-03 07:01:02,0.0161205,0.01773255,0.0161205,0.01450845,0
AKEUSDT,resident,新,1788390084000,09-03 07:01:24,0.016459,0.0181049,0.016459,0.0148131,0
AKEUSDT,resident,新,1788390181000,09-03 07:03:01,0.016116,0.0177276,0.016116,0.0145044,0
AKEUSDT,resident,新,1788390240000,09-03 07:04:00,0.016469,0.0181159,0.016469,0.0148221,0
AKEUSDT,resident,新,1788390298000,09-03 07:04:58,0.0161205,0.01773255,0.0161205,0.01450845,0
AKEUSDT,resident,新,1788390870000,09-03 07:14:30,0.015683,0.0172513,0.015683,0.0141147,0
AKEUSDT,resident,新,1788390874000,09-03 07:14:34,0.0153005,0.01683055,0.0153005,0.01377045,0
AKEUSDT,resident,新,1788390899000,09-03 07:14:59,0.015624,0.0171864,0.015624,0.0140616,0
AKEUSDT,resident,新,1788390912000,09-03 07:15:12,0.0159505,0.01754555,0.0159505,0.01435545,0
AKEUSDT,resident,新,1788390923000,09-03 07:15:23,0.016309,0.0179399,0.016309,0.0146781,0
AKEUSDT,resident,新,1788391194000,09-03 07:19:54,0.0159775,0.01757525,0.0159775,0.01437975,0
AKEUSDT,resident,新,1788391335000,09-03 07:22:15,0.0163635,0.01799985,0.0163635,0.01472715,0
AKEUSDT,resident,新,1788391543000,09-03 07:25:43,0.016699,0.0183689,0.016699,0.0150291,0
AKEUSDT,resident,新,1788391842000,09-03 07:30:42,0.0163605,0.01799655,0.0163605,0.01472445,0
AKEUSDT,resident,新,1788392013000,09-03 07:33:33,0.0167075,0.01837825,0.0167075,0.01503675,0
AKEUSDT,resident,新,1788392881000,09-03 07:48:01,0.016299,0.0179289,0.016299,0.0146691,0
AKEUSDT,resident,新,1788393044000,09-03 07:50:44,0.016654,0.0183194,0.016654,0.0149886,0
AKEUSDT,resident,新,1788394001000,09-03 08:06:41,0.0163085,0.01793935,0.0163085,0.01467765,0
AKEUSDT,resident,新,1788394192000,09-03 08:09:52,0.0159685,0.01756535,0.0159685,0.01437165,0
AKEUSDT,resident,新,1788394219000,09-03 08:10:19,0.015623,0.0171853,0.015623,0.0140607,0
AKEUSDT,resident,新,1788394281000,09-03 08:11:21,0.0159775,0.01757525,0.0159775,0.01437975,0
AKEUSDT,resident,新,1788394321000,09-03 08:12:01,0.0156395,0.01720345,0.0156395,0.01407555,0
AKEUSDT,resident,新,1788394370000,09-03 08:12:50,0.015325,0.0168575,0.015325,0.0137925,0
AKEUSDT,resident,新,1788394421000,09-03 08:13:41,0.01564,0.017204,0.01564,0.014076,0
AKEUSDT,resident,新,1788394465000,09-03 08:14:25,0.0152945,0.01682395,0.0152945,0.01376505,0
AKEUSDT,resident,新,1788394528000,09-03 08:15:28,0.0149835,0.01648185,0.0149835,0.01348515,0
AKEUSDT,resident,新,1788394540000,09-03 08:15:40,0.015316,0.0168476,0.015316,0.0137844,0
AKEUSDT,resident,新,1788394587000,09-03 08:16:27,0.015626,0.0171886,0.015626,0.0140634,0
AKEUSDT,resident,新,1788394616000,09-03 08:16:56,0.015965,0.0175615,0.015965,0.0143685,0
AKEUSDT,resident,新,1788394820000,09-03 08:20:20,0.0162855,0.01791405,0.0162855,0.01465695,0
AKEUSDT,resident,新,1788394959000,09-03 08:22:39,0.015944,0.0175384,0.015944,0.0143496,0
AKEUSDT,resident,新,1788395425000,09-03 08:30:25,0.0156035,0.01716385,0.0156035,0.01404315,0
AKEUSDT,resident,新,1788395567000,09-03 08:32:47,0.0152755,0.01680305,0.0152755,0.01374795,0
AKEUSDT,resident,新,1788395604000,09-03 08:33:24,0.014927,0.0164197,0.014927,0.0134343,0
AKEUSDT,resident,新,1788395651000,09-03 08:34:11,0.0145915,0.01605065,0.0145915,0.01313235,0
AKEUSDT,resident,新,1788395666000,09-03 08:34:26,0.014887,0.0163757,0.014887,0.0133983,0
AKEUSDT,resident,新,1788395705000,09-03 08:35:05,0.0145825,0.01604075,0.0145825,0.01312425,0
AKEUSDT,resident,新,1788395733000,09-03 08:35:33,0.01488,0.016368,0.01488,0.013392,0
AKEUSDT,resident,新,1788395757000,09-03 08:35:57,0.01524,0.016764,0.01524,0.013716,0
AKEUSDT,resident,新,1788395811000,09-03 08:36:51,0.0149245,0.01641695,0.0149245,0.01343205,0
AKEUSDT,resident,新,1788396046000,09-03 08:40:46,0.015381,0.0169191,0.015381,0.0138429,0
AKEUSDT,resident,新,1788396119000,09-03 08:41:59,0.0150625,0.01656875,0.0150625,0.01355625,0
AKEUSDT,resident,新,1788396244000,09-03 08:44:04,0.015367,0.0169037,0.015367,0.0138303,0
AKEUSDT,resident,新,1788396467000,09-03 08:47:47,0.0150545,0.01655995,0.0150545,0.01354905,0
AKEUSDT,resident,新,1788396686000,09-03 08:51:26,0.015442,0.0169862,0.015442,0.0138978,0
AKEUSDT,resident,新,1788396695000,09-03 08:51:35,0.015816,0.0173976,0.015816,0.0142344,0
AKEUSDT,resident,新,1788396967000,09-03 08:56:07,0.01614,0.017754,0.01614,0.014526,0
AKEUSDT,resident,新,1788397129000,09-03 08:58:49,0.015805,0.0173855,0.015805,0.0142245,0
AKEUSDT,resident,新,1788397262000,09-03 09:01:02,0.015476,0.0170236,0.015476,0.0139284,0
AKEUSDT,resident,新,1788397432000,09-03 09:03:52,0.0157865,0.01736515,0.0157865,0.01420785,0
AKEUSDT,resident,新,1788397648000,09-03 09:07:28,0.0154615,0.01700765,0.0154615,0.01391535,0
AKEUSDT,resident,新,1788398050000,09-03 09:14:10,0.0151295,0.01664245,0.0151295,0.01361655,0
AKEUSDT,resident,新,1788398275000,09-03 09:17:55,0.0154385,0.01698235,0.0154385,0.01389465,0
AKEUSDT,resident,新,1788398664000,09-03 09:24:24,0.015782,0.0173602,0.015782,0.0142038,0
AKEUSDT,resident,新,1788398766000,09-03 09:26:06,0.0154355,0.01697905,0.0154355,0.01389195,0
AKEUSDT,resident,新,1788399921000,09-03 09:45:21,0.015778,0.0173558,0.015778,0.0142002,0
AKEUSDT,resident,新,1788400126000,09-03 09:48:46,0.016115,0.0177265,0.016115,0.0145035,0
AKEUSDT,resident,新,1788400261000,09-03 09:51:01,0.015744,0.0173184,0.015744,0.0141696,0
AKEUSDT,resident,新,1788400352000,09-03 09:52:32,0.016079,0.0176869,0.016079,0.0144711,0
AKEUSDT,resident,新,1788400389000,09-03 09:53:09,0.015745,0.0173195,0.015745,0.0141705,0
AKEUSDT,resident,新,1788400504000,09-03 09:55:04,0.0154295,0.01697245,0.0154295,0.01388655,0
AKEUSDT,resident,新,1788400983000,09-03 10:03:03,0.0157615,0.01733765,0.0157615,0.01418535,0
AKEUSDT,resident,新,1788401086000,09-03 10:04:46,0.0161195,0.01773145,0.0161195,0.01450755,0
AKEUSDT,resident,新,1788401406000,09-03 10:10:06,0.0157585,0.01733435,0.0157585,0.01418265,0
AKEUSDT,resident,新,1788401625000,09-03 10:13:45,0.0154115,0.01695265,0.0154115,0.01387035,0
AKEUSDT,resident,新,1788401675000,09-03 10:14:35,0.015095,0.0166045,0.015095,0.0135855,0
AKEUSDT,resident,新,1788401705000,09-03 10:15:05,0.0146865,0.01615515,0.0146865,0.01321785,0
AKEUSDT,resident,新,1788401721000,09-03 10:15:21,0.014992,0.0164912,0.014992,0.0134928,0
AKEUSDT,resident,新,1788401752000,09-03 10:15:52,0.015355,0.0168905,0.015355,0.0138195,0
AKEUSDT,resident,新,1788402391000,09-03 10:26:31,0.015005,0.0165055,0.015005,0.0135045,0
AKEUSDT,resident,新,1788402491000,09-03 10:28:11,0.014477,0.0159247,0.014477,0.0130293,0
AKEUSDT,resident,新,1788402543000,09-03 10:29:03,0.014182,0.0156002,0.014182,0.0127638,0
AKEUSDT,resident,新,1788402561000,09-03 10:29:21,0.014488,0.0159368,0.014488,0.0130392,0
AKEUSDT,resident,新,1788402580000,09-03 10:29:40,0.014841,0.0163251,0.014841,0.0133569,0
AKEUSDT,resident,新,1788402723000,09-03 10:32:03,0.0145265,0.01597915,0.0145265,0.01307385,0
AKEUSDT,resident,新,1788402767000,09-03 10:32:47,0.014188,0.0156068,0.014188,0.0127692,0
AKEUSDT,resident,新,1788402825000,09-03 10:33:45,0.0138905,0.01527955,0.0138905,0.01250145,0
AKEUSDT,resident,新,1788402854000,09-03 10:34:14,0.0141765,0.01559415,0.0141765,0.01275885,0
AKEUSDT,resident,新,1788402870000,09-03 10:34:30,0.0144625,0.01590875,0.0144625,0.01301625,0
AKEUSDT,resident,新,1788402957000,09-03 10:35:57,0.0141565,0.01557215,0.0141565,0.01274085,0
AKEUSDT,resident,新,1788403083000,09-03 10:38:03,0.0138715,0.01525865,0.0138715,0.01248435,0
AKEUSDT,resident,新,1788403122000,09-03 10:38:42,0.0142175,0.01563925,0.0142175,0.01279575,0
AKEUSDT,resident,新,1788403153000,09-03 10:39:13,0.0139265,0.01531915,0.0139265,0.01253385,0
AKEUSDT,resident,新,1788403279000,09-03 10:41:19,0.014253,0.0156783,0.014253,0.0128277,0
AKEUSDT,resident,新,1788403302000,09-03 10:41:42,0.0145985,0.01605835,0.0145985,0.01313865,0
AKEUSDT,resident,新,1788403323000,09-03 10:42:03,0.015028,0.0165308,0.015028,0.0135252,0
AKEUSDT,resident,新,1788403341000,09-03 10:42:21,0.014726,0.0161986,0.014726,0.0132534,0
AKEUSDT,resident,新,1788403359000,09-03 10:42:39,0.0144235,0.01586585,0.0144235,0.01298115,0
AKEUSDT,resident,新,1788403585000,09-03 10:46:25,0.014106,0.0155166,0.014106,0.0126954,0
AKEUSDT,resident,新,1788404250000,09-03 10:57:30,0.014457,0.0159027,0.014457,0.0130113,0
AKEUSDT,resident,新,1788404292000,09-03 10:58:12,0.014163,0.0155793,0.014163,0.0127467,0
AKEUSDT,resident,新,1788404434000,09-03 11:00:34,0.01386,0.015246,0.01386,0.012474,0
AKEUSDT,resident,新,1788404545000,09-03 11:02:25,0.014161,0.0155771,0.014161,0.0127449,0
AKEUSDT,resident,新,1788405066000,09-03 11:11:06,0.014495,0.0159445,0.014495,0.0130455,0
AKEUSDT,resident,新,1788406119000,09-03 11:28:39,0.0141475,0.01556225,0.0141475,0.01273275,0
AKEUSDT,resident,新,1788406254000,09-03 11:30:54,0.013857,0.0152427,0.013857,0.0124713,0
AKEUSDT,resident,新,1788406277000,09-03 11:31:17,0.0135675,0.01492425,0.0135675,0.01221075,0
AKEUSDT,resident,新,1788406353000,09-03 11:32:33,0.013865,0.0152515,0.013865,0.0124785,0
AKEUSDT,resident,新,1788408144000,09-03 12:02:24,0.0141515,0.01556665,0.0141515,0.01273635,0
AKEUSDT,resident,新,1788408361000,09-03 12:06:01,0.013799,0.0151789,0.013799,0.0124191,0
AKEUSDT,resident,新,1788408751000,09-03 12:12:31,0.013523,0.0148753,0.013523,0.0121707,0
AKEUSDT,resident,新,1788409097000,09-03 12:18:17,0.013247,0.0145717,0.013247,0.0119223,0
AKEUSDT,resident,新,1788409135000,09-03 12:18:55,0.013513,0.0148643,0.013513,0.0121617,0
AKEUSDT,resident,新,1788409683000,09-03 12:28:03,0.013237,0.0145607,0.013237,0.0119133,0
AKEUSDT,resident,新,1788411053000,09-03 12:50:53,0.0129035,0.01419385,0.0129035,0.01161315,0
AKEUSDT,resident,新,1788411873000,09-03 13:04:33,0.0131865,0.01450515,0.0131865,0.01186785,0
AKEUSDT,resident,新,1788411936000,09-03 13:05:36,0.012922,0.0142142,0.012922,0.0116298,0
AKEUSDT,resident,新,1788412515000,09-03 13:15:15,0.0131845,0.01450295,0.0131845,0.01186605,0
AKEUSDT,resident,新,1788412672000,09-03 13:17:52,0.012912,0.0142032,0.012912,0.0116208,0
AKEUSDT,resident,新,1788413236000,09-03 13:27:16,0.0126385,0.01390235,0.0126385,0.01137465,0
AKEUSDT,resident,新,1788413521000,09-03 13:32:01,0.012905,0.0141955,0.012905,0.0116145,0
AKEUSDT,resident,新,1788414244000,09-03 13:44:04,0.012639,0.0139029,0.012639,0.0113751,0
AKEUSDT,resident,新,1788414313000,09-03 13:45:13,0.0128925,0.01418175,0.0128925,0.01160325,0
AKEUSDT,resident,新,1788414599000,09-03 13:49:59,0.013156,0.0144716,0.013156,0.0118404,0
AKEUSDT,resident,新,1788414721000,09-03 13:52:01,0.01288,0.014168,0.01288,0.011592,0
AKEUSDT,resident,新,1788415261000,09-03 14:01:01,0.013145,0.0144595,0.013145,0.0118305,0
AKEUSDT,resident,新,1788415604000,09-03 14:06:44,0.0128715,0.01415865,0.0128715,0.01158435,0
AKEUSDT,resident,新,1788415845000,09-03 14:10:45,0.0131295,0.01444245,0.0131295,0.01181655,0
AKEUSDT,resident,新,1788415976000,09-03 14:12:56,0.0134195,0.01476145,0.0134195,0.01207755,0
AKEUSDT,resident,新,1788415985000,09-03 14:13:05,0.0136955,0.01506505,0.0136955,0.01232595,0
AKEUSDT,resident,新,1788416022000,09-03 14:13:42,0.0133735,0.01471085,0.0133735,0.01203615,0
AKEUSDT,resident,新,1788416341000,09-03 14:19:01,0.0131055,0.01441605,0.0131055,0.01179495,0
AKEUSDT,resident,新,1788416443000,09-03 14:20:43,0.012823,0.0141053,0.012823,0.0115407,0
AKEUSDT,resident,新,1788416691000,09-03 14:24:51,0.013085,0.0143935,0.013085,0.0117765,0
AKEUSDT,resident,新,1788416851000,09-03 14:27:31,0.0133735,0.01471085,0.0133735,0.01203615,0
AKEUSDT,resident,新,1788416928000,09-03 14:28:48,0.013089,0.0143979,0.013089,0.0117801,0
AKEUSDT,resident,新,1788417835000,09-03 14:43:55,0.013355,0.0146905,0.013355,0.0120195,0
AKEUSDT,resident,新,1788418700000,09-03 14:58:20,0.0130815,0.01438965,0.0130815,0.01177335,0
AKEUSDT,resident,新,1788418994000,09-03 15:03:14,0.012814,0.0140954,0.012814,0.0115326,0
AKEUSDT,resident,新,1788423508000,09-03 16:18:28,0.0131055,0.01441605,0.0131055,0.01179495,0
AKEUSDT,resident,新,1788425886000,09-03 16:58:06,0.013435,0.0147785,0.013435,0.0120915,0
AKEUSDT,resident,新,1788426025000,09-03 17:00:25,0.01313,0.014443,0.01313,0.011817,0
AKEUSDT,resident,新,1788426768000,09-03 17:12:48,0.012862,0.0141482,0.012862,0.0115758,0
AKEUSDT,resident,新,1788431052000,09-03 18:24:12,0.0131305,0.01444355,0.0131305,0.01181745,0
AKEUSDT,resident,新,1788431416000,09-03 18:30:16,0.012866,0.0141526,0.012866,0.0115794,0
AKEUSDT,resident,新,1788432251000,09-03 18:44:11,0.0125735,0.01383085,0.0125735,0.01131615,0
AKEUSDT,resident,新,1788432902000,09-03 18:55:02,0.0128445,0.01412895,0.0128445,0.01156005,0
AKEUSDT,resident,新,1788433958000,09-03 19:12:38,0.013104,0.0144144,0.013104,0.0117936,0
AKEUSDT,resident,新,1788440771000,09-03 21:06:11,0.0128395,0.01412345,0.0128395,0.01155555,0
AKEUSDT,resident,新,1788443107000,09-03 21:45:07,0.013098,0.0144078,0.013098,0.0117882,0
AKEUSDT,resident,新,1788443793000,09-03 21:56:33,0.0133795,0.01471745,0.0133795,0.01204155,0
AKEUSDT,resident,新,1788444161000,09-03 22:02:41,0.013108,0.0144188,0.013108,0.0117972,0
AKEUSDT,resident,新,1788446737000,09-03 22:45:37,0.01284,0.014124,0.01284,0.011556,0
AKEUSDT,resident,新,1788449591000,09-03 23:33:11,0.013114,0.0144254,0.013114,0.0118026,0
AKEUSDT,resident,新,1788452158000,09-04 00:15:58,0.0128425,0.01412675,0.0128425,0.01155825,0
AKEUSDT,resident,新,1788453413000,09-04 00:36:53,0.013105,0.0144155,0.013105,0.0117945,0
AKEUSDT,resident,新,1788453987000,09-04 00:46:27,0.0134635,0.01480985,0.0134635,0.01211715,0
AKEUSDT,resident,新,1788454324000,09-04 00:52:04,0.0137675,0.01514425,0.0137675,0.01239075,0
AKEUSDT,resident,新,1788454408000,09-04 00:53:28,0.014206,0.0156266,0.014206,0.0127854,0
AKEUSDT,resident,新,1788454449000,09-04 00:54:09,0.014515,0.0159665,0.014515,0.0130635,0
AKEUSDT,resident,新,1788454490000,09-04 00:54:50,0.0142015,0.01562165,0.0142015,0.01278135,0
AKEUSDT,resident,新,1788454649000,09-04 00:57:29,0.0139115,0.01530265,0.0139115,0.01252035,0
AKEUSDT,resident,新,1788454683000,09-04 00:58:03,0.0136195,0.01498145,0.0136195,0.01225755,0
AKEUSDT,resident,新,1788454985000,09-04 01:03:05,0.0139175,0.01530925,0.0139175,0.01252575,0
AKEUSDT,resident,新,1788455848000,09-04 01:17:28,0.0136245,0.01498695,0.0136245,0.01226205,0
AKEUSDT,resident,新,1788455979000,09-04 01:19:39,0.013918,0.0153098,0.013918,0.0125262,0
AKEUSDT,resident,新,1788456195000,09-04 01:23:15,0.014208,0.0156288,0.014208,0.0127872,0
AKEUSDT,resident,新,1788456327000,09-04 01:25:27,0.014598,0.0160578,0.014598,0.0131382,0
AKEUSDT,resident,新,1788456460000,09-04 01:27:40,0.014897,0.0163867,0.014897,0.0134073,0
AKEUSDT,resident,新,1788456699000,09-04 01:31:39,0.0145865,0.01604515,0.0145865,0.01312785,0
AKEUSDT,resident,新,1788457460000,09-04 01:44:20,0.014902,0.0163922,0.014902,0.0134118,0
AKEUSDT,resident,新,1788457537000,09-04 01:45:37,0.0153265,0.01685915,0.0153265,0.01379385,0
AKEUSDT,resident,新,1788457634000,09-04 01:47:14,0.015648,0.0172128,0.015648,0.0140832,0
AKEUSDT,resident,新,1788457898000,09-04 01:51:38,0.015965,0.0175615,0.015965,0.0143685,0
AKEUSDT,resident,新,1788458103000,09-04 01:55:03,0.016305,0.0179355,0.016305,0.0146745,0
AKEUSDT,resident,新,1788458266000,09-04 01:57:46,0.015961,0.0175571,0.015961,0.0143649,0
AKEUSDT,resident,新,1788458272000,09-04 01:57:52,0.0156385,0.01720235,0.0156385,0.01407465,0
AKEUSDT,resident,新,1788458279000,09-04 01:57:59,0.0153255,0.01685805,0.0153255,0.01379295,0
AKEUSDT,resident,新,1788458295000,09-04 01:58:15,0.0149565,0.01645215,0.0149565,0.01346085,0
AKEUSDT,resident,新,1788458349000,09-04 01:59:09,0.014552,0.0160072,0.014552,0.0130968,0
AKEUSDT,resident,新,1788458369000,09-04 01:59:29,0.0148945,0.01638395,0.0148945,0.01340505,0
AKEUSDT,resident,新,1788458380000,09-04 01:59:40,0.015197,0.0167167,0.015197,0.0136773,0
AKEUSDT,resident,新,1788458438000,09-04 02:00:38,0.015503,0.0170533,0.015503,0.0139527,0
AKEUSDT,resident,新,1788458488000,09-04 02:01:28,0.015848,0.0174328,0.015848,0.0142632,0
AKEUSDT,resident,新,1788458678000,09-04 02:04:38,0.0155145,0.01706595,0.0155145,0.01396305,0
AKEUSDT,resident,新,1788458840000,09-04 02:07:20,0.015841,0.0174251,0.015841,0.0142569,0
AKEUSDT,resident,新,1788458945000,09-04 02:09:05,0.015489,0.0170379,0.015489,0.0139401,0
AKEUSDT,resident,新,1788459089000,09-04 02:11:29,0.015828,0.0174108,0.015828,0.0142452,0
AKEUSDT,resident,新,1788459167000,09-04 02:12:47,0.015511,0.0170621,0.015511,0.0139599,0
AKEUSDT,resident,新,1788459375000,09-04 02:16:15,0.015823,0.0174053,0.015823,0.0142407,0
AKEUSDT,resident,新,1788459430000,09-04 02:17:10,0.0161695,0.01778645,0.0161695,0.01455255,0
AKEUSDT,resident,新,1788459464000,09-04 02:17:44,0.016508,0.0181588,0.016508,0.0148572,0
AKEUSDT,resident,新,1788459541000,09-04 02:19:01,0.016844,0.0185284,0.016844,0.0151596,0
AKEUSDT,resident,新,1788459702000,09-04 02:21:42,0.017206,0.0189266,0.017206,0.0154854,0
AKEUSDT,resident,新,1788460038000,09-04 02:27:18,0.0175645,0.01932095,0.0175645,0.01580805,0
AKEUSDT,resident,新,1788460136000,09-04 02:28:56,0.017212,0.0189332,0.017212,0.0154908,0
AKEUSDT,resident,新,1788460297000,09-04 02:31:37,0.0167925,0.01847175,0.0167925,0.01511325,0
AKEUSDT,resident,新,1788460623000,09-04 02:37:03,0.0171505,0.01886555,0.0171505,0.01543545,0
AKEUSDT,resident,新,1788460744000,09-04 02:39:04,0.016804,0.0184844,0.016804,0.0151236,0
AKEUSDT,resident,新,1788460806000,09-04 02:40:06,0.01638,0.018018,0.01638,0.014742,0
AKEUSDT,resident,新,1788460880000,09-04 02:41:20,0.015952,0.0175472,0.015952,0.0143568,0
AKEUSDT,resident,新,1788460895000,09-04 02:41:35,0.015628,0.0171908,0.015628,0.0140652,0
AKEUSDT,resident,新,1788460917000,09-04 02:41:57,0.01525,0.016775,0.01525,0.013725,0
AKEUSDT,resident,新,1788460922000,09-04 02:42:02,0.0149405,0.01643455,0.0149405,0.01344645,0
AKEUSDT,resident,新,1788460934000,09-04 02:42:14,0.0146035,0.01606385,0.0146035,0.01314315,0
AKEUSDT,resident,新,1788460938000,09-04 02:42:18,0.0142795,0.01570745,0.0142795,0.01285155,0
AKEUSDT,resident,新,1788461040000,09-04 02:44:00,0.0139375,0.01533125,0.0139375,0.01254375,0
AKEUSDT,resident,新,1788461063000,09-04 02:44:23,0.0142475,0.01567225,0.0142475,0.01282275,0
AKEUSDT,resident,新,1788461109000,09-04 02:45:09,0.01462,0.016082,0.01462,0.013158,0
AKEUSDT,resident,新,1788461118000,09-04 02:45:18,0.014974,0.0164714,0.014974,0.0134766,0
AKEUSDT,resident,新,1788461133000,09-04 02:45:33,0.0152965,0.01682615,0.0152965,0.01376685,0
AKEUSDT,resident,新,1788461144000,09-04 02:45:44,0.0156075,0.01716825,0.0156075,0.01404675,0
AKEUSDT,resident,新,1788461180000,09-04 02:46:20,0.015938,0.0175318,0.015938,0.0143442,0
AKEUSDT,resident,新,1788461209000,09-04 02:46:49,0.01561,0.017171,0.01561,0.014049,0
AKEUSDT,resident,新,1788461278000,09-04 02:47:58,0.015182,0.0167002,0.015182,0.0136638,0
AKEUSDT,resident,新,1788461353000,09-04 02:49:13,0.015486,0.0170346,0.015486,0.0139374,0
AKEUSDT,resident,新,1788461471000,09-04 02:51:11,0.015813,0.0173943,0.015813,0.0142317,0
AKEUSDT,resident,新,1788461607000,09-04 02:53:27,0.016147,0.0177617,0.016147,0.0145323,0
AKEUSDT,resident,新,1788461663000,09-04 02:54:23,0.0157985,0.01737835,0.0157985,0.01421865,0
AKEUSDT,resident,新,1788462303000,09-04 03:05:03,0.0161245,0.01773695,0.0161245,0.01451205,0
AKEUSDT,resident,新,1788462472000,09-04 03:07:52,0.015778,0.0173558,0.015778,0.0142002,0
AKEUSDT,resident,新,1788462479000,09-04 03:07:59,0.0154615,0.01700765,0.0154615,0.01391535,0
AKEUSDT,resident,新,1788462611000,09-04 03:10:11,0.015794,0.0173734,0.015794,0.0142146,0
AKEUSDT,resident,新,1788462921000,09-04 03:15:21,0.016126,0.0177386,0.016126,0.0145134,0
AKEUSDT,resident,新,1788463644000,09-04 03:27:24,0.0164705,0.01811755,0.0164705,0.01482345,0
AKEUSDT,resident,新,1788464055000,09-04 03:34:15,0.016809,0.0184899,0.016809,0.0151281,0
AKEUSDT,resident,新,1788464807000,09-04 03:46:47,0.0171885,0.01890735,0.0171885,0.01546965,0
AKEUSDT,resident,新,1788464976000,09-04 03:49:36,0.0168395,0.01852345,0.0168395,0.01515555,0
AKEUSDT,resident,新,1788465357000,09-04 03:55:57,0.016478,0.0181258,0.016478,0.0148302,0
AKEUSDT,resident,新,1788465727000,09-04 04:02:07,0.016811,0.0184921,0.016811,0.0151299,0
AKEUSDT,resident,新,1788465957000,09-04 04:05:57,0.0164705,0.01811755,0.0164705,0.01482345,0
AKEUSDT,resident,新,1788466081000,09-04 04:08:01,0.0161275,0.01774025,0.0161275,0.01451475,0
AKEUSDT,resident,新,1788466142000,09-04 04:09:02,0.0156735,0.01724085,0.0156735,0.01410615,0
AKEUSDT,resident,新,1788466245000,09-04 04:10:45,0.016005,0.0176055,0.016005,0.0144045,0
AKEUSDT,resident,新,1788466957000,09-04 04:22:37,0.015684,0.0172524,0.015684,0.0141156,0
AKEUSDT,resident,新,1788467047000,09-04 04:24:07,0.015368,0.0169048,0.015368,0.0138312,0
AKEUSDT,resident,新,1788467389000,09-04 04:29:49,0.0149915,0.01649065,0.0149915,0.01349235,0
AKEUSDT,resident,新,1788469503000,09-04 05:05:03,0.0152955,0.01682505,0.0152955,0.01376595,0
AKEUSDT,resident,新,1788471903000,09-04 05:45:03,0.014979,0.0164769,0.014979,0.0134811,0
AKEUSDT,resident,新,1788472553000,09-04 05:55:53,0.015291,0.0168201,0.015291,0.0137619,0
AKEUSDT,resident,新,1788472813000,09-04 06:00:13,0.015677,0.0172447,0.015677,0.0141093,0
AKEUSDT,resident,新,1788475590000,09-04 06:46:30,0.015363,0.0168993,0.015363,0.0138267,0
AKEUSDT,resident,新,1788475770000,09-04 06:49:30,0.015045,0.0165495,0.015045,0.0135405,0
AKEUSDT,resident,新,1788476617000,09-04 07:03:37,0.0145365,0.01599015,0.0145365,0.01308285,0
AKEUSDT,resident,新,1788478348000,09-04 07:32:28,0.0148305,0.01631355,0.0148305,0.01334745,0
AKEUSDT,resident,新,1788479087000,09-04 07:44:47,0.01513,0.016643,0.01513,0.013617,0
AKEUSDT,resident,新,1788479323000,09-04 07:48:43,0.014822,0.0163042,0.014822,0.0133398,0
AKEUSDT,resident,新,1788480099000,09-04 08:01:39,0.0151255,0.01663805,0.0151255,0.01361295,0
AKEUSDT,resident,新,1788481109000,09-04 08:18:29,0.014821,0.0163031,0.014821,0.0133389,0
AKEUSDT,resident,新,1788487106000,09-04 09:58:26,0.01452,0.015972,0.01452,0.013068,0
AKEUSDT,resident,新,1788487145000,09-04 09:59:05,0.014126,0.0155386,0.014126,0.0127134,0
AKEUSDT,resident,新,1788487203000,09-04 10:00:03,0.014424,0.0158664,0.014424,0.0129816,0
AKEUSDT,resident,新,1788487567000,09-04 10:06:07,0.014722,0.0161942,0.014722,0.0132498,0
AKEUSDT,resident,新,1788488102000,09-04 10:15:02,0.0144255,0.01586805,0.0144255,0.01298295,0
AKEUSDT,resident,新,1788488758000,09-04 10:25:58,0.0147145,0.01618595,0.0147145,0.01324305,0
AKEUSDT,resident,新,1788491262000,09-04 11:07:42,0.0144175,0.01585925,0.0144175,0.01297575,0
AKEUSDT,resident,新,1788493925000,09-04 11:52:05,0.0147115,0.01618265,0.0147115,0.01324035,0
AKEUSDT,resident,新,1788496414000,09-04 12:33:34,0.0150935,0.01660285,0.0150935,0.01358415,0
AKEUSDT,resident,新,1788497463000,09-04 12:51:03,0.01479,0.016269,0.01479,0.013311,0
AKEUSDT,resident,新,1788498479000,09-04 13:07:59,0.014489,0.0159379,0.014489,0.0130401,0
AKEUSDT,resident,新,1788498613000,09-04 13:10:13,0.0141945,0.01561395,0.0141945,0.01277505,0
AKEUSDT,resident,新,1788500646000,09-04 13:44:06,0.0144865,0.01593515,0.0144865,0.01303785,0
AKEUSDT,resident,新,1788502227000,09-04 14:10:27,0.014194,0.0156134,0.014194,0.0127746,0
AKEUSDT,resident,新,1788504248000,09-04 14:44:08,0.013892,0.0152812,0.013892,0.0125028,0
AKEUSDT,resident,新,1788510362000,09-04 16:26:02,0.0135775,0.01493525,0.0135775,0.01221975,0
AKEUSDT,resident,新,1788515139000,09-04 17:45:39,0.013875,0.0152625,0.013875,0.0124875,0
AKEUSDT,resident,新,1788515509000,09-04 17:51:49,0.0135965,0.01495615,0.0135965,0.01223685,0
AKEUSDT,resident,新,1788525130000,09-04 20:32:10,0.0132595,0.01458545,0.0132595,0.01193355,0
AKEUSDT,resident,新,1788529655000,09-04 21:47:35,0.0135295,0.01488245,0.0135295,0.01217655,0
AKEUSDT,resident,新,1788529820000,09-04 21:50:20,0.0132495,0.01457445,0.0132495,0.01192455,0
AKEUSDT,resident,新,1788531570000,09-04 22:19:30,0.0135275,0.01488025,0.0135275,0.01217475,0
AKEUSDT,resident,新,1788534483000,09-04 23:08:03,0.0138065,0.01518715,0.0138065,0.01242585,0
AKEUSDT,resident,新,1788535120000,09-04 23:18:40,0.013526,0.0148786,0.013526,0.0121734,0
AKEUSDT,resident,新,1788540484000,09-05 00:48:04,0.013248,0.0145728,0.013248,0.0119232,0
AKEUSDT,resident,新,1788557162000,09-05 05:26:02,0.012979,0.0142769,0.012979,0.0116811,0
AKEUSDT,resident,新,1788565110000,09-05 07:38:30,0.0132405,0.01456455,0.0132405,0.01191645,0
AKEUSDT,resident,新,1788566767000,09-05 08:06:07,0.013541,0.0148951,0.013541,0.0121869,0
AKEUSDT,resident,新,1788567539000,09-05 08:18:59,0.0132685,0.01459535,0.0132685,0.01194165,0
AKEUSDT,resident,新,1788569001000,09-05 08:43:21,0.012997,0.0142967,0.012997,0.0116973,0
AKEUSDT,resident,新,1788569701000,09-05 08:55:01,0.0132625,0.01458875,0.0132625,0.01193625,0
AKEUSDT,resident,新,1788569769000,09-05 08:56:09,0.0135375,0.01489125,0.0135375,0.01218375,0
AKEUSDT,resident,新,1788569797000,09-05 08:56:37,0.0138895,0.01527845,0.0138895,0.01250055,0
AKEUSDT,resident,新,1788569832000,09-05 08:57:12,0.014178,0.0155958,0.014178,0.0127602,0
AKEUSDT,resident,新,1788570019000,09-05 09:00:19,0.0144715,0.01591865,0.0144715,0.01302435,0
AKEUSDT,resident,新,1788570160000,09-05 09:02:40,0.0147735,0.01625085,0.0147735,0.01329615,0
AKEUSDT,resident,新,1788570220000,09-05 09:03:40,0.0144645,0.01591095,0.0144645,0.01301805,0
AKEUSDT,resident,新,1788570329000,09-05 09:05:29,0.014173,0.0155903,0.014173,0.0127557,0
AKEUSDT,resident,新,1788570503000,09-05 09:08:23,0.014458,0.0159038,0.014458,0.0130122,0
AKEUSDT,resident,新,1788570907000,09-05 09:15:07,0.014786,0.0162646,0.014786,0.0133074,0
AKEUSDT,resident,新,1788570936000,09-05 09:15:36,0.0150855,0.01659405,0.0150855,0.01357695,0
AKEUSDT,resident,新,1788570979000,09-05 09:16:19,0.0153885,0.01692735,0.0153885,0.01384965,0
AKEUSDT,resident,新,1788571007000,09-05 09:16:47,0.0150105,0.01651155,0.0150105,0.01350945,0
AKEUSDT,resident,新,1788571023000,09-05 09:17:03,0.0153465,0.01688115,0.0153465,0.01381185,0
AKEUSDT,resident,新,1788571059000,09-05 09:17:39,0.0156785,0.01724635,0.0156785,0.01411065,0
AKEUSDT,resident,新,1788571126000,09-05 09:18:46,0.015349,0.0168839,0.015349,0.0138141,0
AKEUSDT,resident,新,1788571172000,09-05 09:19:32,0.015659,0.0172249,0.015659,0.0140931,0
AKEUSDT,resident,新,1788571247000,09-05 09:20:47,0.0153445,0.01687895,0.0153445,0.01381005,0
AKEUSDT,resident,新,1788571448000,09-05 09:24:08,0.015652,0.0172172,0.015652,0.0140868,0
AKEUSDT,resident,新,1788571647000,09-05 09:27:27,0.0159745,0.01757195,0.0159745,0.01437705,0
AKEUSDT,resident,新,1788571677000,09-05 09:27:57,0.016324,0.0179564,0.016324,0.0146916,0
AKEUSDT,resident,新,1788571804000,09-05 09:30:04,0.016689,0.0183579,0.016689,0.0150201,0
AKEUSDT,resident,新,1788571904000,09-05 09:31:44,0.017069,0.0187759,0.017069,0.0153621,0
AKEUSDT,resident,新,1788571960000,09-05 09:32:40,0.0174455,0.01919005,0.0174455,0.01570095,0
AKEUSDT,resident,新,1788572097000,09-05 09:34:57,0.017073,0.0187803,0.017073,0.0153657,0
AKEUSDT,resident,新,1788572116000,09-05 09:35:16,0.0166785,0.01834635,0.0166785,0.01501065,0
AKEUSDT,resident,新,1788572172000,09-05 09:36:12,0.01702,0.018722,0.01702,0.015318,0
AKEUSDT,resident,新,1788572282000,09-05 09:38:02,0.017394,0.0191334,0.017394,0.0156546,0
AKEUSDT,resident,新,1788572463000,09-05 09:41:03,0.017005,0.0187055,0.017005,0.0153045,0
AKEUSDT,resident,新,1788572808000,09-05 09:46:48,0.016657,0.0183227,0.016657,0.0149913,0
AKEUSDT,resident,新,1788572850000,09-05 09:47:30,0.0171045,0.01881495,0.0171045,0.01539405,0
AKEUSDT,resident,新,1788572952000,09-05 09:49:12,0.016762,0.0184382,0.016762,0.0150858,0
AKEUSDT,resident,新,1788572972000,09-05 09:49:32,0.017119,0.0188309,0.017119,0.0154071,0
AKEUSDT,resident,新,1788573022000,09-05 09:50:22,0.017476,0.0192236,0.017476,0.0157284,0
AKEUSDT,resident,新,1788573077000,09-05 09:51:17,0.0178315,0.01961465,0.0178315,0.01604835,0
AKEUSDT,resident,新,1788573104000,09-05 09:51:44,0.0182085,0.02002935,0.0182085,0.01638765,0
AKEUSDT,resident,新,1788573132000,09-05 09:52:12,0.0178265,0.01960915,0.0178265,0.01604385,0
AKEUSDT,resident,新,1788573189000,09-05 09:53:09,0.018328,0.0201608,0.018328,0.0164952,0
AKEUSDT,resident,新,1788573217000,09-05 09:53:37,0.017876,0.0196636,0.017876,0.0160884,0
AKEUSDT,resident,新,1788573218000,09-05 09:53:38,0.016924,0.0186164,0.016924,0.0152316,0
AKEUSDT,resident,新,1788573222000,09-05 09:53:42,0.016439,0.0180829,0.016439,0.0147951,0
AKEUSDT,resident,新,1788573232000,09-05 09:53:52,0.016779,0.0184569,0.016779,0.0151011,0
AKEUSDT,resident,新,1788573241000,09-05 09:54:01,0.016396,0.0180356,0.016396,0.0147564,0
AKEUSDT,resident,新,1788573254000,09-05 09:54:14,0.016808,0.0184888,0.016808,0.0151272,0
AKEUSDT,resident,新,1788573276000,09-05 09:54:36,0.017158,0.0188738,0.017158,0.0154422,0
AKEUSDT,resident,新,1788573367000,09-05 09:56:07,0.017535,0.0192885,0.017535,0.0157815,0
AKEUSDT,resident,新,1788573504000,09-05 09:58:24,0.0179965,0.01979615,0.0179965,0.01619685,0
AKEUSDT,resident,新,1788573635000,09-05 10:00:35,0.0176255,0.01938805,0.0176255,0.01586295,0
AKEUSDT,resident,新,1788573746000,09-05 10:02:26,0.0179855,0.01978405,0.0179855,0.01618695,0
AKEUSDT,resident,新,1788573788000,09-05 10:03:08,0.0183525,0.02018775,0.0183525,0.01651725,0
AKEUSDT,resident,新,1788573822000,09-05 10:03:42,0.017977,0.0197747,0.017977,0.0161793,0
AKEUSDT,resident,新,1788573943000,09-05 10:05:43,0.018345,0.0201795,0.018345,0.0165105,0
AKEUSDT,resident,新,1788574240000,09-05 10:10:40,0.018712,0.0205832,0.018712,0.0168408,0
AKEUSDT,resident,新,1788576141000,09-05 10:42:21,0.019164,0.0210804,0.019164,0.0172476,0
AKEUSDT,resident,新,1788576316000,09-05 10:45:16,0.019596,0.0215556,0.019596,0.0176364,0
AKEUSDT,resident,新,1788576328000,09-05 10:45:28,0.0191805,0.02109855,0.0191805,0.01726245,0
AKEUSDT,resident,新,1788576645000,09-05 10:50:45,0.0185355,0.02038905,0.0185355,0.01668195,0
AKEUSDT,resident,新,1788576646000,09-05 10:50:46,0.0177765,0.01955415,0.0177765,0.01599885,0
AKEUSDT,resident,新,1788576656000,09-05 10:50:56,0.0174,0.01914,0.0174,0.01566,0
AKEUSDT,resident,新,1788576664000,09-05 10:51:04,0.017783,0.0195613,0.017783,0.0160047,0
AKEUSDT,resident,新,1788576671000,09-05 10:51:11,0.0181745,0.01999195,0.0181745,0.01635705,0
AKEUSDT,resident,新,1788576674000,09-05 10:51:14,0.018539,0.0203929,0.018539,0.0166851,0
AKEUSDT,resident,新,1788576709000,09-05 10:51:49,0.018914,0.0208054,0.018914,0.0170226,0
AKEUSDT,resident,新,1788577000000,09-05 10:56:40,0.019314,0.0212454,0.019314,0.0173826,0
AKEUSDT,resident,新,1788577020000,09-05 10:57:00,0.0197305,0.02170355,0.0197305,0.01775745,0
AKEUSDT,resident,新,1788577030000,09-05 10:57:10,0.0193,0.02123,0.0193,0.01737,0
AKEUSDT,resident,新,1788578724000,09-05 11:25:24,0.0188515,0.02073665,0.0188515,0.01696635,0
AKEUSDT,resident,新,1788578762000,09-05 11:26:02,0.0192645,0.02119095,0.0192645,0.01733805,0
AKEUSDT,resident,新,1788579701000,09-05 11:41:41,0.018684,0.0205524,0.018684,0.0168156,0
AKEUSDT,resident,新,1788579723000,09-05 11:42:03,0.0183095,0.02014045,0.0183095,0.01647855,0
AKEUSDT,resident,新,1788579728000,09-05 11:42:08,0.017871,0.0196581,0.017871,0.0160839,0
AKEUSDT,resident,新,1788579732000,09-05 11:42:12,0.0183685,0.02020535,0.0183685,0.01653165,0
AKEUSDT,resident,新,1788579812000,09-05 11:43:32,0.017865,0.0196515,0.017865,0.0160785,0
AKEUSDT,resident,新,1788579818000,09-05 11:43:38,0.0174745,0.01922195,0.0174745,0.01572705,0
AKEUSDT,resident,新,1788579828000,09-05 11:43:48,0.017826,0.0196086,0.017826,0.0160434,0
AKEUSDT,resident,新,1788579852000,09-05 11:44:12,0.0182415,0.02006565,0.0182415,0.01641735,0
AKEUSDT,resident,新,1788579885000,09-05 11:44:45,0.0186485,0.02051335,0.0186485,0.01678365,0
AKEUSDT,resident,新,1788579935000,09-05 11:45:35,0.0190215,0.02092365,0.0190215,0.01711935,0
AKEUSDT,resident,新,1788580032000,09-05 11:47:12,0.0194315,0.02137465,0.0194315,0.01748835,0
AKEUSDT,resident,新,1788580257000,09-05 11:50:57,0.0189685,0.02086535,0.0189685,0.01707165,0
AKEUSDT,resident,新,1788580289000,09-05 11:51:29,0.0193485,0.02128335,0.0193485,0.01741365,0
AKEUSDT,resident,新,1788581475000,09-05 12:11:15,0.0198095,0.02179045,0.0198095,0.01782855,0
AKEUSDT,resident,新,1788581505000,09-05 12:11:45,0.0206875,0.02275625,0.0206875,0.01861875,0
AKEUSDT,resident,新,1788581506000,09-05 12:11:46,0.0202565,0.02228215,0.0202565,0.01823085,0
AKEUSDT,resident,新,1788581521000,09-05 12:12:01,0.0208405,0.02292455,0.0208405,0.01875645,0
AKEUSDT,resident,新,1788581524000,09-05 12:12:04,0.021293,0.0234223,0.021293,0.0191637,0
AKEUSDT,resident,新,1788581567000,09-05 12:12:47,0.020843,0.0229273,0.020843,0.0187587,0
AKEUSDT,resident,新,1788581624000,09-05 12:13:44,0.020322,0.0223542,0.020322,0.0182898,0
AKEUSDT,resident,新,1788581628000,09-05 12:13:48,0.0207595,0.02283545,0.0207595,0.01868355,0
AKEUSDT,resident,新,1788581673000,09-05 12:14:33,0.021178,0.0232958,0.021178,0.0190602,0
AKEUSDT,resident,新,1788581747000,09-05 12:15:47,0.0207435,0.02281785,0.0207435,0.01866915,0
AKEUSDT,resident,新,1788581757000,09-05 12:15:57,0.02024,0.022264,0.02024,0.018216,0
AKEUSDT,resident,新,1788582009000,09-05 12:20:09,0.0198055,0.02178605,0.0198055,0.01782495,0
AKEUSDT,resident,新,1788582141000,09-05 12:22:21,0.019371,0.0213081,0.019371,0.0174339,0
AKEUSDT,resident,新,1788582187000,09-05 12:23:07,0.0189795,0.02087745,0.0189795,0.01708155,0
AKEUSDT,resident,新,1788582208000,09-05 12:23:28,0.0185895,0.02044845,0.0185895,0.01673055,0
AKEUSDT,resident,新,1788582237000,09-05 12:23:57,0.0181935,0.02001285,0.0181935,0.01637415,0
AKEUSDT,resident,新,1788582257000,09-05 12:24:17,0.017826,0.0196086,0.017826,0.0160434,0
AKEUSDT,resident,新,1788582290000,09-05 12:24:50,0.018184,0.0200024,0.018184,0.0163656,0
AKEUSDT,resident,新,1788582300000,09-05 12:25:00,0.018619,0.0204809,0.018619,0.0167571,0
AKEUSDT,resident,新,1788582304000,09-05 12:25:04,0.019,0.0209,0.019,0.0171,0
AKEUSDT,resident,新,1788582601000,09-05 12:30:01,0.0194075,0.02134825,0.0194075,0.01746675,0
AKEUSDT,resident,新,1788582695000,09-05 12:31:35,0.018939,0.0208329,0.018939,0.0170451,0
AKEUSDT,resident,新,1788583111000,09-05 12:38:31,0.0193425,0.02127675,0.0193425,0.01740825,0
AKEUSDT,resident,新,1788583469000,09-05 12:44:29,0.0188835,0.02077185,0.0188835,0.01699515,0
AKEUSDT,resident,新,1788583564000,09-05 12:46:04,0.0184925,0.02034175,0.0184925,0.01664325,0
AKEUSDT,resident,新,1788583688000,09-05 12:48:08,0.018086,0.0198946,0.018086,0.0162774,0
AKEUSDT,resident,新,1788583764000,09-05 12:49:24,0.0184845,0.02033295,0.0184845,0.01663605,0
AKEUSDT,resident,新,1788583854000,09-05 12:50:54,0.018075,0.0198825,0.018075,0.0162675,0
AKEUSDT,resident,新,1788583923000,09-05 12:52:03,0.017697,0.0194667,0.017697,0.0159273,0
AKEUSDT,resident,新,1788583988000,09-05 12:53:08,0.0173405,0.01907455,0.0173405,0.01560645,0
AKEUSDT,resident,新,1788584067000,09-05 12:54:27,0.0177005,0.01947055,0.0177005,0.01593045,0
AKEUSDT,resident,新,1788584113000,09-05 12:55:13,0.0173315,0.01906465,0.0173315,0.01559835,0
AKEUSDT,resident,新,1788584135000,09-05 12:55:35,0.0167695,0.01844645,0.0167695,0.01509255,0
AKEUSDT,resident,新,1788584224000,09-05 12:57:04,0.0171195,0.01883145,0.0171195,0.01540755,0
AKEUSDT,resident,新,1788584231000,09-05 12:57:11,0.0174625,0.01920875,0.0174625,0.01571625,0
AKEUSDT,resident,新,1788584282000,09-05 12:58:02,0.017094,0.0188034,0.017094,0.0153846,0
AKEUSDT,resident,新,1788584407000,09-05 13:00:07,0.016686,0.0183546,0.016686,0.0150174,0
AKEUSDT,resident,新,1788584419000,09-05 13:00:19,0.016295,0.0179245,0.016295,0.0146655,0
AKEUSDT,resident,新,1788584502000,09-05 13:01:42,0.0159235,0.01751585,0.0159235,0.01433115,0
AKEUSDT,resident,新,1788584672000,09-05 13:04:32,0.0162755,0.01790305,0.0162755,0.01464795,0
AKEUSDT,resident,新,1788584723000,09-05 13:05:23,0.015928,0.0175208,0.015928,0.0143352,0
AKEUSDT,resident,新,1788584763000,09-05 13:06:03,0.0163275,0.01796025,0.0163275,0.01469475,0
AKEUSDT,resident,新,1788584768000,09-05 13:06:08,0.0167235,0.01839585,0.0167235,0.01505115,0
AKEUSDT,resident,新,1788584792000,09-05 13:06:32,0.017075,0.0187825,0.017075,0.0153675,0
AKEUSDT,resident,新,1788584838000,09-05 13:07:18,0.016729,0.0184019,0.016729,0.0150561,0
AKEUSDT,resident,新,1788584859000,09-05 13:07:39,0.01637,0.018007,0.01637,0.014733,0
AKEUSDT,resident,新,1788584889000,09-05 13:08:09,0.016735,0.0184085,0.016735,0.0150615,0
AKEUSDT,resident,新,1788584996000,09-05 13:09:56,0.0163495,0.01798445,0.0163495,0.01471455,0
AKEUSDT,resident,新,1788585696000,09-05 13:21:36,0.016677,0.0183447,0.016677,0.0150093,0
AKEUSDT,resident,新,1788585909000,09-05 13:25:09,0.016343,0.0179773,0.016343,0.0147087,0
AKEUSDT,resident,新,1788587190000,09-05 13:46:30,0.016697,0.0183667,0.016697,0.0150273,0
AKEUSDT,resident,新,1788587618000,09-05 13:53:38,0.016357,0.0179927,0.016357,0.0147213,0
AKEUSDT,resident,新,1788588400000,09-05 14:06:40,0.016026,0.0176286,0.016026,0.0144234,0
AKEUSDT,resident,新,1788588478000,09-05 14:07:58,0.0163565,0.01799215,0.0163565,0.01472085,0
AKEUSDT,resident,新,1788591011000,09-05 14:50:11,0.0167315,0.01840465,0.0167315,0.01505835,0
AKEUSDT,resident,新,1788591563000,09-05 14:59:23,0.0170745,0.01878195,0.0170745,0.01536705,0
AKEUSDT,resident,新,1788591588000,09-05 14:59:48,0.017447,0.0191917,0.017447,0.0157023,0
AKEUSDT,resident,新,1788591623000,09-05 15:00:23,0.0178055,0.01958605,0.0178055,0.01602495,0
AKEUSDT,resident,新,1788591665000,09-05 15:01:05,0.018211,0.0200321,0.018211,0.0163899,0
AKEUSDT,resident,新,1788591721000,09-05 15:02:01,0.018611,0.0204721,0.018611,0.0167499,0
AKEUSDT,resident,新,1788591816000,09-05 15:03:36,0.0190005,0.02090055,0.0190005,0.01710045,0
AKEUSDT,resident,新,1788591948000,09-05 15:05:48,0.019382,0.0213202,0.019382,0.0174438,0
AKEUSDT,resident,新,1788592036000,09-05 15:07:16,0.0197715,0.02174865,0.0197715,0.01779435,0
AKEUSDT,resident,新,1788592152000,09-05 15:09:12,0.019278,0.0212058,0.019278,0.0173502,0
AKEUSDT,resident,新,1788592155000,09-05 15:09:15,0.018677,0.0205447,0.018677,0.0168093,0
AKEUSDT,resident,新,1788592163000,09-05 15:09:23,0.0190745,0.02098195,0.0190745,0.01716705,0
AKEUSDT,resident,新,1788592257000,09-05 15:10:57,0.018678,0.0205458,0.018678,0.0168102,0
AKEUSDT,resident,新,1788592265000,09-05 15:11:05,0.0181145,0.01992595,0.0181145,0.01630305,0
AKEUSDT,resident,新,1788592321000,09-05 15:12:01,0.0177425,0.01951675,0.0177425,0.01596825,0
AKEUSDT,resident,新,1788592420000,09-05 15:13:40,0.018115,0.0199265,0.018115,0.0163035,0
AKEUSDT,resident,新,1788592486000,09-05 15:14:46,0.017729,0.0195019,0.017729,0.0159561,0
AKEUSDT,resident,新,1788592515000,09-05 15:15:15,0.0181,0.01991,0.0181,0.01629,0
AKEUSDT,resident,新,1788592667000,09-05 15:17:47,0.0177295,0.01950245,0.0177295,0.01595655,0
AKEUSDT,resident,新,1788592755000,09-05 15:19:15,0.0181085,0.01991935,0.0181085,0.01629765,0
AKEUSDT,resident,新,1788593303000,09-05 15:28:23,0.0177445,0.01951895,0.0177445,0.01597005,0
AKEUSDT,resident,新,1788593809000,09-05 15:36:49,0.0181215,0.01993365,0.0181215,0.01630935,0
AKEUSDT,resident,新,1788594546000,09-05 15:49:06,0.017729,0.0195019,0.017729,0.0159561,0
AKEUSDT,resident,新,1788594666000,09-05 15:51:06,0.0173305,0.01906355,0.0173305,0.01559745,0
AKEUSDT,resident,新,1788594733000,09-05 15:52:13,0.016925,0.0186175,0.016925,0.0152325,0
AKEUSDT,resident,新,1788594786000,09-05 15:53:06,0.017264,0.0189904,0.017264,0.0155376,0
AKEUSDT,resident,新,1788594844000,09-05 15:54:04,0.0169045,0.01859495,0.0169045,0.01521405,0
AKEUSDT,resident,新,1788594964000,09-05 15:56:04,0.016545,0.0181995,0.016545,0.0148905,0
AKEUSDT,resident,新,1788595257000,09-05 16:00:57,0.0168885,0.01857735,0.0168885,0.01519965,0
AKEUSDT,resident,新,1788595356000,09-05 16:02:36,0.017255,0.0189805,0.017255,0.0155295,0
AKEUSDT,resident,新,1788595436000,09-05 16:03:56,0.016823,0.0185053,0.016823,0.0151407,0
AKEUSDT,resident,新,1788595502000,09-05 16:05:02,0.017191,0.0189101,0.017191,0.0154719,0
AKEUSDT,resident,新,1788595861000,09-05 16:11:01,0.017548,0.0193028,0.017548,0.0157932,0
AKEUSDT,resident,新,1788595969000,09-05 16:12:49,0.0179115,0.01970265,0.0179115,0.01612035,0
AKEUSDT,resident,新,1788597274000,09-05 16:34:34,0.017459,0.0192049,0.017459,0.0157131,0
AKEUSDT,resident,新,1788597961000,09-05 16:46:01,0.017821,0.0196031,0.017821,0.0160389,0
AKEUSDT,resident,新,1788598738000,09-05 16:58:58,0.018199,0.0200189,0.018199,0.0163791,0
AKEUSDT,resident,新,1788598780000,09-05 16:59:40,0.0185855,0.02044405,0.0185855,0.01672695,0
AKEUSDT,resident,新,1788599161000,09-05 17:06:01,0.0189645,0.02086095,0.0189645,0.01706805,0
AKEUSDT,resident,新,1788599861000,09-05 17:17:41,0.019355,0.0212905,0.019355,0.0174195,0
AKEUSDT,resident,新,1788600341000,09-05 17:25:41,0.0189325,0.02082575,0.0189325,0.01703925,0
AKEUSDT,resident,新,1788600421000,09-05 17:27:01,0.018424,0.0202664,0.018424,0.0165816,0
AKEUSDT,resident,新,1788600555000,09-05 17:29:15,0.0188405,0.02072455,0.0188405,0.01695645,0
AKEUSDT,resident,新,1788602017000,09-05 17:53:37,0.0184535,0.02029885,0.0184535,0.01660815,0
AKEUSDT,resident,新,1788602132000,09-05 17:55:32,0.0188455,0.02073005,0.0188455,0.01696095,0
AKEUSDT,resident,新,1788603787000,09-05 18:23:07,0.0192605,0.02118655,0.0192605,0.01733445,0
AKEUSDT,resident,新,1788608368000,09-05 19:39:28,0.019651,0.0216161,0.019651,0.0176859,0
AKEUSDT,resident,新,1788608754000,09-05 19:45:54,0.0190605,0.02096655,0.0190605,0.01715445,0
AKEUSDT,resident,新,1788609004000,09-05 19:50:04,0.019442,0.0213862,0.019442,0.0174978,0
AKEUSDT,resident,新,1788610208000,09-05 20:10:08,0.019866,0.0218526,0.019866,0.0178794,0
AKEUSDT,resident,新,1788610242000,09-05 20:10:42,0.0194545,0.02139995,0.0194545,0.01750905,0
AKEUSDT,resident,新,1788610310000,09-05 20:11:50,0.0198835,0.02187185,0.0198835,0.01789515,0
AKEUSDT,resident,新,1788610420000,09-05 20:13:40,0.0193855,0.02132405,0.0193855,0.01744695,0
AKEUSDT,resident,新,1788610500000,09-05 20:15:00,0.018944,0.0208384,0.018944,0.0170496,0
AKEUSDT,resident,新,1788610537000,09-05 20:15:37,0.019327,0.0212597,0.019327,0.0173943,0
AKEUSDT,resident,新,1788610724000,09-05 20:18:44,0.0188725,0.02075975,0.0188725,0.01698525,0
AKEUSDT,resident,新,1788610744000,09-05 20:19:04,0.018447,0.0202917,0.018447,0.0166023,0
AKEUSDT,resident,新,1788610925000,09-05 20:22:05,0.0188375,0.02072125,0.0188375,0.01695375,0
AKEUSDT,resident,新,1788611283000,09-05 20:28:03,0.019229,0.0211519,0.019229,0.0173061,0
AKEUSDT,resident,新,1788611709000,09-05 20:35:09,0.019616,0.0215776,0.019616,0.0176544,0
AKEUSDT,resident,新,1788612053000,09-05 20:40:53,0.019217,0.0211387,0.019217,0.0172953,0
AKEUSDT,resident,新,1788613246000,09-05 21:00:46,0.019631,0.0215941,0.019631,0.0176679,0
AKEUSDT,resident,新,1788613268000,09-05 21:01:08,0.019211,0.0211321,0.019211,0.0172899,0
AKEUSDT,resident,新,1788613519000,09-05 21:05:19,0.018824,0.0207064,0.018824,0.0169416,0
AKEUSDT,resident,新,1788613650000,09-05 21:07:30,0.019212,0.0211332,0.019212,0.0172908,0
AKEUSDT,resident,新,1788614128000,09-05 21:15:28,0.0188085,0.02068935,0.0188085,0.01692765,0
AKEUSDT,resident,新,1788615259000,09-05 21:34:19,0.0191865,0.02110515,0.0191865,0.01726785,0
AKEUSDT,resident,新,1788615804000,09-05 21:43:24,0.0195855,0.02154405,0.0195855,0.01762695,0
AKEUSDT,resident,新,1788616611000,09-05 21:56:51,0.019171,0.0210881,0.019171,0.0172539,0
AKEUSDT,resident,新,1788617242000,09-05 22:07:22,0.0195555,0.02151105,0.0195555,0.01759995,0
AKEUSDT,resident,新,1788617535000,09-05 22:12:15,0.019988,0.0219868,0.019988,0.0179892,0
AKEUSDT,resident,新,1788617634000,09-05 22:13:54,0.0203955,0.02243505,0.0203955,0.01835595,0
AKEUSDT,resident,新,1788617782000,09-05 22:16:22,0.0199325,0.02192575,0.0199325,0.01793925,0
AKEUSDT,resident,新,1788617903000,09-05 22:18:23,0.0195255,0.02147805,0.0195255,0.01757295,0
AKEUSDT,resident,新,1788618023000,09-05 22:20:23,0.0191275,0.02104025,0.0191275,0.01721475,0
AKEUSDT,resident,新,1788618770000,09-05 22:32:50,0.018728,0.0206008,0.018728,0.0168552,0
AKEUSDT,resident,新,1788619020000,09-05 22:37:00,0.0183405,0.02017455,0.0183405,0.01650645,0
AKEUSDT,resident,新,1788619110000,09-05 22:38:30,0.018712,0.0205832,0.018712,0.0168408,0
AKEUSDT,resident,新,1788619718000,09-05 22:48:38,0.019097,0.0210067,0.019097,0.0171873,0
AKEUSDT,resident,新,1788619834000,09-05 22:50:34,0.018702,0.0205722,0.018702,0.0168318,0
AKEUSDT,resident,新,1788619941000,09-05 22:52:21,0.0183025,0.02013275,0.0183025,0.01647225,0
AKEUSDT,resident,新,1788620391000,09-05 22:59:51,0.0187125,0.02058375,0.0187125,0.01684125,0
AKEUSDT,resident,新,1788620931000,09-05 23:08:51,0.0183335,0.02016685,0.0183335,0.01650015,0
AKEUSDT,resident,新,1788621738000,09-05 23:22:18,0.0187085,0.02057935,0.0187085,0.01683765,0
AKEUSDT,resident,新,1788621774000,09-05 23:22:54,0.019096,0.0210056,0.019096,0.0171864,0
AKEUSDT,resident,新,1788621786000,09-05 23:23:06,0.0186785,0.02054635,0.0186785,0.01681065,0
AKEUSDT,resident,新,1788621972000,09-05 23:26:12,0.0190605,0.02096655,0.0190605,0.01715445,0
AKEUSDT,resident,新,1788622957000,09-05 23:42:37,0.0186775,0.02054525,0.0186775,0.01680975,0
AKEUSDT,resident,新,1788623224000,09-05 23:47:04,0.0190575,0.02096325,0.0190575,0.01715175,0
AKEUSDT,resident,新,1788623848000,09-05 23:57:28,0.0186435,0.02050785,0.0186435,0.01677915,0
AKEUSDT,resident,新,1788624090000,09-06 00:01:30,0.0182475,0.02007225,0.0182475,0.01642275,0
AKEUSDT,resident,新,1788624093000,09-06 00:01:33,0.0178165,0.01959815,0.0178165,0.01603485,0
AKEUSDT,resident,新,1788624129000,09-06 00:02:09,0.017429,0.0191719,0.017429,0.0156861,0
AKEUSDT,resident,新,1788624269000,09-06 00:04:29,0.017073,0.0187803,0.017073,0.0153657,0
AKEUSDT,resident,新,1788624310000,09-06 00:05:10,0.017429,0.0191719,0.017429,0.0156861,0
AKEUSDT,resident,新,1788624438000,09-06 00:07:18,0.0177785,0.01955635,0.0177785,0.01600065,0
AKEUSDT,resident,新,1788624600000,09-06 00:10:00,0.018159,0.0199749,0.018159,0.0163431,0
AKEUSDT,resident,新,1788624658000,09-06 00:10:58,0.0185285,0.02038135,0.0185285,0.01667565,0
AKEUSDT,resident,新,1788624748000,09-06 00:12:28,0.018902,0.0207922,0.018902,0.0170118,0
AKEUSDT,resident,新,1788627857000,09-06 01:04:17,0.0193315,0.02126465,0.0193315,0.01739835,0
AKEUSDT,resident,新,1788628065000,09-06 01:07:45,0.018887,0.0207757,0.018887,0.0169983,0
AKEUSDT,resident,新,1788628104000,09-06 01:08:24,0.019273,0.0212003,0.019273,0.0173457,0
AKEUSDT,resident,新,1788629160000,09-06 01:26:00,0.019671,0.0216381,0.019671,0.0177039,0
AKEUSDT,resident,新,1788630237000,09-06 01:43:57,0.0200665,0.02207315,0.0200665,0.01805985,0
AKEUSDT,resident,新,1788630826000,09-06 01:53:46,0.020468,0.0225148,0.020468,0.0184212,0
AKEUSDT,resident,新,1788631308000,09-06 02:01:48,0.0209115,0.02300265,0.0209115,0.01882035,0
AKEUSDT,resident,新,1788631380000,09-06 02:03:00,0.0213345,0.02346795,0.0213345,0.01920105,0
AKEUSDT,resident,新,1788631394000,09-06 02:03:14,0.020868,0.0229548,0.020868,0.0187812,0
AKEUSDT,resident,新,1788631456000,09-06 02:04:16,0.0204415,0.02248565,0.0204415,0.01839735,0
AKEUSDT,resident,新,1788631467000,09-06 02:04:27,0.0199395,0.02193345,0.0199395,0.01794555,0
AKEUSDT,resident,新,1788631535000,09-06 02:05:35,0.0203435,0.02237785,0.0203435,0.01830915,0
AKEUSDT,resident,新,1788631555000,09-06 02:05:55,0.019917,0.0219087,0.019917,0.0179253,0
AKEUSDT,resident,新,1788631563000,09-06 02:06:03,0.0195145,0.02146595,0.0195145,0.01756305,0
AKEUSDT,resident,新,1788631584000,09-06 02:06:24,0.018993,0.0208923,0.018993,0.0170937,0
AKEUSDT,resident,新,1788631676000,09-06 02:07:56,0.0194785,0.02142635,0.0194785,0.01753065,0
AKEUSDT,resident,新,1788631683000,09-06 02:08:03,0.019007,0.0209077,0.019007,0.0171063,0
AKEUSDT,resident,新,1788631821000,09-06 02:10:21,0.018564,0.0204204,0.018564,0.0167076,0
AKEUSDT,resident,新,1788631879000,09-06 02:11:19,0.018128,0.0199408,0.018128,0.0163152,0
AKEUSDT,resident,新,1788632028000,09-06 02:13:48,0.0185135,0.02036485,0.0185135,0.01666215,0
AKEUSDT,resident,新,1788633657000,09-06 02:40:57,0.018908,0.0207988,0.018908,0.0170172,0
AKEUSDT,resident,新,1788634843000,09-06 03:00:43,0.0185155,0.02036705,0.0185155,0.01666395,0
AKEUSDT,resident,新,1788636125000,09-06 03:22:05,0.0188975,0.02078725,0.0188975,0.01700775,0
AKEUSDT,resident,新,1788637588000,09-06 03:46:28,0.01932,0.021252,0.01932,0.017388,0
AKEUSDT,resident,新,1788638888000,09-06 04:08:08,0.018927,0.0208197,0.018927,0.0170343,0
AKEUSDT,resident,新,1788640282000,09-06 04:31:22,0.019343,0.0212773,0.019343,0.0174087,0
AKEUSDT,resident,新,1788640840000,09-06 04:40:40,0.018956,0.0208516,0.018956,0.0170604,0
AKEUSDT,resident,新,1788644068000,09-06 05:34:28,0.019337,0.0212707,0.019337,0.0174033,0
AKEUSDT,resident,新,1788645740000,09-06 06:02:20,0.018949,0.0208439,0.018949,0.0170541,0
AKEUSDT,resident,新,1788646903000,09-06 06:21:43,0.018559,0.0204149,0.018559,0.0167031,0
AKEUSDT,resident,新,1788653724000,09-06 08:15:24,0.018145,0.0199595,0.018145,0.0163305,0
AKEUSDT,resident,新,1788656705000,09-06 09:05:05,0.0177655,0.01954205,0.0177655,0.01598895,0
AKEUSDT,resident,新,1788656945000,09-06 09:09:05,0.018128,0.0199408,0.018128,0.0163152,0
AKEUSDT,resident,新,1788659716000,09-06 09:55:16,0.017723,0.0194953,0.017723,0.0159507,0
AKEUSDT,resident,新,1788659736000,09-06 09:55:36,0.0173455,0.01908005,0.0173455,0.01561095,0
AKEUSDT,resident,新,1788659826000,09-06 09:57:06,0.0169885,0.01868735,0.0169885,0.01528965,0
AKEUSDT,resident,新,1788659890000,09-06 09:58:10,0.016641,0.0183051,0.016641,0.0149769,0
AKEUSDT,resident,新,1788659900000,09-06 09:58:20,0.016993,0.0186923,0.016993,0.0152937,0
AKEUSDT,resident,新,1788660020000,09-06 10:00:20,0.017352,0.0190872,0.017352,0.0156168,0
AKEUSDT,resident,新,1788660132000,09-06 10:02:12,0.0176995,0.01946945,0.0176995,0.01592955,0
AKEUSDT,resident,新,1788660682000,09-06 10:11:22,0.018056,0.0198616,0.018056,0.0162504,0
AKEUSDT,resident,新,1788660798000,09-06 10:13:18,0.018418,0.0202598,0.018418,0.0165762,0
AKEUSDT,resident,新,1788661080000,09-06 10:18:00,0.018047,0.0198517,0.018047,0.0162423,0
AKEUSDT,resident,新,1788664210000,09-06 11:10:10,0.0184255,0.02026805,0.0184255,0.01658295,0
AKEUSDT,resident,新,1788664809000,09-06 11:20:09,0.018043,0.0198473,0.018043,0.0162387,0
AKEUSDT,resident,新,1788672037000,09-06 13:20:37,0.017638,0.0194018,0.017638,0.0158742,0
AKEUSDT,resident,新,1788674915000,09-06 14:08:35,0.0172605,0.01898655,0.0172605,0.01553445,0
AKEUSDT,resident,新,1788674970000,09-06 14:09:30,0.016912,0.0186032,0.016912,0.0152208,0
AKEUSDT,resident,新,1788675045000,09-06 14:10:45,0.0165575,0.01821325,0.0165575,0.01490175,0
AKEUSDT,resident,新,1788675086000,09-06 14:11:26,0.016182,0.0178002,0.016182,0.0145638,0
AKEUSDT,resident,新,1788675300000,09-06 14:15:00,0.0158265,0.01740915,0.0158265,0.01424385,0
AKEUSDT,resident,新,1788675344000,09-06 14:15:44,0.0154975,0.01704725,0.0154975,0.01394775,0
AKEUSDT,resident,新,1788675397000,09-06 14:16:37,0.0158495,0.01743445,0.0158495,0.01426455,0
AKEUSDT,resident,新,1788675418000,09-06 14:16:58,0.0154995,0.01704945,0.0154995,0.01394955,0
AKEUSDT,resident,新,1788675451000,09-06 14:17:31,0.015182,0.0167002,0.015182,0.0136638,0
AKEUSDT,resident,新,1788675498000,09-06 14:18:18,0.014876,0.0163636,0.014876,0.0133884,0
AKEUSDT,resident,新,1788675527000,09-06 14:18:47,0.0151885,0.01670735,0.0151885,0.01366965,0
AKEUSDT,resident,新,1788675539000,09-06 14:18:59,0.014882,0.0163702,0.014882,0.0133938,0
AKEUSDT,resident,新,1788675585000,09-06 14:19:45,0.0151855,0.01670405,0.0151855,0.01366695,0
AKEUSDT,resident,新,1788675605000,09-06 14:20:05,0.014817,0.0162987,0.014817,0.0133353,0
AKEUSDT,resident,新,1788675630000,09-06 14:20:30,0.0145,0.01595,0.0145,0.01305,0
AKEUSDT,resident,新,1788675685000,09-06 14:21:25,0.014834,0.0163174,0.014834,0.0133506,0
AKEUSDT,resident,新,1788675709000,09-06 14:21:49,0.0151395,0.01665345,0.0151395,0.01362555,0
AKEUSDT,resident,新,1788675775000,09-06 14:22:55,0.014828,0.0163108,0.014828,0.0133452,0
AKEUSDT,resident,新,1788676090000,09-06 14:28:10,0.015145,0.0166595,0.015145,0.0136305,0
AKEUSDT,resident,新,1788676196000,09-06 14:29:56,0.0148005,0.01628055,0.0148005,0.01332045,0
AKEUSDT,resident,新,1788676209000,09-06 14:30:09,0.0144875,0.01593625,0.0144875,0.01303875,0
AKEUSDT,resident,新,1788676215000,09-06 14:30:15,0.014152,0.0155672,0.014152,0.0127368,0
AKEUSDT,resident,新,1788676238000,09-06 14:30:38,0.0144635,0.01590985,0.0144635,0.01301715,0
AKEUSDT,resident,新,1788676289000,09-06 14:31:29,0.014171,0.0155881,0.014171,0.0127539,0
AKEUSDT,resident,新,1788676323000,09-06 14:32:03,0.013718,0.0150898,0.013718,0.0123462,0
AKEUSDT,resident,新,1788676331000,09-06 14:32:11,0.0134345,0.01477795,0.0134345,0.01209105,0
AKEUSDT,resident,新,1788676348000,09-06 14:32:28,0.0137255,0.01509805,0.0137255,0.01235295,0
AKEUSDT,resident,新,1788676371000,09-06 14:32:51,0.013407,0.0147477,0.013407,0.0120663,0
AKEUSDT,resident,新,1788676387000,09-06 14:33:07,0.013108,0.0144188,0.013108,0.0117972,0
AKEUSDT,resident,新,1788676408000,09-06 14:33:28,0.0134225,0.01476475,0.0134225,0.01208025,0
AKEUSDT,resident,新,1788676537000,09-06 14:35:37,0.0137035,0.01507385,0.0137035,0.01233315,0
AKEUSDT,resident,新,1788676593000,09-06 14:36:33,0.01409,0.015499,0.01409,0.012681,0
AKEUSDT,resident,新,1788676627000,09-06 14:37:07,0.014477,0.0159247,0.014477,0.0130293,0
AKEUSDT,resident,新,1788676698000,09-06 14:38:18,0.014181,0.0155991,0.014181,0.0127629,0
AKEUSDT,resident,新,1788677111000,09-06 14:45:11,0.014494,0.0159434,0.014494,0.0130446,0
AKEUSDT,resident,新,1788678187000,09-06 15:03:07,0.01479,0.016269,0.01479,0.013311,0
AKEUSDT,resident,新,1788678323000,09-06 15:05:23,0.0151205,0.01663255,0.0151205,0.01360845,0
AKEUSDT,resident,新,1788678338000,09-06 15:05:38,0.014809,0.0162899,0.014809,0.0133281,0
AKEUSDT,resident,新,1788684111000,09-06 16:41:51,0.014433,0.0158763,0.014433,0.0129897,0
AKEUSDT,resident,新,1788684639000,09-06 16:50:39,0.014734,0.0162074,0.014734,0.0132606,0
AKEUSDT,resident,新,1788685717000,09-06 17:08:37,0.0144375,0.01588125,0.0144375,0.01299375,0
AKEUSDT,resident,新,1788687409000,09-06 17:36:49,0.014094,0.0155034,0.014094,0.0126846,0
AKEUSDT,resident,新,1788687642000,09-06 17:40:42,0.0143775,0.01581525,0.0143775,0.01293975,0
AKEUSDT,resident,新,1788691892000,09-06 18:51:32,0.014079,0.0154869,0.014079,0.0126711,0
AKEUSDT,resident,新,1788695705000,09-06 19:55:05,0.013795,0.0151745,0.013795,0.0124155,0
AKEUSDT,resident,新,1788698486000,09-06 20:41:26,0.013509,0.0148599,0.013509,0.0121581,0
AKEUSDT,resident,新,1788699304000,09-06 20:55:04,0.0137835,0.01516185,0.0137835,0.01240515,0
AKEUSDT,resident,新,1788699738000,09-06 21:02:18,0.0134895,0.01483845,0.0134895,0.01214055,0
AKEUSDT,resident,新,1788702073000,09-06 21:41:13,0.01376,0.015136,0.01376,0.012384,0
AKEUSDT,resident,新,1788702540000,09-06 21:49:00,0.0140455,0.01545005,0.0140455,0.01264095,0
AKEUSDT,resident,新,1788703167000,09-06 21:59:27,0.01433,0.015763,0.01433,0.012897,0
AKEUSDT,resident,新,1788703207000,09-06 22:00:07,0.0140325,0.01543575,0.0140325,0.01262925,0
AKEUSDT,resident,新,1788703933000,09-06 22:12:13,0.014321,0.0157531,0.014321,0.0128889,0
AKEUSDT,resident,新,1788704229000,09-06 22:17:09,0.014033,0.0154363,0.014033,0.0126297,0
AKEUSDT,resident,新,1788704749000,09-06 22:25:49,0.0143515,0.01578665,0.0143515,0.01291635,0
AKEUSDT,resident,新,1788706560000,09-06 22:56:00,0.014021,0.0154231,0.014021,0.0126189,0
AKEUSDT,resident,新,1788707111000,09-06 23:05:11,0.014302,0.0157322,0.014302,0.0128718,0
AKEUSDT,resident,新,1788707168000,09-06 23:06:08,0.0146065,0.01606715,0.0146065,0.01314585,0
AKEUSDT,resident,新,1788707340000,09-06 23:09:00,0.014306,0.0157366,0.014306,0.0128754,0
AKEUSDT,resident,新,1788707537000,09-06 23:12:17,0.013943,0.0153373,0.013943,0.0125487,0
AKEUSDT,resident,新,1788707703000,09-06 23:15:03,0.014223,0.0156453,0.014223,0.0128007,0
AKEUSDT,resident,新,1788709229000,09-06 23:40:29,0.013934,0.0153274,0.013934,0.0125406,0
AKEUSDT,resident,新,1788716404000,09-07 01:40:04,0.0142235,0.01564585,0.0142235,0.01280115,0
AKEUSDT,resident,新,1788718511000,09-07 02:15:11,0.0145145,0.01596595,0.0145145,0.01306305,0
AKEUSDT,resident,新,1788718763000,09-07 02:19:23,0.0148105,0.01629155,0.0148105,0.01332945,0
AKEUSDT,resident,新,1788719166000,09-07 02:26:06,0.015132,0.0166452,0.015132,0.0136188,0
AKEUSDT,resident,新,1788719553000,09-07 02:32:33,0.014822,0.0163042,0.014822,0.0133398,0
AKEUSDT,resident,新,1788719719000,09-07 02:35:19,0.0151235,0.01663585,0.0151235,0.01361115,0
AKEUSDT,resident,新,1788720333000,09-07 02:45:33,0.0148175,0.01629925,0.0148175,0.01333575,0
AKEUSDT,resident,新,1788720354000,09-07 02:45:54,0.015121,0.0166331,0.015121,0.0136089,0
AKEUSDT,resident,新,1788722464000,09-07 03:21:04,0.0147245,0.01619695,0.0147245,0.01325205,0
AKEUSDT,resident,新,1788723809000,09-07 03:43:29,0.0143965,0.01583615,0.0143965,0.01295685,0
AKEUSDT,resident,新,1788725402000,09-07 04:10:02,0.0147245,0.01619695,0.0147245,0.01325205,0
AKEUSDT,resident,新,1788725789000,09-07 04:16:29,0.0150685,0.01657535,0.0150685,0.01356165,0
AKEUSDT,resident,新,1788726067000,09-07 04:21:07,0.0147525,0.01622775,0.0147525,0.01327725,0
AKEUSDT,resident,新,1788727946000,09-07 04:52:26,0.014457,0.0159027,0.014457,0.0130113,0
AKEUSDT,resident,新,1788730991000,09-07 05:43:11,0.0141655,0.01558205,0.0141655,0.01274895,0
AKEUSDT,resident,新,1788736861000,09-07 07:21:01,0.013869,0.0152559,0.013869,0.0124821,0
BULLAUSDT,resident,新,1788134400000,08-31 08:00:00,0.016102,0.0177122,0.016102,0.0144918,0
BULLAUSDT,resident,新,1788135469000,08-31 08:17:49,0.016264,0.0178904,0.016264,0.0146376,0
BULLAUSDT,resident,新,1788138603000,08-31 09:10:03,0.016096,0.0177056,0.016096,0.0144864,0
BULLAUSDT,resident,新,1788144228000,08-31 10:43:48,0.0162625,0.01788875,0.0162625,0.01463625,0
BULLAUSDT,resident,新,1788144959000,08-31 10:55:59,0.016097,0.0177067,0.016097,0.0144873,0
BULLAUSDT,resident,新,1788147028000,08-31 11:30:28,0.016258,0.0178838,0.016258,0.0146322,0
BULLAUSDT,resident,新,1788149200000,08-31 12:06:40,0.016094,0.0177034,0.016094,0.0144846,0
BULLAUSDT,resident,新,1788149713000,08-31 12:15:13,0.015925,0.0175175,0.015925,0.0143325,0
BULLAUSDT,resident,新,1788152783000,08-31 13:06:23,0.0161,0.01771,0.0161,0.01449,0
BULLAUSDT,resident,新,1788177871000,08-31 20:04:31,0.016263,0.0178893,0.016263,0.0146367,0
BULLAUSDT,resident,新,1788178676000,08-31 20:17:56,0.016099,0.0177089,0.016099,0.0144891,0
BULLAUSDT,resident,新,1788183947000,08-31 21:45:47,0.016271,0.0178981,0.016271,0.0146439,0
BULLAUSDT,resident,新,1788184789000,08-31 21:59:49,0.016434,0.0180774,0.016434,0.0147906,0
BULLAUSDT,resident,新,1788186677000,08-31 22:31:17,0.0166035,0.01826385,0.0166035,0.01494315,0
BULLAUSDT,resident,新,1788189099000,08-31 23:11:39,0.0167755,0.01845305,0.0167755,0.01509795,0
BULLAUSDT,resident,新,1788190454000,08-31 23:34:14,0.016606,0.0182666,0.016606,0.0149454,0
BULLAUSDT,resident,新,1788190811000,08-31 23:40:11,0.016777,0.0184547,0.016777,0.0150993,0
BULLAUSDT,resident,新,1788192976000,09-01 00:16:16,0.016608,0.0182688,0.016608,0.0149472,0
BULLAUSDT,resident,新,1788202845000,09-01 03:00:45,0.016429,0.0180719,0.016429,0.0147861,0
BULLAUSDT,resident,新,1788221823000,09-01 08:17:03,0.0166,0.01826,0.0166,0.01494,0
BULLAUSDT,resident,新,1788238794000,09-01 12:59:54,0.0167765,0.01845415,0.0167765,0.01509885,0
BULLAUSDT,resident,新,1788239282000,09-01 13:08:02,0.0169565,0.01865215,0.0169565,0.01526085,0
BULLAUSDT,resident,新,1788240312000,09-01 13:25:12,0.0167705,0.01844755,0.0167705,0.01509345,0
BULLAUSDT,resident,新,1788242763000,09-01 14:06:03,0.016944,0.0186384,0.016944,0.0152496,0
BULLAUSDT,resident,新,1788242928000,09-01 14:08:48,0.016727,0.0183997,0.016727,0.0150543,0
BULLAUSDT,resident,新,1788242934000,09-01 14:08:54,0.0169155,0.01860705,0.0169155,0.01522395,0
BULLAUSDT,resident,新,1788242938000,09-01 14:08:58,0.0170945,0.01880395,0.0170945,0.01538505,0
BULLAUSDT,resident,新,1788242973000,09-01 14:09:33,0.017347,0.0190817,0.017347,0.0156123,0
BULLAUSDT,resident,新,1788242976000,09-01 14:09:36,0.017582,0.0193402,0.017582,0.0158238,0
BULLAUSDT,resident,新,1788242978000,09-01 14:09:38,0.0177595,0.01953545,0.0177595,0.01598355,0
BULLAUSDT,resident,新,1788242992000,09-01 14:09:52,0.0179745,0.01977195,0.0179745,0.01617705,0
BULLAUSDT,resident,新,1788243009000,09-01 14:10:09,0.017775,0.0195525,0.017775,0.0159975,0
BULLAUSDT,resident,新,1788243041000,09-01 14:10:41,0.017975,0.0197725,0.017975,0.0161775,0
BULLAUSDT,resident,新,1788243072000,09-01 14:11:12,0.017788,0.0195668,0.017788,0.0160092,0
BULLAUSDT,resident,新,1788243330000,09-01 14:15:30,0.017606,0.0193666,0.017606,0.0158454,0
BULLAUSDT,resident,新,1788243385000,09-01 14:16:25,0.017406,0.0191466,0.017406,0.0156654,0
BULLAUSDT,resident,新,1788243482000,09-01 14:18:02,0.01723,0.018953,0.01723,0.015507,0
BULLAUSDT,resident,新,1788243598000,09-01 14:19:58,0.017408,0.0191488,0.017408,0.0156672,0
BULLAUSDT,resident,新,1788244094000,09-01 14:28:14,0.017596,0.0193556,0.017596,0.0158364,0
BULLAUSDT,resident,新,1788244329000,09-01 14:32:09,0.0174085,0.01914935,0.0174085,0.01566765,0
BULLAUSDT,resident,新,1788244401000,09-01 14:33:21,0.017221,0.0189431,0.017221,0.0154989,0
BULLAUSDT,resident,新,1788245078000,09-01 14:44:38,0.017006,0.0187066,0.017006,0.0153054,0
BULLAUSDT,resident,新,1788245469000,09-01 14:51:09,0.016828,0.0185108,0.016828,0.0151452,0
BULLAUSDT,resident,新,1788246021000,09-01 15:00:21,0.016658,0.0183238,0.016658,0.0149922,0
BULLAUSDT,resident,新,1788246124000,09-01 15:02:04,0.016435,0.0180785,0.016435,0.0147915,0
BULLAUSDT,resident,新,1788247159000,09-01 15:19:19,0.016621,0.0182831,0.016621,0.0149589,0
BULLAUSDT,resident,新,1788247440000,09-01 15:24:00,0.016443,0.0180873,0.016443,0.0147987,0
BULLAUSDT,resident,新,1788248850000,09-01 15:47:30,0.0162615,0.01788765,0.0162615,0.01463535,0
BULLAUSDT,resident,新,1788249649000,09-01 16:00:49,0.016098,0.0177078,0.016098,0.0144882,0
BULLAUSDT,resident,新,1788251183000,09-01 16:26:23,0.0162755,0.01790305,0.0162755,0.01464795,0
BULLAUSDT,resident,新,1788251186000,09-01 16:26:26,0.0164445,0.01808895,0.0164445,0.01480005,0
BULLAUSDT,resident,新,1788251237000,09-01 16:27:17,0.016276,0.0179036,0.016276,0.0146484,0
BULLAUSDT,resident,新,1788255161000,09-01 17:32:41,0.0164445,0.01808895,0.0164445,0.01480005,0
BULLAUSDT,resident,新,1788260090000,09-01 18:54:50,0.016275,0.0179025,0.016275,0.0146475,0
BULLAUSDT,resident,新,1788262271000,09-01 19:31:11,0.016109,0.0177199,0.016109,0.0144981,0
BULLAUSDT,resident,新,1788263595000,09-01 19:53:15,0.016381,0.0180191,0.016381,0.0147429,0
BULLAUSDT,resident,新,1788263596000,09-01 19:53:16,0.0165975,0.01825725,0.0165975,0.01493775,0
BULLAUSDT,resident,新,1788263610000,09-01 19:53:30,0.016778,0.0184558,0.016778,0.0151002,0
BULLAUSDT,resident,新,1788263651000,09-01 19:54:11,0.016967,0.0186637,0.016967,0.0152703,0
BULLAUSDT,resident,新,1788263660000,09-01 19:54:20,0.017155,0.0188705,0.017155,0.0154395,0
BULLAUSDT,resident,新,1788263695000,09-01 19:54:55,0.016975,0.0186725,0.016975,0.0152775,0
BULLAUSDT,resident,新,1788263883000,09-01 19:58:03,0.016803,0.0184833,0.016803,0.0151227,0
BULLAUSDT,resident,新,1788263936000,09-01 19:58:56,0.017113,0.0188243,0.017113,0.0154017,0
BULLAUSDT,resident,新,1788263938000,09-01 19:58:58,0.017298,0.0190278,0.017298,0.0155682,0
BULLAUSDT,resident,新,1788263945000,09-01 19:59:05,0.017101,0.0188111,0.017101,0.0153909,0
BULLAUSDT,resident,新,1788263958000,09-01 19:59:18,0.0168945,0.01858395,0.0168945,0.01520505,0
BULLAUSDT,resident,新,1788264325000,09-01 20:05:25,0.017106,0.0188166,0.017106,0.0153954,0
BULLAUSDT,resident,新,1788264326000,09-01 20:05:26,0.017336,0.0190696,0.017336,0.0156024,0
BULLAUSDT,resident,新,1788264361000,09-01 20:06:01,0.017158,0.0188738,0.017158,0.0154422,0
BULLAUSDT,resident,新,1788264740000,09-01 20:12:20,0.0173375,0.01907125,0.0173375,0.01560375,0
BULLAUSDT,resident,新,1788264908000,09-01 20:15:08,0.0171525,0.01886775,0.0171525,0.01543725,0
BULLAUSDT,resident,新,1788265524000,09-01 20:25:24,0.017331,0.0190641,0.017331,0.0155979,0
BULLAUSDT,resident,新,1788266894000,09-01 20:48:14,0.017154,0.0188694,0.017154,0.0154386,0
BULLAUSDT,resident,新,1788267740000,09-01 21:02:20,0.017329,0.0190619,0.017329,0.0155961,0
BULLAUSDT,resident,新,1788270958000,09-01 21:55:58,0.0175205,0.01927255,0.0175205,0.01576845,0
BULLAUSDT,resident,新,1788272102000,09-01 22:15:02,0.0173445,0.01907895,0.0173445,0.01561005,0
BULLAUSDT,resident,新,1788276234000,09-01 23:23:54,0.0175215,0.01927365,0.0175215,0.01576935,0
BULLAUSDT,resident,新,1788284741000,09-02 01:45:41,0.0173455,0.01908005,0.0173455,0.01561095,0
BULLAUSDT,resident,新,1788287349000,09-02 02:29:09,0.0175515,0.01930665,0.0175515,0.01579635,0
BULLAUSDT,resident,新,1788291943000,09-02 03:45:43,0.017373,0.0191103,0.017373,0.0156357,0
BULLAUSDT,resident,新,1788304093000,09-02 07:08:13,0.017557,0.0193127,0.017557,0.0158013,0
BULLAUSDT,resident,新,1788307166000,09-02 07:59:26,0.017365,0.0191015,0.017365,0.0156285,0
BULLAUSDT,resident,新,1788307180000,09-02 07:59:40,0.01719,0.018909,0.01719,0.015471,0
BULLAUSDT,resident,新,1788307213000,09-02 08:00:13,0.017381,0.0191191,0.017381,0.0156429,0
BULLAUSDT,resident,新,1788307390000,09-02 08:03:10,0.017594,0.0193534,0.017594,0.0158346,0
BULLAUSDT,resident,新,1788307948000,09-02 08:12:28,0.01741,0.019151,0.01741,0.015669,0
BULLAUSDT,resident,新,1788314081000,09-02 09:54:41,0.017704,0.0194744,0.017704,0.0159336,0
BULLAUSDT,resident,新,1788314094000,09-02 09:54:54,0.017917,0.0197087,0.017917,0.0161253,0
BULLAUSDT,resident,新,1788314315000,09-02 09:58:35,0.018097,0.0199067,0.018097,0.0162873,0
BULLAUSDT,resident,新,1788314329000,09-02 09:58:49,0.017902,0.0196922,0.017902,0.0161118,0
BULLAUSDT,resident,新,1788323422000,09-02 12:30:22,0.0180825,0.01989075,0.0180825,0.01627425,0
BULLAUSDT,resident,新,1788323530000,09-02 12:32:10,0.0178965,0.01968615,0.0178965,0.01610685,0
BULLAUSDT,resident,新,1788325277000,09-02 13:01:17,0.0180955,0.01990505,0.0180955,0.01628595,0
BULLAUSDT,resident,新,1788327301000,09-02 13:35:01,0.018426,0.0202686,0.018426,0.0165834,0
BULLAUSDT,resident,新,1788327302000,09-02 13:35:02,0.0186925,0.02056175,0.0186925,0.01682325,0
BULLAUSDT,resident,新,1788327304000,09-02 13:35:04,0.018885,0.0207735,0.018885,0.0169965,0
BULLAUSDT,resident,新,1788327322000,09-02 13:35:22,0.018683,0.0205513,0.018683,0.0168147,0
BULLAUSDT,resident,新,1788327436000,09-02 13:37:16,0.018875,0.0207625,0.018875,0.0169875,0
BULLAUSDT,resident,新,1788327447000,09-02 13:37:27,0.0190715,0.02097865,0.0190715,0.01716435,0
BULLAUSDT,resident,新,1788327497000,09-02 13:38:17,0.019322,0.0212542,0.019322,0.0173898,0
BULLAUSDT,resident,新,1788327595000,09-02 13:39:55,0.0191285,0.02104135,0.0191285,0.01721565,0
BULLAUSDT,resident,新,1788327612000,09-02 13:40:12,0.0189005,0.02079055,0.0189005,0.01701045,0
BULLAUSDT,resident,新,1788327623000,09-02 13:40:23,0.018666,0.0205326,0.018666,0.0167994,0
BULLAUSDT,resident,新,1788327743000,09-02 13:42:23,0.018854,0.0207394,0.018854,0.0169686,0
BULLAUSDT,resident,新,1788327923000,09-02 13:45:23,0.0186635,0.02052985,0.0186635,0.01679715,0
BULLAUSDT,resident,新,1788328627000,09-02 13:57:07,0.0189275,0.02082025,0.0189275,0.01703475,0
BULLAUSDT,resident,新,1788329166000,09-02 14:06:06,0.019165,0.0210815,0.019165,0.0172485,0
BULLAUSDT,resident,新,1788329471000,09-02 14:11:11,0.018954,0.0208494,0.018954,0.0170586,0
BULLAUSDT,resident,新,1788329486000,09-02 14:11:26,0.019151,0.0210661,0.019151,0.0172359,0
BULLAUSDT,resident,新,1788336207000,09-02 16:03:27,0.0193485,0.02128335,0.0193485,0.01741365,0
BULLAUSDT,resident,新,1788336357000,09-02 16:05:57,0.019547,0.0215017,0.019547,0.0175923,0
BULLAUSDT,resident,新,1788337176000,09-02 16:19:36,0.0197555,0.02173105,0.0197555,0.01777995,0
BULLAUSDT,resident,新,1788337345000,09-02 16:22:25,0.01997,0.021967,0.01997,0.017973,0
BULLAUSDT,resident,新,1788337647000,09-02 16:27:27,0.0197685,0.02174535,0.0197685,0.01779165,0
BULLAUSDT,resident,新,1788337689000,09-02 16:28:09,0.0195385,0.02149235,0.0195385,0.01758465,0
BULLAUSDT,resident,新,1788338043000,09-02 16:34:03,0.019758,0.0217338,0.019758,0.0177822,0
BULLAUSDT,resident,新,1788338480000,09-02 16:41:20,0.01996,0.021956,0.01996,0.017964,0
BULLAUSDT,resident,新,1788339091000,09-02 16:51:31,0.0197545,0.02172995,0.0197545,0.01777905,0
BULLAUSDT,resident,新,1788339216000,09-02 16:53:36,0.0199525,0.02194775,0.0199525,0.01795725,0
BULLAUSDT,resident,新,1788339362000,09-02 16:56:02,0.020155,0.0221705,0.020155,0.0181395,0
BULLAUSDT,resident,新,1788340168000,09-02 17:09:28,0.019942,0.0219362,0.019942,0.0179478,0
BULLAUSDT,resident,新,1788340384000,09-02 17:13:04,0.0201465,0.02216115,0.0201465,0.01813185,0
BULLAUSDT,resident,新,1788341375000,09-02 17:29:35,0.019942,0.0219362,0.019942,0.0179478,0
BULLAUSDT,resident,新,1788341417000,09-02 17:30:17,0.019675,0.0216425,0.019675,0.0177075,0
BULLAUSDT,resident,新,1788341546000,09-02 17:32:26,0.019892,0.0218812,0.019892,0.0179028,0
BULLAUSDT,resident,新,1788341992000,09-02 17:39:52,0.019637,0.0216007,0.019637,0.0176733,0
BULLAUSDT,resident,新,1788342019000,09-02 17:40:19,0.019356,0.0212916,0.019356,0.0174204,0
BULLAUSDT,resident,新,1788342071000,09-02 17:41:11,0.0190225,0.02092475,0.0190225,0.01712025,0
BULLAUSDT,resident,新,1788342079000,09-02 17:41:19,0.0192295,0.02115245,0.0192295,0.01730655,0
BULLAUSDT,resident,新,1788342312000,09-02 17:45:12,0.019425,0.0213675,0.019425,0.0174825,0
BULLAUSDT,resident,新,1788342473000,09-02 17:47:53,0.019634,0.0215974,0.019634,0.0176706,0
BULLAUSDT,resident,新,1788343093000,09-02 17:58:13,0.019419,0.0213609,0.019419,0.0174771,0
BULLAUSDT,resident,新,1788343120000,09-02 17:58:40,0.0191955,0.02111505,0.0191955,0.01727595,0
BULLAUSDT,resident,新,1788343162000,09-02 17:59:22,0.018993,0.0208923,0.018993,0.0170937,0
BULLAUSDT,resident,新,1788343330000,09-02 18:02:10,0.019189,0.0211079,0.019189,0.0172701,0
BULLAUSDT,resident,新,1788347087000,09-02 19:04:47,0.0189965,0.02089615,0.0189965,0.01709685,0
BULLAUSDT,resident,新,1788348028000,09-02 19:20:28,0.0187945,0.02067395,0.0187945,0.01691505,0
BULLAUSDT,resident,新,1788348300000,09-02 19:25:00,0.0191115,0.02102265,0.0191115,0.01720035,0
BULLAUSDT,resident,新,1788348301000,09-02 19:25:01,0.0193225,0.02125475,0.0193225,0.01739025,0
BULLAUSDT,resident,新,1788348373000,09-02 19:26:13,0.0195345,0.02148795,0.0195345,0.01758105,0
BULLAUSDT,resident,新,1788348433000,09-02 19:27:13,0.0197555,0.02173105,0.0197555,0.01777995,0
BULLAUSDT,resident,新,1788348585000,09-02 19:29:45,0.0200495,0.02205445,0.0200495,0.01804455,0
BULLAUSDT,resident,新,1788348623000,09-02 19:30:23,0.0198345,0.02181795,0.0198345,0.01785105,0
BULLAUSDT,resident,新,1788348917000,09-02 19:35:17,0.0196275,0.02159025,0.0196275,0.01766475,0
BULLAUSDT,resident,新,1788349559000,09-02 19:45:59,0.0194215,0.02136365,0.0194215,0.01747935,0
BULLAUSDT,resident,新,1788350175000,09-02 19:56:15,0.019227,0.0211497,0.019227,0.0173043,0
BULLAUSDT,resident,新,1788351237000,09-02 20:13:57,0.0194275,0.02137025,0.0194275,0.01748475,0
BULLAUSDT,resident,新,1788351614000,09-02 20:20:14,0.0192245,0.02114695,0.0192245,0.01730205,0
BULLAUSDT,resident,新,1788352873000,09-02 20:41:13,0.0190275,0.02093025,0.0190275,0.01712475,0
BULLAUSDT,resident,新,1788354945000,09-02 21:15:45,0.019315,0.0212465,0.019315,0.0173835,0
BULLAUSDT,resident,新,1788355039000,09-02 21:17:19,0.0190975,0.02100725,0.0190975,0.01718775,0
BULLAUSDT,resident,新,1788355282000,09-02 21:21:22,0.0193025,0.02123275,0.0193025,0.01737225,0
BULLAUSDT,resident,新,1788355662000,09-02 21:27:42,0.019496,0.0214456,0.019496,0.0175464,0
BULLAUSDT,resident,新,1788355790000,09-02 21:29:50,0.0196915,0.02166065,0.0196915,0.01772235,0
BULLAUSDT,resident,新,1788355834000,09-02 21:30:34,0.01991,0.021901,0.01991,0.017919,0
BULLAUSDT,resident,新,1788355871000,09-02 21:31:11,0.020123,0.0221353,0.020123,0.0181107,0
BULLAUSDT,resident,新,1788355899000,09-02 21:31:39,0.02036,0.022396,0.02036,0.018324,0
BULLAUSDT,resident,新,1788355929000,09-02 21:32:09,0.020131,0.0221441,0.020131,0.0181179,0
BULLAUSDT,resident,新,1788356167000,09-02 21:36:07,0.019921,0.0219131,0.019921,0.0179289,0
BULLAUSDT,resident,新,1788356548000,09-02 21:42:28,0.0197165,0.02168815,0.0197165,0.01774485,0
BULLAUSDT,resident,新,1788357007000,09-02 21:50:07,0.019914,0.0219054,0.019914,0.0179226,0
BULLAUSDT,resident,新,1788357761000,09-02 22:02:41,0.0201375,0.02215125,0.0201375,0.01812375,0
BULLAUSDT,resident,新,1788357766000,09-02 22:02:46,0.0203415,0.02237565,0.0203415,0.01830735,0
BULLAUSDT,resident,新,1788358209000,09-02 22:10:09,0.0201325,0.02214575,0.0201325,0.01811925,0
BULLAUSDT,resident,新,1788358416000,09-02 22:13:36,0.0203395,0.02237345,0.0203395,0.01830555,0
BULLAUSDT,resident,新,1788359347000,09-02 22:29:07,0.0205535,0.02260885,0.0205535,0.01849815,0
BULLAUSDT,resident,新,1788360154000,09-02 22:42:34,0.02032,0.022352,0.02032,0.018288,0
BULLAUSDT,resident,新,1788360283000,09-02 22:44:43,0.0205255,0.02257805,0.0205255,0.01847295,0
BULLAUSDT,resident,新,1788361288000,09-02 23:01:28,0.020733,0.0228063,0.020733,0.0186597,0
BULLAUSDT,resident,新,1788361671000,09-02 23:07:51,0.020523,0.0225753,0.020523,0.0184707,0
BULLAUSDT,resident,新,1788362037000,09-02 23:13:57,0.0207325,0.02280575,0.0207325,0.01865925,0
BULLAUSDT,resident,新,1788362123000,09-02 23:15:23,0.020518,0.0225698,0.020518,0.0184662,0
BULLAUSDT,resident,新,1788362328000,09-02 23:18:48,0.020768,0.0228448,0.020768,0.0186912,0
BULLAUSDT,resident,新,1788362753000,09-02 23:25:53,0.02098,0.023078,0.02098,0.018882,0
BULLAUSDT,resident,新,1788363642000,09-02 23:40:42,0.021207,0.0233277,0.021207,0.0190863,0
BULLAUSDT,resident,新,1788364471000,09-02 23:54:31,0.02143,0.023573,0.02143,0.019287,0
BULLAUSDT,resident,新,1788364499000,09-02 23:54:59,0.021671,0.0238381,0.021671,0.0195039,0
BULLAUSDT,resident,新,1788364562000,09-02 23:56:02,0.0218935,0.02408285,0.0218935,0.01970415,0
BULLAUSDT,resident,新,1788364577000,09-02 23:56:17,0.021653,0.0238183,0.021653,0.0194877,0
BULLAUSDT,resident,新,1788364582000,09-02 23:56:22,0.021434,0.0235774,0.021434,0.0192906,0
BULLAUSDT,resident,新,1788364691000,09-02 23:58:11,0.021661,0.0238271,0.021661,0.0194949,0
BULLAUSDT,resident,新,1788364826000,09-03 00:00:26,0.021905,0.0240955,0.021905,0.0197145,0
BULLAUSDT,resident,新,1788364993000,09-03 00:03:13,0.0216775,0.02384525,0.0216775,0.01950975,0
BULLAUSDT,resident,新,1788365219000,09-03 00:06:59,0.021906,0.0240966,0.021906,0.0197154,0
BULLAUSDT,resident,新,1788365231000,09-03 00:07:11,0.0221255,0.02433805,0.0221255,0.01991295,0
BULLAUSDT,resident,新,1788365238000,09-03 00:07:18,0.022351,0.0245861,0.022351,0.0201159,0
BULLAUSDT,resident,新,1788365341000,09-03 00:09:01,0.02267,0.024937,0.02267,0.020403,0
BULLAUSDT,resident,新,1788365344000,09-03 00:09:04,0.022924,0.0252164,0.022924,0.0206316,0
BULLAUSDT,resident,新,1788365346000,09-03 00:09:06,0.0232485,0.02557335,0.0232485,0.02092365,0
BULLAUSDT,resident,新,1788365372000,09-03 00:09:32,0.023481,0.0258291,0.023481,0.0211329,0
BULLAUSDT,resident,新,1788365440000,09-03 00:10:40,0.023226,0.0255486,0.023226,0.0209034,0
BULLAUSDT,resident,新,1788365633000,09-03 00:13:53,0.022979,0.0252769,0.022979,0.0206811,0
BULLAUSDT,resident,新,1788366035000,09-03 00:20:35,0.022742,0.0250162,0.022742,0.0204678,0
BULLAUSDT,resident,新,1788366160000,09-03 00:22:40,0.022977,0.0252747,0.022977,0.0206793,0
BULLAUSDT,resident,新,1788366201000,09-03 00:23:21,0.02321,0.025531,0.02321,0.020889,0
BULLAUSDT,resident,新,1788366564000,09-03 00:29:24,0.022976,0.0252736,0.022976,0.0206784,0
BULLAUSDT,resident,新,1788366623000,09-03 00:30:23,0.0233095,0.02564045,0.0233095,0.02097855,0
BULLAUSDT,resident,新,1788366665000,09-03 00:31:05,0.023074,0.0253814,0.023074,0.0207666,0
BULLAUSDT,resident,新,1788366666000,09-03 00:31:06,0.022707,0.0249777,0.022707,0.0204363,0
BULLAUSDT,resident,新,1788366667000,09-03 00:31:07,0.022432,0.0246752,0.022432,0.0201888,0
BULLAUSDT,resident,新,1788366674000,09-03 00:31:14,0.022135,0.0243485,0.022135,0.0199215,0
BULLAUSDT,resident,新,1788366678000,09-03 00:31:18,0.021874,0.0240614,0.021874,0.0196866,0
BULLAUSDT,resident,新,1788366683000,09-03 00:31:23,0.0221125,0.02432375,0.0221125,0.01990125,0
BULLAUSDT,resident,新,1788366684000,09-03 00:31:24,0.022456,0.0247016,0.022456,0.0202104,0
BULLAUSDT,resident,新,1788366878000,09-03 00:34:38,0.022681,0.0249491,0.022681,0.0204129,0
BULLAUSDT,resident,新,1788366927000,09-03 00:35:27,0.022412,0.0246532,0.022412,0.0201708,0
BULLAUSDT,resident,新,1788366938000,09-03 00:35:38,0.02268,0.024948,0.02268,0.020412,0
BULLAUSDT,resident,新,1788366951000,09-03 00:35:51,0.0224485,0.02469335,0.0224485,0.02020365,0
BULLAUSDT,resident,新,1788367332000,09-03 00:42:12,0.0222085,0.02442935,0.0222085,0.01998765,0
BULLAUSDT,resident,新,1788367417000,09-03 00:43:37,0.0224455,0.02469005,0.0224455,0.02020095,0
BULLAUSDT,resident,新,1788367497000,09-03 00:44:57,0.0227005,0.02497055,0.0227005,0.02043045,0
BULLAUSDT,resident,新,1788367549000,09-03 00:45:49,0.0224395,0.02468345,0.0224395,0.02019555,0
BULLAUSDT,resident,新,1788367596000,09-03 00:46:36,0.0221605,0.02437655,0.0221605,0.01994445,0
BULLAUSDT,resident,新,1788367743000,09-03 00:49:03,0.0224055,0.02464605,0.0224055,0.02016495,0
BULLAUSDT,resident,新,1788368232000,09-03 00:57:12,0.022631,0.0248941,0.022631,0.0203679,0
BULLAUSDT,resident,新,1788368597000,09-03 01:03:17,0.02286,0.025146,0.02286,0.020574,0
BULLAUSDT,resident,新,1788370824000,09-03 01:40:24,0.023096,0.0254056,0.023096,0.0207864,0
BULLAUSDT,resident,新,1788371129000,09-03 01:45:29,0.022851,0.0251361,0.022851,0.0205659,0
BULLAUSDT,resident,新,1788371320000,09-03 01:48:40,0.023083,0.0253913,0.023083,0.0207747,0
BULLAUSDT,resident,新,1788371541000,09-03 01:52:21,0.022839,0.0251229,0.022839,0.0205551,0
BULLAUSDT,resident,新,1788371721000,09-03 01:55:21,0.0226,0.02486,0.0226,0.02034,0
BULLAUSDT,resident,新,1788372416000,09-03 02:06:56,0.022904,0.0251944,0.022904,0.0206136,0
BULLAUSDT,resident,新,1788372606000,09-03 02:10:06,0.023162,0.0254782,0.023162,0.0208458,0
BULLAUSDT,resident,新,1788373079000,09-03 02:17:59,0.0234,0.02574,0.0234,0.02106,0
BULLAUSDT,resident,新,1788373277000,09-03 02:21:17,0.023679,0.0260469,0.023679,0.0213111,0
BULLAUSDT,resident,新,1788373305000,09-03 02:21:45,0.0234375,0.02578125,0.0234375,0.02109375,0
BULLAUSDT,resident,新,1788374258000,09-03 02:37:38,0.0236755,0.02604305,0.0236755,0.02130795,0
BULLAUSDT,resident,新,1788375131000,09-03 02:52:11,0.02393,0.026323,0.02393,0.021537,0
BULLAUSDT,resident,新,1788375219000,09-03 02:53:39,0.0241795,0.02659745,0.0241795,0.02176155,0
BULLAUSDT,resident,新,1788375366000,09-03 02:56:06,0.0244355,0.02687905,0.0244355,0.02199195,0
BULLAUSDT,resident,新,1788375512000,09-03 02:58:32,0.0241805,0.02659855,0.0241805,0.02176245,0
BULLAUSDT,resident,新,1788375552000,09-03 02:59:12,0.0244225,0.02686475,0.0244225,0.02198025,0
BULLAUSDT,resident,新,1788375850000,09-03 03:04:10,0.0241645,0.02658095,0.0241645,0.02174805,0
BULLAUSDT,resident,新,1788376031000,09-03 03:07:11,0.0239145,0.02630595,0.0239145,0.02152305,0
BULLAUSDT,resident,新,1788376799000,09-03 03:19:59,0.024154,0.0265694,0.024154,0.0217386,0
BULLAUSDT,resident,新,1788377046000,09-03 03:24:06,0.024396,0.0268356,0.024396,0.0219564,0
BULLAUSDT,resident,新,1788377609000,09-03 03:33:29,0.024147,0.0265617,0.024147,0.0217323,0
BULLAUSDT,resident,新,1788377669000,09-03 03:34:29,0.024391,0.0268301,0.024391,0.0219519,0
BULLAUSDT,resident,新,1788378299000,09-03 03:44:59,0.024642,0.0271062,0.024642,0.0221778,0
BULLAUSDT,resident,新,1788378708000,09-03 03:51:48,0.0249095,0.02740045,0.0249095,0.02241855,0
BULLAUSDT,resident,新,1788378841000,09-03 03:54:01,0.0251675,0.02768425,0.0251675,0.02265075,0
BULLAUSDT,resident,新,1788378855000,09-03 03:54:15,0.0254265,0.02796915,0.0254265,0.02288385,0
BULLAUSDT,resident,新,1788379095000,09-03 03:58:15,0.0256955,0.02826505,0.0256955,0.02312595,0
BULLAUSDT,resident,新,1788379278000,09-03 04:01:18,0.026004,0.0286044,0.026004,0.0234036,0
BULLAUSDT,resident,新,1788379339000,09-03 04:02:19,0.025714,0.0282854,0.025714,0.0231426,0
BULLAUSDT,resident,新,1788379377000,09-03 04:02:57,0.0254015,0.02794165,0.0254015,0.02286135,0
BULLAUSDT,resident,新,1788379385000,09-03 04:03:05,0.025073,0.0275803,0.025073,0.0225657,0
BULLAUSDT,resident,新,1788379411000,09-03 04:03:31,0.0248095,0.02729045,0.0248095,0.02232855,0
BULLAUSDT,resident,新,1788379423000,09-03 04:03:43,0.0244675,0.02691425,0.0244675,0.02202075,0
BULLAUSDT,resident,新,1788379461000,09-03 04:04:21,0.024214,0.0266354,0.024214,0.0217926,0
BULLAUSDT,resident,新,1788379488000,09-03 04:04:48,0.024474,0.0269214,0.024474,0.0220266,0
BULLAUSDT,resident,新,1788379518000,09-03 04:05:18,0.0247525,0.02722775,0.0247525,0.02227725,0
BULLAUSDT,resident,新,1788379528000,09-03 04:05:28,0.0250905,0.02759955,0.0250905,0.02258145,0
BULLAUSDT,resident,新,1788379656000,09-03 04:07:36,0.025372,0.0279092,0.025372,0.0228348,0
BULLAUSDT,resident,新,1788379718000,09-03 04:08:38,0.025096,0.0276056,0.025096,0.0225864,0
BULLAUSDT,resident,新,1788379730000,09-03 04:08:50,0.0248245,0.02730695,0.0248245,0.02234205,0
BULLAUSDT,resident,新,1788379739000,09-03 04:08:59,0.0251385,0.02765235,0.0251385,0.02262465,0
BULLAUSDT,resident,新,1788379748000,09-03 04:09:08,0.024874,0.0273614,0.024874,0.0223866,0
BULLAUSDT,resident,新,1788379926000,09-03 04:12:06,0.025153,0.0276683,0.025153,0.0226377,0
BULLAUSDT,resident,新,1788380296000,09-03 04:18:16,0.0254335,0.02797685,0.0254335,0.02289015,0
BULLAUSDT,resident,新,1788380440000,09-03 04:20:40,0.025699,0.0282689,0.025699,0.0231291,0
BULLAUSDT,resident,新,1788380596000,09-03 04:23:16,0.0254225,0.02796475,0.0254225,0.02288025,0
BULLAUSDT,resident,新,1788380604000,09-03 04:23:24,0.0251265,0.02763915,0.0251265,0.02261385,0
BULLAUSDT,resident,新,1788380727000,09-03 04:25:27,0.024859,0.0273449,0.024859,0.0223731,0
BULLAUSDT,resident,新,1788380893000,09-03 04:28:13,0.025108,0.0276188,0.025108,0.0225972,0
BULLAUSDT,resident,新,1788380968000,09-03 04:29:28,0.025367,0.0279037,0.025367,0.0228303,0
BULLAUSDT,resident,新,1788381163000,09-03 04:32:43,0.025096,0.0276056,0.025096,0.0225864,0
BULLAUSDT,resident,新,1788381441000,09-03 04:37:21,0.025357,0.0278927,0.025357,0.0228213,0
BULLAUSDT,resident,新,1788381473000,09-03 04:37:53,0.0256215,0.02818365,0.0256215,0.02305935,0
BULLAUSDT,resident,新,1788381576000,09-03 04:39:36,0.0253625,0.02789875,0.0253625,0.02282625,0
BULLAUSDT,resident,新,1788381728000,09-03 04:42:08,0.0256575,0.02822325,0.0256575,0.02309175,0
BULLAUSDT,resident,新,1788382346000,09-03 04:52:26,0.0259195,0.02851145,0.0259195,0.02332755,0
BULLAUSDT,resident,新,1788382408000,09-03 04:53:28,0.0256535,0.02821885,0.0256535,0.02308815,0
BULLAUSDT,resident,新,1788382757000,09-03 04:59:17,0.0253735,0.02791085,0.0253735,0.02283615,0
BULLAUSDT,resident,新,1788382771000,09-03 04:59:31,0.0251005,0.02761055,0.0251005,0.02259045,0
BULLAUSDT,resident,新,1788382873000,09-03 05:01:13,0.0253995,0.02793945,0.0253995,0.02285955,0
BULLAUSDT,resident,新,1788383192000,09-03 05:06:32,0.0256585,0.02822435,0.0256585,0.02309265,0
BULLAUSDT,resident,新,1788383735000,09-03 05:15:35,0.0259285,0.02852135,0.0259285,0.02333565,0
BULLAUSDT,resident,新,1788383822000,09-03 05:17:02,0.026279,0.0289069,0.026279,0.0236511,0
BULLAUSDT,resident,新,1788384080000,09-03 05:21:20,0.026565,0.0292215,0.026565,0.0239085,0
BULLAUSDT,resident,新,1788384549000,09-03 05:29:09,0.026835,0.0295185,0.026835,0.0241515,0
BULLAUSDT,resident,新,1788384607000,09-03 05:30:07,0.0271655,0.02988205,0.0271655,0.02444895,0
BULLAUSDT,resident,新,1788384645000,09-03 05:30:45,0.026885,0.0295735,0.026885,0.0241965,0
BULLAUSDT,resident,新,1788384667000,09-03 05:31:07,0.026577,0.0292347,0.026577,0.0239193,0
BULLAUSDT,resident,新,1788384718000,09-03 05:31:58,0.026922,0.0296142,0.026922,0.0242298,0
BULLAUSDT,resident,新,1788384856000,09-03 05:34:16,0.0271935,0.02991285,0.0271935,0.02447415,0
BULLAUSDT,resident,新,1788385061000,09-03 05:37:41,0.0274665,0.03021315,0.0274665,0.02471985,0
BULLAUSDT,resident,新,1788385227000,09-03 05:40:27,0.027772,0.0305492,0.027772,0.0249948,0
BULLAUSDT,resident,新,1788385230000,09-03 05:40:30,0.0281015,0.03091165,0.0281015,0.02529135,0
BULLAUSDT,resident,新,1788385278000,09-03 05:41:18,0.0277185,0.03049035,0.0277185,0.02494665,0
BULLAUSDT,resident,新,1788385375000,09-03 05:42:55,0.027999,0.0307989,0.027999,0.0251991,0
BULLAUSDT,resident,新,1788385391000,09-03 05:43:11,0.0283525,0.03118775,0.0283525,0.02551725,0
BULLAUSDT,resident,新,1788385403000,09-03 05:43:23,0.028034,0.0308374,0.028034,0.0252306,0
BULLAUSDT,resident,新,1788385443000,09-03 05:44:03,0.028393,0.0312323,0.028393,0.0255537,0
BULLAUSDT,resident,新,1788385445000,09-03 05:44:05,0.028677,0.0315447,0.028677,0.0258093,0
BULLAUSDT,resident,新,1788385454000,09-03 05:44:14,0.029112,0.0320232,0.029112,0.0262008,0
BULLAUSDT,resident,新,1788385456000,09-03 05:44:16,0.0294195,0.03236145,0.0294195,0.02647755,0
BULLAUSDT,resident,新,1788385460000,09-03 05:44:20,0.0283775,0.03121525,0.0283775,0.02553975,0
BULLAUSDT,resident,新,1788385463000,09-03 05:44:23,0.029043,0.0319473,0.029043,0.0261387,0
BULLAUSDT,resident,新,1788385485000,09-03 05:44:45,0.028676,0.0315436,0.028676,0.0258084,0
BULLAUSDT,resident,新,1788385493000,09-03 05:44:53,0.028226,0.0310486,0.028226,0.0254034,0
BULLAUSDT,resident,新,1788385496000,09-03 05:44:56,0.0278885,0.03067735,0.0278885,0.02509965,0
BULLAUSDT,resident,新,1788385519000,09-03 05:45:19,0.0272435,0.02996785,0.0272435,0.02451915,0
BULLAUSDT,resident,新,1788385524000,09-03 05:45:24,0.0277155,0.03048705,0.0277155,0.02494395,0
BULLAUSDT,resident,新,1788385528000,09-03 05:45:28,0.028056,0.0308616,0.028056,0.0252504,0
BULLAUSDT,resident,新,1788385539000,09-03 05:45:39,0.0283385,0.03117235,0.0283385,0.02550465,0
BULLAUSDT,resident,新,1788385543000,09-03 05:45:43,0.028705,0.0315755,0.028705,0.0258345,0
BULLAUSDT,resident,新,1788385558000,09-03 05:45:58,0.0291775,0.03209525,0.0291775,0.02625975,0
BULLAUSDT,resident,新,1788385559000,09-03 05:45:59,0.029597,0.0325567,0.029597,0.0266373,0
BULLAUSDT,resident,新,1788385563000,09-03 05:46:03,0.0292655,0.03219205,0.0292655,0.02633895,0
BULLAUSDT,resident,新,1788385568000,09-03 05:46:08,0.0289685,0.03186535,0.0289685,0.02607165,0
BULLAUSDT,resident,新,1788385572000,09-03 05:46:12,0.0293885,0.03232735,0.0293885,0.02644965,0
BULLAUSDT,resident,新,1788385585000,09-03 05:46:25,0.0286725,0.03153975,0.0286725,0.02580525,0
BULLAUSDT,resident,新,1788385588000,09-03 05:46:28,0.029204,0.0321244,0.029204,0.0262836,0
BULLAUSDT,resident,新,1788385590000,09-03 05:46:30,0.029552,0.0325072,0.029552,0.0265968,0
BULLAUSDT,resident,新,1788385593000,09-03 05:46:33,0.0298595,0.03284545,0.0298595,0.02687355,0
BULLAUSDT,resident,新,1788385603000,09-03 05:46:43,0.029489,0.0324379,0.029489,0.0265401,0
BULLAUSDT,resident,新,1788385608000,09-03 05:46:48,0.0291875,0.03210625,0.0291875,0.02626875,0
BULLAUSDT,resident,新,1788385659000,09-03 05:47:39,0.0288935,0.03178285,0.0288935,0.02600415,0
BULLAUSDT,resident,新,1788385663000,09-03 05:47:43,0.028514,0.0313654,0.028514,0.0256626,0
BULLAUSDT,resident,新,1788385683000,09-03 05:48:03,0.0288105,0.03169155,0.0288105,0.02592945,0
BULLAUSDT,resident,新,1788385710000,09-03 05:48:30,0.0291325,0.03204575,0.0291325,0.02621925,0
BULLAUSDT,resident,新,1788385728000,09-03 05:48:48,0.029424,0.0323664,0.029424,0.0264816,0
BULLAUSDT,resident,新,1788385793000,09-03 05:49:53,0.0298105,0.03279155,0.0298105,0.02682945,0
BULLAUSDT,resident,新,1788385804000,09-03 05:50:04,0.0302055,0.03322605,0.0302055,0.02718495,0
BULLAUSDT,resident,新,1788385815000,09-03 05:50:15,0.029753,0.0327283,0.029753,0.0267777,0
BULLAUSDT,resident,新,1788385818000,09-03 05:50:18,0.0293675,0.03230425,0.0293675,0.02643075,0
BULLAUSDT,resident,新,1788385819000,09-03 05:50:19,0.0290515,0.03195665,0.0290515,0.02614635,0
BULLAUSDT,resident,新,1788385826000,09-03 05:50:26,0.028736,0.0316096,0.028736,0.0258624,0
BULLAUSDT,resident,新,1788385829000,09-03 05:50:29,0.0290555,0.03196105,0.0290555,0.02614995,0
BULLAUSDT,resident,新,1788385837000,09-03 05:50:37,0.0287425,0.03161675,0.0287425,0.02586825,0
BULLAUSDT,resident,新,1788385845000,09-03 05:50:45,0.028301,0.0311311,0.028301,0.0254709,0
BULLAUSDT,resident,新,1788385849000,09-03 05:50:49,0.027534,0.0302874,0.027534,0.0247806,0
BULLAUSDT,resident,新,1788385850000,09-03 05:50:50,0.0271475,0.02986225,0.0271475,0.02443275,0
BULLAUSDT,resident,新,1788385851000,09-03 05:50:51,0.026822,0.0295042,0.026822,0.0241398,0
BULLAUSDT,resident,新,1788385860000,09-03 05:51:00,0.0261125,0.02872375,0.0261125,0.02350125,0
BULLAUSDT,resident,新,1788385861000,09-03 05:51:01,0.025691,0.0282601,0.025691,0.0231219,0
BULLAUSDT,resident,新,1788385865000,09-03 05:51:05,0.026256,0.0288816,0.026256,0.0236304,0
BULLAUSDT,resident,新,1788385866000,09-03 05:51:06,0.026588,0.0292468,0.026588,0.0239292,0
BULLAUSDT,resident,新,1788385869000,09-03 05:51:09,0.0262975,0.02892725,0.0262975,0.02366775,0
BULLAUSDT,resident,新,1788385881000,09-03 05:51:21,0.0266235,0.02928585,0.0266235,0.02396115,0
BULLAUSDT,resident,新,1788385898000,09-03 05:51:38,0.026954,0.0296494,0.026954,0.0242586,0
BULLAUSDT,resident,新,1788386007000,09-03 05:53:27,0.0272595,0.02998545,0.0272595,0.02453355,0
BULLAUSDT,resident,新,1788386021000,09-03 05:53:41,0.027537,0.0302907,0.027537,0.0247833,0
BULLAUSDT,resident,新,1788386049000,09-03 05:54:09,0.02722,0.029942,0.02722,0.024498,0
BULLAUSDT,resident,新,1788386088000,09-03 05:54:48,0.027506,0.0302566,0.027506,0.0247554,0
BULLAUSDT,resident,新,1788386114000,09-03 05:55:14,0.027173,0.0298903,0.027173,0.0244557,0
BULLAUSDT,resident,新,1788386126000,09-03 05:55:26,0.02687,0.029557,0.02687,0.024183,0
BULLAUSDT,resident,新,1788386149000,09-03 05:55:49,0.0271765,0.02989415,0.0271765,0.02445885,0
BULLAUSDT,resident,新,1788386214000,09-03 05:56:54,0.0267515,0.02942665,0.0267515,0.02407635,0
BULLAUSDT,resident,新,1788386225000,09-03 05:57:05,0.0264745,0.02912195,0.0264745,0.02382705,0
BULLAUSDT,resident,新,1788386261000,09-03 05:57:41,0.02612,0.028732,0.02612,0.023508,0
BULLAUSDT,resident,新,1788386281000,09-03 05:58:01,0.026399,0.0290389,0.026399,0.0237591,0
BULLAUSDT,resident,新,1788386351000,09-03 05:59:11,0.02607,0.028677,0.02607,0.023463,0
BULLAUSDT,resident,新,1788386459000,09-03 06:00:59,0.0257835,0.02836185,0.0257835,0.02320515,0
BULLAUSDT,resident,新,1788386470000,09-03 06:01:10,0.0253915,0.02793065,0.0253915,0.02285235,0
BULLAUSDT,resident,新,1788386485000,09-03 06:01:25,0.025726,0.0282986,0.025726,0.0231534,0
BULLAUSDT,resident,新,1788386495000,09-03 06:01:35,0.0259995,0.02859945,0.0259995,0.02339955,0
BULLAUSDT,resident,新,1788386517000,09-03 06:01:57,0.02626,0.028886,0.02626,0.023634,0
BULLAUSDT,resident,新,1788386582000,09-03 06:03:02,0.026537,0.0291907,0.026537,0.0238833,0
BULLAUSDT,resident,新,1788386607000,09-03 06:03:27,0.0268435,0.02952785,0.0268435,0.02415915,0
BULLAUSDT,resident,新,1788386631000,09-03 06:03:51,0.0265355,0.02918905,0.0265355,0.02388195,0
BULLAUSDT,resident,新,1788386698000,09-03 06:04:58,0.0262675,0.02889425,0.0262675,0.02364075,0
BULLAUSDT,resident,新,1788386770000,09-03 06:06:10,0.0265575,0.02921325,0.0265575,0.02390175,0
BULLAUSDT,resident,新,1788386792000,09-03 06:06:32,0.0268535,0.02953885,0.0268535,0.02416815,0
BULLAUSDT,resident,新,1788386828000,09-03 06:07:08,0.0271485,0.02986335,0.0271485,0.02443365,0
BULLAUSDT,resident,新,1788386841000,09-03 06:07:21,0.027464,0.0302104,0.027464,0.0247176,0
BULLAUSDT,resident,新,1788386968000,09-03 06:09:28,0.027174,0.0298914,0.027174,0.0244566,0
BULLAUSDT,resident,新,1788387126000,09-03 06:12:06,0.0269005,0.02959055,0.0269005,0.02421045,0
BULLAUSDT,resident,新,1788387203000,09-03 06:13:23,0.026488,0.0291368,0.026488,0.0238392,0
BULLAUSDT,resident,新,1788387212000,09-03 06:13:32,0.026223,0.0288453,0.026223,0.0236007,0
BULLAUSDT,resident,新,1788387216000,09-03 06:13:36,0.0259305,0.02852355,0.0259305,0.02333745,0
BULLAUSDT,resident,新,1788387220000,09-03 06:13:40,0.025565,0.0281215,0.025565,0.0230085,0
BULLAUSDT,resident,新,1788387237000,09-03 06:13:57,0.0251785,0.02769635,0.0251785,0.02266065,0
BULLAUSDT,resident,新,1788387298000,09-03 06:14:58,0.024743,0.0272173,0.024743,0.0222687,0
BULLAUSDT,resident,新,1788387304000,09-03 06:15:04,0.024435,0.0268785,0.024435,0.0219915,0
BULLAUSDT,resident,新,1788387313000,09-03 06:15:13,0.0246965,0.02716615,0.0246965,0.02222685,0
BULLAUSDT,resident,新,1788387373000,09-03 06:16:13,0.0249475,0.02744225,0.0249475,0.02245275,0
BULLAUSDT,resident,新,1788387486000,09-03 06:18:06,0.0246555,0.02712105,0.0246555,0.02218995,0
BULLAUSDT,resident,新,1788387499000,09-03 06:18:19,0.0243575,0.02679325,0.0243575,0.02192175,0
BULLAUSDT,resident,新,1788387514000,09-03 06:18:34,0.0237925,0.02617175,0.0237925,0.02141325,0
BULLAUSDT,resident,新,1788387516000,09-03 06:18:36,0.0235125,0.02586375,0.0235125,0.02116125,0
BULLAUSDT,resident,新,1788387517000,09-03 06:18:37,0.0230835,0.02539185,0.0230835,0.02077515,0
BULLAUSDT,resident,新,1788387522000,09-03 06:18:42,0.0227145,0.02498595,0.0227145,0.02044305,0
BULLAUSDT,resident,新,1788387525000,09-03 06:18:45,0.0231115,0.02542265,0.0231115,0.02080035,0
BULLAUSDT,resident,新,1788387531000,09-03 06:18:51,0.0228715,0.02515865,0.0228715,0.02058435,0
BULLAUSDT,resident,新,1788387536000,09-03 06:18:56,0.0225325,0.02478575,0.0225325,0.02027925,0
BULLAUSDT,resident,新,1788387537000,09-03 06:18:57,0.022259,0.0244849,0.022259,0.0200331,0
BULLAUSDT,resident,新,1788387543000,09-03 06:19:03,0.0226065,0.02486715,0.0226065,0.02034585,0
BULLAUSDT,resident,新,1788387553000,09-03 06:19:13,0.022848,0.0251328,0.022848,0.0205632,0
BULLAUSDT,resident,新,1788387564000,09-03 06:19:24,0.0225515,0.02480665,0.0225515,0.02029635,0
BULLAUSDT,resident,新,1788387569000,09-03 06:19:29,0.022306,0.0245366,0.022306,0.0200754,0
BULLAUSDT,resident,新,1788387581000,09-03 06:19:41,0.022048,0.0242528,0.022048,0.0198432,0
BULLAUSDT,resident,新,1788387584000,09-03 06:19:44,0.0217,0.02387,0.0217,0.01953,0
BULLAUSDT,resident,新,1788387611000,09-03 06:20:11,0.021476,0.0236236,0.021476,0.0193284,0
BULLAUSDT,resident,新,1788387633000,09-03 06:20:33,0.021724,0.0238964,0.021724,0.0195516,0
BULLAUSDT,resident,新,1788387635000,09-03 06:20:35,0.02198,0.024178,0.02198,0.019782,0
BULLAUSDT,resident,新,1788387646000,09-03 06:20:46,0.021724,0.0238964,0.021724,0.0195516,0
BULLAUSDT,resident,新,1788387664000,09-03 06:21:04,0.0214055,0.02354605,0.0214055,0.01926495,0
BULLAUSDT,resident,新,1788387696000,09-03 06:21:36,0.0216565,0.02382215,0.0216565,0.01949085,0
BULLAUSDT,resident,新,1788387763000,09-03 06:22:43,0.0213935,0.02353285,0.0213935,0.01925415,0
BULLAUSDT,resident,新,1788387778000,09-03 06:22:58,0.02162,0.023782,0.02162,0.019458,0
BULLAUSDT,resident,新,1788387835000,09-03 06:23:55,0.0213315,0.02346465,0.0213315,0.01919835,0
BULLAUSDT,resident,新,1788387844000,09-03 06:24:04,0.0209155,0.02300705,0.0209155,0.01882395,0
BULLAUSDT,resident,新,1788387853000,09-03 06:24:13,0.0206605,0.02272655,0.0206605,0.01859445,0
BULLAUSDT,resident,新,1788387854000,09-03 06:24:14,0.020445,0.0224895,0.020445,0.0184005,0
BULLAUSDT,resident,新,1788387860000,09-03 06:24:20,0.020666,0.0227326,0.020666,0.0185994,0
BULLAUSDT,resident,新,1788387876000,09-03 06:24:36,0.0209445,0.02303895,0.0209445,0.01885005,0
BULLAUSDT,resident,新,1788387894000,09-03 06:24:54,0.0211575,0.02327325,0.0211575,0.01904175,0
BULLAUSDT,resident,新,1788387902000,09-03 06:25:02,0.020906,0.0229966,0.020906,0.0188154,0
BULLAUSDT,resident,新,1788387931000,09-03 06:25:31,0.021145,0.0232595,0.021145,0.0190305,0
BULLAUSDT,resident,新,1788387970000,09-03 06:26:10,0.0208535,0.02293885,0.0208535,0.01876815,0
BULLAUSDT,resident,新,1788387979000,09-03 06:26:19,0.0206365,0.02270015,0.0206365,0.01857285,0
BULLAUSDT,resident,新,1788387980000,09-03 06:26:20,0.020394,0.0224334,0.020394,0.0183546,0
BULLAUSDT,resident,新,1788387987000,09-03 06:26:27,0.0199575,0.02195325,0.0199575,0.01796175,0
BULLAUSDT,resident,新,1788387991000,09-03 06:26:31,0.0196945,0.02166395,0.0196945,0.01772505,0
BULLAUSDT,resident,新,1788388003000,09-03 06:26:43,0.019368,0.0213048,0.019368,0.0174312,0
BULLAUSDT,resident,新,1788388004000,09-03 06:26:44,0.019035,0.0209385,0.019035,0.0171315,0
BULLAUSDT,resident,新,1788388006000,09-03 06:26:46,0.019257,0.0211827,0.019257,0.0173313,0
BULLAUSDT,resident,新,1788388008000,09-03 06:26:48,0.019488,0.0214368,0.019488,0.0175392,0
BULLAUSDT,resident,新,1788388043000,09-03 06:27:23,0.019706,0.0216766,0.019706,0.0177354,0
BULLAUSDT,resident,新,1788388049000,09-03 06:27:29,0.0199085,0.02189935,0.0199085,0.01791765,0
BULLAUSDT,resident,新,1788388115000,09-03 06:28:35,0.019311,0.0212421,0.019311,0.0173799,0
BULLAUSDT,resident,新,1788388116000,09-03 06:28:36,0.019017,0.0209187,0.019017,0.0171153,0
BULLAUSDT,resident,新,1788388117000,09-03 06:28:37,0.0186185,0.02048035,0.0186185,0.01675665,0
BULLAUSDT,resident,新,1788388120000,09-03 06:28:40,0.0189375,0.02083125,0.0189375,0.01704375,0
BULLAUSDT,resident,新,1788388122000,09-03 06:28:42,0.01919,0.021109,0.01919,0.017271,0
BULLAUSDT,resident,新,1788388139000,09-03 06:28:59,0.0194125,0.02135375,0.0194125,0.01747125,0
BULLAUSDT,resident,新,1788388145000,09-03 06:29:05,0.0196385,0.02160235,0.0196385,0.01767465,0
BULLAUSDT,resident,新,1788388252000,09-03 06:30:52,0.019848,0.0218328,0.019848,0.0178632,0
BULLAUSDT,resident,新,1788388301000,09-03 06:31:41,0.019647,0.0216117,0.019647,0.0176823,0
BULLAUSDT,resident,新,1788388307000,09-03 06:31:47,0.019937,0.0219307,0.019937,0.0179433,0
BULLAUSDT,resident,新,1788388415000,09-03 06:33:35,0.0197185,0.02169035,0.0197185,0.01774665,0
BULLAUSDT,resident,新,1788388509000,09-03 06:35:09,0.019939,0.0219329,0.019939,0.0179451,0
BULLAUSDT,resident,新,1788388690000,09-03 06:38:10,0.0197245,0.02169695,0.0197245,0.01775205,0
BULLAUSDT,resident,新,1788388753000,09-03 06:39:13,0.019925,0.0219175,0.019925,0.0179325,0
BULLAUSDT,resident,新,1788389101000,09-03 06:45:01,0.019718,0.0216898,0.019718,0.0177462,0
BULLAUSDT,resident,新,1788389109000,09-03 06:45:09,0.019916,0.0219076,0.019916,0.0179244,0
BULLAUSDT,resident,新,1788389792000,09-03 06:56:32,0.020145,0.0221595,0.020145,0.0181305,0
BULLAUSDT,resident,新,1788389801000,09-03 06:56:41,0.020419,0.0224609,0.020419,0.0183771,0
BULLAUSDT,resident,新,1788389856000,09-03 06:57:36,0.0206325,0.02269575,0.0206325,0.01856925,0
BULLAUSDT,resident,新,1788389904000,09-03 06:58:24,0.02039,0.022429,0.02039,0.018351,0
BULLAUSDT,resident,新,1788389921000,09-03 06:58:41,0.0205955,0.02265505,0.0205955,0.01853595,0
BULLAUSDT,resident,新,1788390011000,09-03 07:00:11,0.020384,0.0224224,0.020384,0.0183456,0
BULLAUSDT,resident,新,1788390032000,09-03 07:00:32,0.0201755,0.02219305,0.0201755,0.01815795,0
BULLAUSDT,resident,新,1788390184000,09-03 07:03:04,0.020405,0.0224455,0.020405,0.0183645,0
BULLAUSDT,resident,新,1788390309000,09-03 07:05:09,0.020169,0.0221859,0.020169,0.0181521,0
BULLAUSDT,resident,新,1788390362000,09-03 07:06:02,0.019896,0.0218856,0.019896,0.0179064,0
BULLAUSDT,resident,新,1788390387000,09-03 07:06:27,0.019697,0.0216667,0.019697,0.0177273,0
BULLAUSDT,resident,新,1788390424000,09-03 07:07:04,0.019454,0.0213994,0.019454,0.0175086,0
BULLAUSDT,resident,新,1788390448000,09-03 07:07:28,0.019204,0.0211244,0.019204,0.0172836,0
BULLAUSDT,resident,新,1788390559000,09-03 07:09:19,0.0190085,0.02090935,0.0190085,0.01710765,0
BULLAUSDT,resident,新,1788390797000,09-03 07:13:17,0.0188165,0.02069815,0.0188165,0.01693485,0
BULLAUSDT,resident,新,1788390824000,09-03 07:13:44,0.019009,0.0209099,0.019009,0.0171081,0
BULLAUSDT,resident,新,1788390869000,09-03 07:14:29,0.019214,0.0211354,0.019214,0.0172926,0
BULLAUSDT,resident,新,1788390967000,09-03 07:16:07,0.0194245,0.02136695,0.0194245,0.01748205,0
BULLAUSDT,resident,新,1788391039000,09-03 07:17:19,0.0192225,0.02114475,0.0192225,0.01730025,0
BULLAUSDT,resident,新,1788391262000,09-03 07:21:02,0.019417,0.0213587,0.019417,0.0174753,0
BULLAUSDT,resident,新,1788391363000,09-03 07:22:43,0.019638,0.0216018,0.019638,0.0176742,0
BULLAUSDT,resident,新,1788391453000,09-03 07:24:13,0.0199,0.02189,0.0199,0.01791,0
BULLAUSDT,resident,新,1788391596000,09-03 07:26:36,0.0196985,0.02166835,0.0196985,0.01772865,0
BULLAUSDT,resident,新,1788392072000,09-03 07:34:32,0.019901,0.0218911,0.019901,0.0179109,0
BULLAUSDT,resident,新,1788392293000,09-03 07:38:13,0.020103,0.0221133,0.020103,0.0180927,0
BULLAUSDT,resident,新,1788392376000,09-03 07:39:36,0.020351,0.0223861,0.020351,0.0183159,0
BULLAUSDT,resident,新,1788392503000,09-03 07:41:43,0.020598,0.0226578,0.020598,0.0185382,0
BULLAUSDT,resident,新,1788392556000,09-03 07:42:36,0.0208065,0.02288715,0.0208065,0.01872585,0
BULLAUSDT,resident,新,1788392583000,09-03 07:43:03,0.0210485,0.02315335,0.0210485,0.01894365,0
BULLAUSDT,resident,新,1788392589000,09-03 07:43:09,0.0212645,0.02339095,0.0212645,0.01913805,0
BULLAUSDT,resident,新,1788392673000,09-03 07:44:33,0.021495,0.0236445,0.021495,0.0193455,0
BULLAUSDT,resident,新,1788392684000,09-03 07:44:44,0.0217235,0.02389585,0.0217235,0.01955115,0
BULLAUSDT,resident,新,1788392690000,09-03 07:44:50,0.021498,0.0236478,0.021498,0.0193482,0
BULLAUSDT,resident,新,1788392704000,09-03 07:45:04,0.0217145,0.02388595,0.0217145,0.01954305,0
BULLAUSDT,resident,新,1788392717000,09-03 07:45:17,0.0214965,0.02364615,0.0214965,0.01934685,0
BULLAUSDT,resident,新,1788392767000,09-03 07:46:07,0.0217135,0.02388485,0.0217135,0.01954215,0
BULLAUSDT,resident,新,1788392786000,09-03 07:46:26,0.0219625,0.02415875,0.0219625,0.01976625,0
BULLAUSDT,resident,新,1788392815000,09-03 07:46:55,0.0217095,0.02388045,0.0217095,0.01953855,0
BULLAUSDT,resident,新,1788392923000,09-03 07:48:43,0.021935,0.0241285,0.021935,0.0197415,0
BULLAUSDT,resident,新,1788393044000,09-03 07:50:44,0.022177,0.0243947,0.022177,0.0199593,0
BULLAUSDT,resident,新,1788393062000,09-03 07:51:02,0.0218965,0.02408615,0.0218965,0.01970685,0
BULLAUSDT,resident,新,1788393065000,09-03 07:51:05,0.021625,0.0237875,0.021625,0.0194625,0
BULLAUSDT,resident,新,1788393197000,09-03 07:53:17,0.021865,0.0240515,0.021865,0.0196785,0
BULLAUSDT,resident,新,1788393266000,09-03 07:54:26,0.0220845,0.02429295,0.0220845,0.01987605,0
BULLAUSDT,resident,新,1788393295000,09-03 07:54:55,0.02232,0.024552,0.02232,0.020088,0
BULLAUSDT,resident,新,1788393312000,09-03 07:55:12,0.0225725,0.02482975,0.0225725,0.02031525,0
BULLAUSDT,resident,新,1788393428000,09-03 07:57:08,0.02232,0.024552,0.02232,0.020088,0
BULLAUSDT,resident,新,1788393474000,09-03 07:57:54,0.0220695,0.02427645,0.0220695,0.01986255,0
BULLAUSDT,resident,新,1788393482000,09-03 07:58:02,0.022303,0.0245333,0.022303,0.0200727,0
BULLAUSDT,resident,新,1788393541000,09-03 07:59:01,0.02255,0.024805,0.02255,0.020295,0
BULLAUSDT,resident,新,1788393606000,09-03 08:00:06,0.0230925,0.02540175,0.0230925,0.02078325,0
BULLAUSDT,resident,新,1788393607000,09-03 08:00:07,0.0235165,0.02586815,0.0235165,0.02116485,0
BULLAUSDT,resident,新,1788393615000,09-03 08:00:15,0.02327,0.025597,0.02327,0.020943,0
BULLAUSDT,resident,新,1788393627000,09-03 08:00:27,0.023029,0.0253319,0.023029,0.0207261,0
BULLAUSDT,resident,新,1788393740000,09-03 08:02:20,0.022785,0.0250635,0.022785,0.0205065,0
BULLAUSDT,resident,新,1788393771000,09-03 08:02:51,0.0225555,0.02481105,0.0225555,0.02029995,0
BULLAUSDT,resident,新,1788393785000,09-03 08:03:05,0.0222885,0.02451735,0.0222885,0.02005965,0
BULLAUSDT,resident,新,1788393897000,09-03 08:04:57,0.0220605,0.02426655,0.0220605,0.01985445,0
BULLAUSDT,resident,新,1788393942000,09-03 08:05:42,0.0217915,0.02397065,0.0217915,0.01961235,0
BULLAUSDT,resident,新,1788393949000,09-03 08:05:49,0.021548,0.0237028,0.021548,0.0193932,0
BULLAUSDT,resident,新,1788393954000,09-03 08:05:54,0.021304,0.0234344,0.021304,0.0191736,0
BULLAUSDT,resident,新,1788393961000,09-03 08:06:01,0.0215325,0.02368575,0.0215325,0.01937925,0
BULLAUSDT,resident,新,1788393975000,09-03 08:06:15,0.0213115,0.02344265,0.0213115,0.01918035,0
BULLAUSDT,resident,新,1788393993000,09-03 08:06:33,0.021078,0.0231858,0.021078,0.0189702,0
BULLAUSDT,resident,新,1788394020000,09-03 08:07:00,0.0213025,0.02343275,0.0213025,0.01917225,0
BULLAUSDT,resident,新,1788394023000,09-03 08:07:03,0.021524,0.0236764,0.021524,0.0193716,0
BULLAUSDT,resident,新,1788394029000,09-03 08:07:09,0.021291,0.0234201,0.021291,0.0191619,0
BULLAUSDT,resident,新,1788394051000,09-03 08:07:31,0.021521,0.0236731,0.021521,0.0193689,0
BULLAUSDT,resident,新,1788394126000,09-03 08:08:46,0.021301,0.0234311,0.021301,0.0191709,0
BULLAUSDT,resident,新,1788394161000,09-03 08:09:21,0.021038,0.0231418,0.021038,0.0189342,0
BULLAUSDT,resident,新,1788394175000,09-03 08:09:35,0.0207975,0.02287725,0.0207975,0.01871775,0
BULLAUSDT,resident,新,1788394210000,09-03 08:10:10,0.0210165,0.02311815,0.0210165,0.01891485,0
BULLAUSDT,resident,新,1788394222000,09-03 08:10:22,0.0212395,0.02336345,0.0212395,0.01911555,0
BULLAUSDT,resident,新,1788394235000,09-03 08:10:35,0.02147,0.023617,0.02147,0.019323,0
BULLAUSDT,resident,新,1788394360000,09-03 08:12:40,0.021252,0.0233772,0.021252,0.0191268,0
BULLAUSDT,resident,新,1788394512000,09-03 08:15:12,0.021036,0.0231396,0.021036,0.0189324,0
BULLAUSDT,resident,新,1788394561000,09-03 08:16:01,0.020814,0.0228954,0.020814,0.0187326,0
BULLAUSDT,resident,新,1788394573000,09-03 08:16:13,0.021036,0.0231396,0.021036,0.0189324,0
BULLAUSDT,resident,新,1788394638000,09-03 08:17:18,0.020823,0.0229053,0.020823,0.0187407,0
BULLAUSDT,resident,新,1788394682000,09-03 08:18:02,0.021057,0.0231627,0.021057,0.0189513,0
BULLAUSDT,resident,新,1788394693000,09-03 08:18:13,0.021269,0.0233959,0.021269,0.0191421,0
BULLAUSDT,resident,新,1788394716000,09-03 08:18:36,0.0214875,0.02363625,0.0214875,0.01933875,0
BULLAUSDT,resident,新,1788394788000,09-03 08:19:48,0.021271,0.0233981,0.021271,0.0191439,0
BULLAUSDT,resident,新,1788395142000,09-03 08:25:42,0.0210455,0.02315005,0.0210455,0.01894095,0
BULLAUSDT,resident,新,1788395197000,09-03 08:26:37,0.02126,0.023386,0.02126,0.019134,0
BULLAUSDT,resident,新,1788395246000,09-03 08:27:26,0.021475,0.0236225,0.021475,0.0193275,0
BULLAUSDT,resident,新,1788395287000,09-03 08:28:07,0.021699,0.0238689,0.021699,0.0195291,0
BULLAUSDT,resident,新,1788395433000,09-03 08:30:33,0.021473,0.0236203,0.021473,0.0193257,0
BULLAUSDT,resident,新,1788395616000,09-03 08:33:36,0.0212575,0.02338325,0.0212575,0.01913175,0
BULLAUSDT,resident,新,1788395771000,09-03 08:36:11,0.021537,0.0236907,0.021537,0.0193833,0
BULLAUSDT,resident,新,1788395818000,09-03 08:36:58,0.0218025,0.02398275,0.0218025,0.01962225,0
BULLAUSDT,resident,新,1788395857000,09-03 08:37:37,0.0220305,0.02423355,0.0220305,0.01982745,0
BULLAUSDT,resident,新,1788395867000,09-03 08:37:47,0.0222675,0.02449425,0.0222675,0.02004075,0
BULLAUSDT,resident,新,1788395888000,09-03 08:38:08,0.0225355,0.02478905,0.0225355,0.02028195,0
BULLAUSDT,resident,新,1788395925000,09-03 08:38:45,0.0227955,0.02507505,0.0227955,0.02051595,0
BULLAUSDT,resident,新,1788395962000,09-03 08:39:22,0.0230565,0.02536215,0.0230565,0.02075085,0
BULLAUSDT,resident,新,1788395991000,09-03 08:39:51,0.022818,0.0250998,0.022818,0.0205362,0
BULLAUSDT,resident,新,1788396010000,09-03 08:40:10,0.0230495,0.02535445,0.0230495,0.02074455,0
BULLAUSDT,resident,新,1788396049000,09-03 08:40:49,0.0228095,0.02509045,0.0228095,0.02052855,0
BULLAUSDT,resident,新,1788396185000,09-03 08:43:05,0.0225685,0.02482535,0.0225685,0.02031165,0
BULLAUSDT,resident,新,1788396249000,09-03 08:44:09,0.0228155,0.02509705,0.0228155,0.02053395,0
BULLAUSDT,resident,新,1788396421000,09-03 08:47:01,0.0230875,0.02539625,0.0230875,0.02077875,0
BULLAUSDT,resident,新,1788396474000,09-03 08:47:54,0.023321,0.0256531,0.023321,0.0209889,0
BULLAUSDT,resident,新,1788396519000,09-03 08:48:39,0.023661,0.0260271,0.023661,0.0212949,0
BULLAUSDT,resident,新,1788396524000,09-03 08:48:44,0.023372,0.0257092,0.023372,0.0210348,0
BULLAUSDT,resident,新,1788396528000,09-03 08:48:48,0.0231355,0.02544905,0.0231355,0.02082195,0
BULLAUSDT,resident,新,1788396544000,09-03 08:49:04,0.0228975,0.02518725,0.0228975,0.02060775,0
BULLAUSDT,resident,新,1788396749000,09-03 08:52:29,0.0226685,0.02493535,0.0226685,0.02040165,0
BULLAUSDT,resident,新,1788396784000,09-03 08:53:04,0.0224,0.02464,0.0224,0.02016,0
BULLAUSDT,resident,新,1788396799000,09-03 08:53:19,0.022155,0.0243705,0.022155,0.0199395,0
BULLAUSDT,resident,新,1788396841000,09-03 08:54:01,0.0219145,0.02410595,0.0219145,0.01972305,0
BULLAUSDT,resident,新,1788396920000,09-03 08:55:20,0.0221745,0.02439195,0.0221745,0.01995705,0
BULLAUSDT,resident,新,1788396956000,09-03 08:55:56,0.022409,0.0246499,0.022409,0.0201681,0
BULLAUSDT,resident,新,1788396971000,09-03 08:56:11,0.022179,0.0243969,0.022179,0.0199611,0
BULLAUSDT,resident,新,1788396990000,09-03 08:56:30,0.0224235,0.02466585,0.0224235,0.02018115,0
BULLAUSDT,resident,新,1788397027000,09-03 08:57:07,0.0226695,0.02493645,0.0226695,0.02040255,0
BULLAUSDT,resident,新,1788397132000,09-03 08:58:52,0.0229165,0.02520815,0.0229165,0.02062485,0
BULLAUSDT,resident,新,1788397168000,09-03 08:59:28,0.022685,0.0249535,0.022685,0.0204165,0
BULLAUSDT,resident,新,1788397746000,09-03 09:09:06,0.022394,0.0246334,0.022394,0.0201546,0
BULLAUSDT,resident,新,1788398292000,09-03 09:18:12,0.02216,0.024376,0.02216,0.019944,0
BULLAUSDT,resident,新,1788398362000,09-03 09:19:22,0.021935,0.0241285,0.021935,0.0197415,0
BULLAUSDT,resident,新,1788398586000,09-03 09:23:06,0.0221775,0.02439525,0.0221775,0.01995975,0
BULLAUSDT,resident,新,1788398719000,09-03 09:25:19,0.022407,0.0246477,0.022407,0.0201663,0
BULLAUSDT,resident,新,1788398751000,09-03 09:25:51,0.0226365,0.02490015,0.0226365,0.02037285,0
BULLAUSDT,resident,新,1788398828000,09-03 09:27:08,0.022391,0.0246301,0.022391,0.0201519,0
BULLAUSDT,resident,新,1788399063000,09-03 09:31:03,0.0226295,0.02489245,0.0226295,0.02036655,0
BULLAUSDT,resident,新,1788399110000,09-03 09:31:50,0.022857,0.0251427,0.022857,0.0205713,0
BULLAUSDT,resident,新,1788399224000,09-03 09:33:44,0.0230885,0.02539735,0.0230885,0.02077965,0
BULLAUSDT,resident,新,1788399251000,09-03 09:34:11,0.0228405,0.02512455,0.0228405,0.02055645,0
BULLAUSDT,resident,新,1788399298000,09-03 09:34:58,0.023093,0.0254023,0.023093,0.0207837,0
BULLAUSDT,resident,新,1788399349000,09-03 09:35:49,0.022842,0.0251262,0.022842,0.0205578,0
BULLAUSDT,resident,新,1788399406000,09-03 09:36:46,0.0230845,0.02539295,0.0230845,0.02077605,0
BULLAUSDT,resident,新,1788399639000,09-03 09:40:39,0.023318,0.0256498,0.023318,0.0209862,0
BULLAUSDT,resident,新,1788399696000,09-03 09:41:36,0.023073,0.0253803,0.023073,0.0207657,0
BULLAUSDT,resident,新,1788399767000,09-03 09:42:47,0.023314,0.0256454,0.023314,0.0209826,0
BULLAUSDT,resident,新,1788400027000,09-03 09:47:07,0.0235495,0.02590445,0.0235495,0.02119455,0
BULLAUSDT,resident,新,1788400082000,09-03 09:48:02,0.023789,0.0261679,0.023789,0.0214101,0
BULLAUSDT,resident,新,1788400318000,09-03 09:51:58,0.0235495,0.02590445,0.0235495,0.02119455,0
BULLAUSDT,resident,新,1788400430000,09-03 09:53:50,0.023785,0.0261635,0.023785,0.0214065,0
BULLAUSDT,resident,新,1788400517000,09-03 09:55:17,0.023547,0.0259017,0.023547,0.0211923,0
BULLAUSDT,resident,新,1788400811000,09-03 10:00:11,0.0233065,0.02563715,0.0233065,0.02097585,0
BULLAUSDT,resident,新,1788401106000,09-03 10:05:06,0.0230645,0.02537095,0.0230645,0.02075805,0
BULLAUSDT,resident,新,1788401204000,09-03 10:06:44,0.0233005,0.02563055,0.0233005,0.02097045,0
BULLAUSDT,resident,新,1788401527000,09-03 10:12:07,0.023548,0.0259028,0.023548,0.0211932,0
BULLAUSDT,resident,新,1788402080000,09-03 10:21:20,0.0237935,0.02617285,0.0237935,0.02141415,0
BULLAUSDT,resident,新,1788402284000,09-03 10:24:44,0.024043,0.0264473,0.024043,0.0216387,0
BULLAUSDT,resident,新,1788402306000,09-03 10:25:06,0.023801,0.0261811,0.023801,0.0214209,0
BULLAUSDT,resident,新,1788402426000,09-03 10:27:06,0.02354,0.025894,0.02354,0.021186,0
BULLAUSDT,resident,新,1788402902000,09-03 10:35:02,0.023281,0.0256091,0.023281,0.0209529,0
BULLAUSDT,resident,新,1788402928000,09-03 10:35:28,0.022799,0.0250789,0.022799,0.0205191,0
BULLAUSDT,resident,新,1788402963000,09-03 10:36:03,0.0224625,0.02470875,0.0224625,0.02021625,0
BULLAUSDT,resident,新,1788402982000,09-03 10:36:22,0.022225,0.0244475,0.022225,0.0200025,0
BULLAUSDT,resident,新,1788403044000,09-03 10:37:24,0.022451,0.0246961,0.022451,0.0202059,0
BULLAUSDT,resident,新,1788403084000,09-03 10:38:04,0.022186,0.0244046,0.022186,0.0199674,0
BULLAUSDT,resident,新,1788403111000,09-03 10:38:31,0.0224295,0.02467245,0.0224295,0.02018655,0
BULLAUSDT,resident,新,1788403182000,09-03 10:39:42,0.0222025,0.02442275,0.0222025,0.01998225,0
BULLAUSDT,resident,新,1788403293000,09-03 10:41:33,0.0224345,0.02467795,0.0224345,0.02019105,0
BULLAUSDT,resident,新,1788403522000,09-03 10:45:22,0.0226705,0.02493755,0.0226705,0.02040345,0
BULLAUSDT,resident,新,1788403535000,09-03 10:45:35,0.0229065,0.02519715,0.0229065,0.02061585,0
BULLAUSDT,resident,新,1788403882000,09-03 10:51:22,0.0226635,0.02492985,0.0226635,0.02039715,0
BULLAUSDT,resident,新,1788403966000,09-03 10:52:46,0.0229035,0.02519385,0.0229035,0.02061315,0
BULLAUSDT,resident,新,1788404230000,09-03 10:57:10,0.023137,0.0254507,0.023137,0.0208233,0
BULLAUSDT,resident,新,1788404490000,09-03 11:01:30,0.022902,0.0251922,0.022902,0.0206118,0
BULLAUSDT,resident,新,1788404606000,09-03 11:03:26,0.023147,0.0254617,0.023147,0.0208323,0
BULLAUSDT,resident,新,1788404839000,09-03 11:07:19,0.023385,0.0257235,0.023385,0.0210465,0
BULLAUSDT,resident,新,1788405572000,09-03 11:19:32,0.0231345,0.02544795,0.0231345,0.02082105,0
BULLAUSDT,resident,新,1788405714000,09-03 11:21:54,0.0233685,0.02570535,0.0233685,0.02103165,0
BULLAUSDT,resident,新,1788405911000,09-03 11:25:11,0.023627,0.0259897,0.023627,0.0212643,0
BULLAUSDT,resident,新,1788406034000,09-03 11:27:14,0.023387,0.0257257,0.023387,0.0210483,0
BULLAUSDT,resident,新,1788406660000,09-03 11:37:40,0.0231465,0.02546115,0.0231465,0.02083185,0
BULLAUSDT,resident,新,1788407585000,09-03 11:53:05,0.0229015,0.02519165,0.0229015,0.02061135,0
BULLAUSDT,resident,新,1788407705000,09-03 11:55:05,0.023142,0.0254562,0.023142,0.0208278,0
BULLAUSDT,resident,新,1788408061000,09-03 12:01:01,0.0233895,0.02572845,0.0233895,0.02105055,0
BULLAUSDT,resident,新,1788408215000,09-03 12:03:35,0.0236285,0.02599135,0.0236285,0.02126565,0
BULLAUSDT,resident,新,1788408254000,09-03 12:04:14,0.0238805,0.02626855,0.0238805,0.02149245,0
BULLAUSDT,resident,新,1788408270000,09-03 12:04:30,0.023639,0.0260029,0.023639,0.0212751,0
BULLAUSDT,resident,新,1788408422000,09-03 12:07:02,0.02389,0.026279,0.02389,0.021501,0
BULLAUSDT,resident,新,1788408822000,09-03 12:13:42,0.023634,0.0259974,0.023634,0.0212706,0
BULLAUSDT,resident,新,1788408968000,09-03 12:16:08,0.0233815,0.02571965,0.0233815,0.02104335,0
BULLAUSDT,resident,新,1788409001000,09-03 12:16:41,0.02362,0.025982,0.02362,0.021258,0
BULLAUSDT,resident,新,1788409072000,09-03 12:17:52,0.0233625,0.02569875,0.0233625,0.02102625,0
BULLAUSDT,resident,新,1788409141000,09-03 12:19:01,0.0236025,0.02596275,0.0236025,0.02124225,0
BULLAUSDT,resident,新,1788409823000,09-03 12:30:23,0.0238515,0.02623665,0.0238515,0.02146635,0
BULLAUSDT,resident,新,1788410220000,09-03 12:37:00,0.024163,0.0265793,0.024163,0.0217467,0
BULLAUSDT,resident,新,1788410249000,09-03 12:37:29,0.0246365,0.02710015,0.0246365,0.02217285,0
BULLAUSDT,resident,新,1788410280000,09-03 12:38:00,0.024374,0.0268114,0.024374,0.0219366,0
BULLAUSDT,resident,新,1788410414000,09-03 12:40:14,0.024655,0.0271205,0.024655,0.0221895,0
BULLAUSDT,resident,新,1788410542000,09-03 12:42:22,0.024927,0.0274197,0.024927,0.0224343,0
BULLAUSDT,resident,新,1788410552000,09-03 12:42:32,0.0251915,0.02771065,0.0251915,0.02267235,0
BULLAUSDT,resident,新,1788410727000,09-03 12:45:27,0.024753,0.0272283,0.024753,0.0222777,0
BULLAUSDT,resident,新,1788410744000,09-03 12:45:44,0.02447,0.026917,0.02447,0.022023,0
BULLAUSDT,resident,新,1788410760000,09-03 12:46:00,0.024741,0.0272151,0.024741,0.0222669,0
BULLAUSDT,resident,新,1788411030000,09-03 12:50:30,0.024485,0.0269335,0.024485,0.0220365,0
BULLAUSDT,resident,新,1788411135000,09-03 12:52:15,0.0247385,0.02721235,0.0247385,0.02226465,0
BULLAUSDT,resident,新,1788411367000,09-03 12:56:07,0.024479,0.0269269,0.024479,0.0220311,0
BULLAUSDT,resident,新,1788411790000,09-03 13:03:10,0.024734,0.0272074,0.024734,0.0222606,0
BULLAUSDT,resident,新,1788412157000,09-03 13:09:17,0.024485,0.0269335,0.024485,0.0220365,0
BULLAUSDT,resident,新,1788412214000,09-03 13:10:14,0.024731,0.0272041,0.024731,0.0222579,0
BULLAUSDT,resident,新,1788412537000,09-03 13:15:37,0.024472,0.0269192,0.024472,0.0220248,0
BULLAUSDT,resident,新,1788412562000,09-03 13:16:02,0.024078,0.0264858,0.024078,0.0216702,0
BULLAUSDT,resident,新,1788412570000,09-03 13:16:10,0.023823,0.0262053,0.023823,0.0214407,0
BULLAUSDT,resident,新,1788412579000,09-03 13:16:19,0.023533,0.0258863,0.023533,0.0211797,0
BULLAUSDT,resident,新,1788412895000,09-03 13:21:35,0.023793,0.0261723,0.023793,0.0214137,0
BULLAUSDT,resident,新,1788413016000,09-03 13:23:36,0.0240325,0.02643575,0.0240325,0.02162925,0
BULLAUSDT,resident,新,1788413046000,09-03 13:24:06,0.024274,0.0267014,0.024274,0.0218466,0
BULLAUSDT,resident,新,1788413068000,09-03 13:24:28,0.024022,0.0264242,0.024022,0.0216198,0
BULLAUSDT,resident,新,1788413627000,09-03 13:33:47,0.0237735,0.02615085,0.0237735,0.02139615,0
BULLAUSDT,resident,新,1788413656000,09-03 13:34:16,0.023458,0.0258038,0.023458,0.0211122,0
BULLAUSDT,resident,新,1788413712000,09-03 13:35:12,0.0237075,0.02607825,0.0237075,0.02133675,0
BULLAUSDT,resident,新,1788414101000,09-03 13:41:41,0.023945,0.0263395,0.023945,0.0215505,0
BULLAUSDT,resident,新,1788414188000,09-03 13:43:08,0.0241915,0.02661065,0.0241915,0.02177235,0
BULLAUSDT,resident,新,1788414361000,09-03 13:46:01,0.02394,0.026334,0.02394,0.021546,0
BULLAUSDT,resident,新,1788414452000,09-03 13:47:32,0.0241795,0.02659745,0.0241795,0.02176155,0
BULLAUSDT,resident,新,1788414640000,09-03 13:50:40,0.0244365,0.02688015,0.0244365,0.02199285,0
BULLAUSDT,resident,新,1788414842000,09-03 13:54:02,0.0238475,0.02623225,0.0238475,0.02146275,0
BULLAUSDT,resident,新,1788414843000,09-03 13:54:03,0.0234275,0.02577025,0.0234275,0.02108475,0
BULLAUSDT,resident,新,1788414844000,09-03 13:54:04,0.0230995,0.02540945,0.0230995,0.02078955,0
BULLAUSDT,resident,新,1788414856000,09-03 13:54:16,0.023353,0.0256883,0.023353,0.0210177,0
BULLAUSDT,resident,新,1788414881000,09-03 13:54:41,0.0235965,0.02595615,0.0235965,0.02123685,0
BULLAUSDT,resident,新,1788414903000,09-03 13:55:03,0.0233335,0.02566685,0.0233335,0.02100015,0
BULLAUSDT,resident,新,1788414926000,09-03 13:55:26,0.023597,0.0259567,0.023597,0.0212373,0
BULLAUSDT,resident,新,1788414980000,09-03 13:56:20,0.023834,0.0262174,0.023834,0.0214506,0
BULLAUSDT,resident,新,1788415132000,09-03 13:58:52,0.0241025,0.02651275,0.0241025,0.02169225,0
BULLAUSDT,resident,新,1788415524000,09-03 14:05:24,0.0243465,0.02678115,0.0243465,0.02191185,0
BULLAUSDT,resident,新,1788415590000,09-03 14:06:30,0.0241,0.02651,0.0241,0.02169,0
BULLAUSDT,resident,新,1788415862000,09-03 14:11:02,0.0243485,0.02678335,0.0243485,0.02191365,0
BULLAUSDT,resident,新,1788416253000,09-03 14:17:33,0.024614,0.0270754,0.024614,0.0221526,0
BULLAUSDT,resident,新,1788416403000,09-03 14:20:03,0.024366,0.0268026,0.024366,0.0219294,0
BULLAUSDT,resident,新,1788416971000,09-03 14:29:31,0.024645,0.0271095,0.024645,0.0221805,0
BULLAUSDT,resident,新,1788418412000,09-03 14:53:32,0.024895,0.0273845,0.024895,0.0224055,0
BULLAUSDT,resident,新,1788418595000,09-03 14:56:35,0.0251535,0.02766885,0.0251535,0.02263815,0
BULLAUSDT,resident,新,1788418749000,09-03 14:59:09,0.02557,0.028127,0.02557,0.023013,0
BULLAUSDT,resident,新,1788418780000,09-03 14:59:40,0.025828,0.0284108,0.025828,0.0232452,0
BULLAUSDT,resident,新,1788418843000,09-03 15:00:43,0.025561,0.0281171,0.025561,0.0230049,0
BULLAUSDT,resident,新,1788418862000,09-03 15:01:02,0.025825,0.0284075,0.025825,0.0232425,0
BULLAUSDT,resident,新,1788418922000,09-03 15:02:02,0.0260865,0.02869515,0.0260865,0.02347785,0
BULLAUSDT,resident,新,1788418984000,09-03 15:03:04,0.0257575,0.02833325,0.0257575,0.02318175,0
BULLAUSDT,resident,新,1788419076000,09-03 15:04:36,0.025488,0.0280368,0.025488,0.0229392,0
BULLAUSDT,resident,新,1788419216000,09-03 15:06:56,0.025759,0.0283349,0.025759,0.0231831,0
BULLAUSDT,resident,新,1788419442000,09-03 15:10:42,0.0254925,0.02804175,0.0254925,0.02294325,0
BULLAUSDT,resident,新,1788419445000,09-03 15:10:45,0.024927,0.0274197,0.024927,0.0224343,0
BULLAUSDT,resident,新,1788419446000,09-03 15:10:46,0.0246495,0.02711445,0.0246495,0.02218455,0
BULLAUSDT,resident,新,1788419451000,09-03 15:10:51,0.0242,0.02662,0.0242,0.02178,0
BULLAUSDT,resident,新,1788419453000,09-03 15:10:53,0.024528,0.0269808,0.024528,0.0220752,0
BULLAUSDT,resident,新,1788419461000,09-03 15:11:01,0.0247805,0.02725855,0.0247805,0.02230245,0
BULLAUSDT,resident,新,1788419686000,09-03 15:14:46,0.0250425,0.02754675,0.0250425,0.02253825,0
BULLAUSDT,resident,新,1788419717000,09-03 15:15:17,0.0252985,0.02782835,0.0252985,0.02276865,0
BULLAUSDT,resident,新,1788420082000,09-03 15:21:22,0.025574,0.0281314,0.025574,0.0230166,0
BULLAUSDT,resident,新,1788420379000,09-03 15:26:19,0.025832,0.0284152,0.025832,0.0232488,0
BULLAUSDT,resident,新,1788420568000,09-03 15:29:28,0.025455,0.0280005,0.025455,0.0229095,0
BULLAUSDT,resident,新,1788420572000,09-03 15:29:32,0.025158,0.0276738,0.025158,0.0226422,0
BULLAUSDT,resident,新,1788420581000,09-03 15:29:41,0.02486,0.027346,0.02486,0.022374,0
BULLAUSDT,resident,新,1788420583000,09-03 15:29:43,0.024376,0.0268136,0.024376,0.0219384,0
BULLAUSDT,resident,新,1788420697000,09-03 15:31:37,0.0241215,0.02653365,0.0241215,0.02170935,0
BULLAUSDT,resident,新,1788420715000,09-03 15:31:55,0.0243785,0.02681635,0.0243785,0.02194065,0
BULLAUSDT,resident,新,1788420751000,09-03 15:32:31,0.0241275,0.02654025,0.0241275,0.02171475,0
BULLAUSDT,resident,新,1788420767000,09-03 15:32:47,0.0238635,0.02624985,0.0238635,0.02147715,0
BULLAUSDT,resident,新,1788420781000,09-03 15:33:01,0.023508,0.0258588,0.023508,0.0211572,0
BULLAUSDT,resident,新,1788420806000,09-03 15:33:26,0.023754,0.0261294,0.023754,0.0213786,0
BULLAUSDT,resident,新,1788420847000,09-03 15:34:07,0.023471,0.0258181,0.023471,0.0211239,0
BULLAUSDT,resident,新,1788420868000,09-03 15:34:28,0.02372,0.026092,0.02372,0.021348,0
BULLAUSDT,resident,新,1788421141000,09-03 15:39:01,0.0234365,0.02578015,0.0234365,0.02109285,0
BULLAUSDT,resident,新,1788421153000,09-03 15:39:13,0.023118,0.0254298,0.023118,0.0208062,0
BULLAUSDT,resident,新,1788421175000,09-03 15:39:35,0.02337,0.025707,0.02337,0.021033,0
BULLAUSDT,resident,新,1788421229000,09-03 15:40:29,0.023614,0.0259754,0.023614,0.0212526,0
BULLAUSDT,resident,新,1788421244000,09-03 15:40:44,0.023371,0.0257081,0.023371,0.0210339,0
BULLAUSDT,resident,新,1788421351000,09-03 15:42:31,0.023607,0.0259677,0.023607,0.0212463,0
BULLAUSDT,resident,新,1788421580000,09-03 15:46:20,0.0238625,0.02624875,0.0238625,0.02147625,0
BULLAUSDT,resident,新,1788421612000,09-03 15:46:52,0.024129,0.0265419,0.024129,0.0217161,0
BULLAUSDT,resident,新,1788421679000,09-03 15:47:59,0.0244,0.02684,0.0244,0.02196,0
BULLAUSDT,resident,新,1788421723000,09-03 15:48:43,0.0246475,0.02711225,0.0246475,0.02218275,0
BULLAUSDT,resident,新,1788421835000,09-03 15:50:35,0.024895,0.0273845,0.024895,0.0224055,0
BULLAUSDT,resident,新,1788421882000,09-03 15:51:22,0.024612,0.0270732,0.024612,0.0221508,0
BULLAUSDT,resident,新,1788422044000,09-03 15:54:04,0.024866,0.0273526,0.024866,0.0223794,0
BULLAUSDT,resident,新,1788422432000,09-03 16:00:32,0.024566,0.0270226,0.024566,0.0221094,0
BULLAUSDT,resident,新,1788422447000,09-03 16:00:47,0.024318,0.0267498,0.024318,0.0218862,0
BULLAUSDT,resident,新,1788422494000,09-03 16:01:34,0.0246275,0.02709025,0.0246275,0.02216475,0
BULLAUSDT,resident,新,1788422959000,09-03 16:09:19,0.0248985,0.02738835,0.0248985,0.02240865,0
BULLAUSDT,resident,新,1788423024000,09-03 16:10:24,0.025151,0.0276661,0.025151,0.0226359,0
BULLAUSDT,resident,新,1788423078000,09-03 16:11:18,0.024899,0.0273889,0.024899,0.0224091,0
BULLAUSDT,resident,新,1788423216000,09-03 16:13:36,0.025209,0.0277299,0.025209,0.0226881,0
BULLAUSDT,resident,新,1788423496000,09-03 16:18:16,0.0254625,0.02800875,0.0254625,0.02291625,0
BULLAUSDT,resident,新,1788423520000,09-03 16:18:40,0.025724,0.0282964,0.025724,0.0231516,0
BULLAUSDT,resident,新,1788423579000,09-03 16:19:39,0.025982,0.0285802,0.025982,0.0233838,0
BULLAUSDT,resident,新,1788423755000,09-03 16:22:35,0.025693,0.0282623,0.025693,0.0231237,0
BULLAUSDT,resident,新,1788423853000,09-03 16:24:13,0.025977,0.0285747,0.025977,0.0233793,0
BULLAUSDT,resident,新,1788423981000,09-03 16:26:21,0.02624,0.028864,0.02624,0.023616,0
BULLAUSDT,resident,新,1788424104000,09-03 16:28:24,0.0259285,0.02852135,0.0259285,0.02333565,0
BULLAUSDT,resident,新,1788424414000,09-03 16:33:34,0.0261985,0.02881835,0.0261985,0.02357865,0
BULLAUSDT,resident,新,1788424643000,09-03 16:37:23,0.025931,0.0285241,0.025931,0.0233379,0
BULLAUSDT,resident,新,1788424826000,09-03 16:40:26,0.026198,0.0288178,0.026198,0.0235782,0
BULLAUSDT,resident,新,1788424867000,09-03 16:41:07,0.0264665,0.02911315,0.0264665,0.02381985,0
BULLAUSDT,resident,新,1788424893000,09-03 16:41:33,0.026771,0.0294481,0.026771,0.0240939,0
BULLAUSDT,resident,新,1788425105000,09-03 16:45:05,0.026438,0.0290818,0.026438,0.0237942,0
BULLAUSDT,resident,新,1788425426000,09-03 16:50:26,0.0267145,0.02938595,0.0267145,0.02404305,0
BULLAUSDT,resident,新,1788425447000,09-03 16:50:47,0.0270055,0.02970605,0.0270055,0.02430495,0
BULLAUSDT,resident,新,1788425450000,09-03 16:50:50,0.0273615,0.03009765,0.0273615,0.02462535,0
BULLAUSDT,resident,新,1788425466000,09-03 16:51:06,0.027645,0.0304095,0.027645,0.0248805,0
BULLAUSDT,resident,新,1788425649000,09-03 16:54:09,0.027941,0.0307351,0.027941,0.0251469,0
BULLAUSDT,resident,新,1788425669000,09-03 16:54:29,0.02824,0.031064,0.02824,0.025416,0
BULLAUSDT,resident,新,1788425686000,09-03 16:54:46,0.0279525,0.03074775,0.0279525,0.02515725,0
BULLAUSDT,resident,新,1788425714000,09-03 16:55:14,0.0276635,0.03042985,0.0276635,0.02489715,0
BULLAUSDT,resident,新,1788425919000,09-03 16:58:39,0.0280235,0.03082585,0.0280235,0.02522115,0
BULLAUSDT,resident,新,1788425930000,09-03 16:58:50,0.028305,0.0311355,0.028305,0.0254745,0
BULLAUSDT,resident,新,1788425934000,09-03 16:58:54,0.028723,0.0315953,0.028723,0.0258507,0
BULLAUSDT,resident,新,1788425937000,09-03 16:58:57,0.0290565,0.03196215,0.0290565,0.02615085,0
BULLAUSDT,resident,新,1788425945000,09-03 16:59:05,0.0282885,0.03111735,0.0282885,0.02545965,0
BULLAUSDT,resident,新,1788425946000,09-03 16:59:06,0.0276125,0.03037375,0.0276125,0.02485125,0
BULLAUSDT,resident,新,1788425948000,09-03 16:59:08,0.0280275,0.03083025,0.0280275,0.02522475,0
BULLAUSDT,resident,新,1788425953000,09-03 16:59:13,0.0277455,0.03052005,0.0277455,0.02497095,0
BULLAUSDT,resident,新,1788425963000,09-03 16:59:23,0.0274415,0.03018565,0.0274415,0.02469735,0
BULLAUSDT,resident,新,1788425967000,09-03 16:59:27,0.027754,0.0305294,0.027754,0.0249786,0
BULLAUSDT,resident,新,1788426031000,09-03 17:00:31,0.027461,0.0302071,0.027461,0.0247149,0
BULLAUSDT,resident,新,1788426105000,09-03 17:01:45,0.0277685,0.03054535,0.0277685,0.02499165,0
BULLAUSDT,resident,新,1788426109000,09-03 17:01:49,0.0281195,0.03093145,0.0281195,0.02530755,0
BULLAUSDT,resident,新,1788426111000,09-03 17:01:51,0.0278205,0.03060255,0.0278205,0.02503845,0
BULLAUSDT,resident,新,1788426171000,09-03 17:02:51,0.027473,0.0302203,0.027473,0.0247257,0
BULLAUSDT,resident,新,1788426261000,09-03 17:04:21,0.0277655,0.03054205,0.0277655,0.02498895,0
BULLAUSDT,resident,新,1788426309000,09-03 17:05:09,0.028051,0.0308561,0.028051,0.0252459,0
BULLAUSDT,resident,新,1788426343000,09-03 17:05:43,0.028377,0.0312147,0.028377,0.0255393,0
BULLAUSDT,resident,新,1788426381000,09-03 17:06:21,0.0286865,0.03155515,0.0286865,0.02581785,0
BULLAUSDT,resident,新,1788426406000,09-03 17:06:46,0.028379,0.0312169,0.028379,0.0255411,0
BULLAUSDT,resident,新,1788426435000,09-03 17:07:15,0.028051,0.0308561,0.028051,0.0252459,0
BULLAUSDT,resident,新,1788426452000,09-03 17:07:32,0.028362,0.0311982,0.028362,0.0255258,0
BULLAUSDT,resident,新,1788426651000,09-03 17:10:51,0.0280505,0.03085555,0.0280505,0.02524545,0
BULLAUSDT,resident,新,1788426726000,09-03 17:12:06,0.027705,0.0304755,0.027705,0.0249345,0
BULLAUSDT,resident,新,1788426728000,09-03 17:12:08,0.0273855,0.03012405,0.0273855,0.02464695,0
BULLAUSDT,resident,新,1788426730000,09-03 17:12:10,0.027108,0.0298188,0.027108,0.0243972,0
BULLAUSDT,resident,新,1788426737000,09-03 17:12:17,0.0266585,0.02932435,0.0266585,0.02399265,0
BULLAUSDT,resident,新,1788426738000,09-03 17:12:18,0.0262595,0.02888545,0.0262595,0.02363355,0
BULLAUSDT,resident,新,1788426741000,09-03 17:12:21,0.026535,0.0291885,0.026535,0.0238815,0
BULLAUSDT,resident,新,1788426746000,09-03 17:12:26,0.0262385,0.02886235,0.0262385,0.02361465,0
BULLAUSDT,resident,新,1788426748000,09-03 17:12:28,0.0265505,0.02920555,0.0265505,0.02389545,0
BULLAUSDT,resident,新,1788426761000,09-03 17:12:41,0.026189,0.0288079,0.026189,0.0235701,0
BULLAUSDT,resident,新,1788426770000,09-03 17:12:50,0.02648,0.029128,0.02648,0.023832,0
BULLAUSDT,resident,新,1788426799000,09-03 17:13:19,0.026212,0.0288332,0.026212,0.0235908,0
BULLAUSDT,resident,新,1788426815000,09-03 17:13:35,0.0264955,0.02914505,0.0264955,0.02384595,0
BULLAUSDT,resident,新,1788426852000,09-03 17:14:12,0.0267625,0.02943875,0.0267625,0.02408625,0
BULLAUSDT,resident,新,1788426861000,09-03 17:14:21,0.0270435,0.02974785,0.0270435,0.02433915,0
BULLAUSDT,resident,新,1788426903000,09-03 17:15:03,0.026656,0.0293216,0.026656,0.0239904,0
BULLAUSDT,resident,新,1788426968000,09-03 17:16:08,0.0269315,0.02962465,0.0269315,0.02423835,0
BULLAUSDT,resident,新,1788427039000,09-03 17:17:19,0.026622,0.0292842,0.026622,0.0239598,0
BULLAUSDT,resident,新,1788427098000,09-03 17:18:18,0.0270985,0.02980835,0.0270985,0.02438865,0
BULLAUSDT,resident,新,1788427343000,09-03 17:22:23,0.02748,0.030228,0.02748,0.024732,0
BULLAUSDT,resident,新,1788427359000,09-03 17:22:39,0.027154,0.0298694,0.027154,0.0244386,0
BULLAUSDT,resident,新,1788427382000,09-03 17:23:02,0.0266585,0.02932435,0.0266585,0.02399265,0
BULLAUSDT,resident,新,1788427406000,09-03 17:23:26,0.0269285,0.02962135,0.0269285,0.02423565,0
BULLAUSDT,resident,新,1788427500000,09-03 17:25:00,0.0266455,0.02931005,0.0266455,0.02398095,0
BULLAUSDT,resident,新,1788427609000,09-03 17:26:49,0.0269235,0.02961585,0.0269235,0.02423115,0
BULLAUSDT,resident,新,1788427745000,09-03 17:29:05,0.027223,0.0299453,0.027223,0.0245007,0
BULLAUSDT,resident,新,1788427902000,09-03 17:31:42,0.0267915,0.02947065,0.0267915,0.02411235,0
BULLAUSDT,resident,新,1788428008000,09-03 17:33:28,0.027077,0.0297847,0.027077,0.0243693,0
BULLAUSDT,resident,新,1788428148000,09-03 17:35:48,0.0273725,0.03010975,0.0273725,0.02463525,0
BULLAUSDT,resident,新,1788428644000,09-03 17:44:04,0.0276885,0.03045735,0.0276885,0.02491965,0
BULLAUSDT,resident,新,1788428647000,09-03 17:44:07,0.0280605,0.03086655,0.0280605,0.02525445,0
BULLAUSDT,resident,新,1788429251000,09-03 17:54:11,0.028345,0.0311795,0.028345,0.0255105,0
BULLAUSDT,resident,新,1788429620000,09-03 18:00:20,0.028053,0.0308583,0.028053,0.0252477,0
BULLAUSDT,resident,新,1788430131000,09-03 18:08:51,0.0283455,0.03118005,0.0283455,0.02551095,0
BULLAUSDT,resident,新,1788430330000,09-03 18:12:10,0.0286325,0.03149575,0.0286325,0.02576925,0
BULLAUSDT,resident,新,1788430419000,09-03 18:13:39,0.0283335,0.03116685,0.0283335,0.02550015,0
BULLAUSDT,resident,新,1788430502000,09-03 18:15:02,0.028623,0.0314853,0.028623,0.0257607,0
BULLAUSDT,resident,新,1788431172000,09-03 18:26:12,0.0289965,0.03189615,0.0289965,0.02609685,0
BULLAUSDT,resident,新,1788431535000,09-03 18:32:15,0.0293635,0.03229985,0.0293635,0.02642715,0
BULLAUSDT,resident,新,1788432004000,09-03 18:40:04,0.029065,0.0319715,0.029065,0.0261585,0
BULLAUSDT,resident,新,1788432077000,09-03 18:41:17,0.0293865,0.03232515,0.0293865,0.02644785,0
BULLAUSDT,resident,新,1788432289000,09-03 18:44:49,0.029074,0.0319814,0.029074,0.0261666,0
BULLAUSDT,resident,新,1788432342000,09-03 18:45:42,0.029368,0.0323048,0.029368,0.0264312,0
BULLAUSDT,resident,新,1788432703000,09-03 18:51:43,0.029058,0.0319638,0.029058,0.0261522,0
BULLAUSDT,resident,新,1788432751000,09-03 18:52:31,0.029363,0.0322993,0.029363,0.0264267,0
BULLAUSDT,resident,新,1788432802000,09-03 18:53:22,0.029657,0.0326227,0.029657,0.0266913,0
BULLAUSDT,resident,新,1788433224000,09-03 19:00:24,0.0293095,0.03224045,0.0293095,0.02637855,0
BULLAUSDT,resident,新,1788433460000,09-03 19:04:20,0.029615,0.0325765,0.029615,0.0266535,0
BULLAUSDT,resident,新,1788433672000,09-03 19:07:52,0.0292685,0.03219535,0.0292685,0.02634165,0
BULLAUSDT,resident,新,1788433695000,09-03 19:08:15,0.0289195,0.03181145,0.0289195,0.02602755,0
BULLAUSDT,resident,新,1788433740000,09-03 19:09:00,0.0292105,0.03213155,0.0292105,0.02628945,0
BULLAUSDT,resident,新,1788434195000,09-03 19:16:35,0.0289165,0.03180815,0.0289165,0.02602485,0
BULLAUSDT,resident,新,1788434259000,09-03 19:17:39,0.0284095,0.03125045,0.0284095,0.02556855,0
BULLAUSDT,resident,新,1788434325000,09-03 19:18:45,0.0287015,0.03157165,0.0287015,0.02583135,0
BULLAUSDT,resident,新,1788434333000,09-03 19:18:53,0.0283725,0.03120975,0.0283725,0.02553525,0
BULLAUSDT,resident,新,1788434451000,09-03 19:20:51,0.028664,0.0315304,0.028664,0.0257976,0
BULLAUSDT,resident,新,1788434584000,09-03 19:23:04,0.028377,0.0312147,0.028377,0.0255393,0
BULLAUSDT,resident,新,1788434593000,09-03 19:23:13,0.0280245,0.03082695,0.0280245,0.02522205,0
BULLAUSDT,resident,新,1788434811000,09-03 19:26:51,0.027735,0.0305085,0.027735,0.0249615,0
BULLAUSDT,resident,新,1788434849000,09-03 19:27:29,0.0280235,0.03082585,0.0280235,0.02522115,0
BULLAUSDT,resident,新,1788435041000,09-03 19:30:41,0.028304,0.0311344,0.028304,0.0254736,0
BULLAUSDT,resident,新,1788435044000,09-03 19:30:44,0.02863,0.031493,0.02863,0.025767,0
BULLAUSDT,resident,新,1788435097000,09-03 19:31:37,0.028333,0.0311663,0.028333,0.0254997,0
BULLAUSDT,resident,新,1788435325000,09-03 19:35:25,0.0280305,0.03083355,0.0280305,0.02522745,0
BULLAUSDT,resident,新,1788435379000,09-03 19:36:19,0.0283155,0.03114705,0.0283155,0.02548395,0
BULLAUSDT,resident,新,1788435476000,09-03 19:37:56,0.02861,0.031471,0.02861,0.025749,0
BULLAUSDT,resident,新,1788435519000,09-03 19:38:39,0.0289315,0.03182465,0.0289315,0.02603835,0
BULLAUSDT,resident,新,1788436250000,09-03 19:50:50,0.029232,0.0321552,0.029232,0.0263088,0
BULLAUSDT,resident,新,1788436367000,09-03 19:52:47,0.0295415,0.03249565,0.0295415,0.02658735,0
BULLAUSDT,resident,新,1788436442000,09-03 19:54:02,0.029861,0.0328471,0.029861,0.0268749,0
BULLAUSDT,resident,新,1788436539000,09-03 19:55:39,0.029543,0.0324973,0.029543,0.0265887,0
BULLAUSDT,resident,新,1788436834000,09-03 20:00:34,0.0298635,0.03284985,0.0298635,0.02687715,0
BULLAUSDT,resident,新,1788437091000,09-03 20:04:51,0.0295395,0.03249345,0.0295395,0.02658555,0
BULLAUSDT,resident,新,1788437347000,09-03 20:09:07,0.029854,0.0328394,0.029854,0.0268686,0
BULLAUSDT,resident,新,1788437393000,09-03 20:09:53,0.0294955,0.03244505,0.0294955,0.02654595,0
BULLAUSDT,resident,新,1788437396000,09-03 20:09:56,0.029173,0.0320903,0.029173,0.0262557,0
BULLAUSDT,resident,新,1788437514000,09-03 20:11:54,0.0294825,0.03243075,0.0294825,0.02653425,0
BULLAUSDT,resident,新,1788437840000,09-03 20:17:20,0.029779,0.0327569,0.029779,0.0268011,0
BULLAUSDT,resident,新,1788438039000,09-03 20:20:39,0.0294395,0.03238345,0.0294395,0.02649555,0
BULLAUSDT,resident,新,1788438042000,09-03 20:20:42,0.0291195,0.03203145,0.0291195,0.02620755,0
BULLAUSDT,resident,新,1788438044000,09-03 20:20:44,0.028805,0.0316855,0.028805,0.0259245,0
BULLAUSDT,resident,新,1788438050000,09-03 20:20:50,0.0284845,0.03133295,0.0284845,0.02563605,0
BULLAUSDT,resident,新,1788438063000,09-03 20:21:03,0.0281845,0.03100295,0.0281845,0.02536605,0
BULLAUSDT,resident,新,1788438067000,09-03 20:21:07,0.0284665,0.03131315,0.0284665,0.02561985,0
BULLAUSDT,resident,新,1788438079000,09-03 20:21:19,0.02817,0.030987,0.02817,0.025353,0
BULLAUSDT,resident,新,1788438086000,09-03 20:21:26,0.027822,0.0306042,0.027822,0.0250398,0
BULLAUSDT,resident,新,1788438089000,09-03 20:21:29,0.0273425,0.03007675,0.0273425,0.02460825,0
BULLAUSDT,resident,新,1788438091000,09-03 20:21:31,0.0276895,0.03045845,0.0276895,0.02492055,0
BULLAUSDT,resident,新,1788438107000,09-03 20:21:47,0.028057,0.0308627,0.028057,0.0252513,0
BULLAUSDT,resident,新,1788438114000,09-03 20:21:54,0.0277655,0.03054205,0.0277655,0.02498895,0
BULLAUSDT,resident,新,1788438128000,09-03 20:22:08,0.028089,0.0308979,0.028089,0.0252801,0
BULLAUSDT,resident,新,1788438144000,09-03 20:22:24,0.028392,0.0312312,0.028392,0.0255528,0
BULLAUSDT,resident,新,1788438217000,09-03 20:23:37,0.028703,0.0315733,0.028703,0.0258327,0
BULLAUSDT,resident,新,1788438272000,09-03 20:24:32,0.0281585,0.03097435,0.0281585,0.02534265,0
BULLAUSDT,resident,新,1788438276000,09-03 20:24:36,0.0278265,0.03060915,0.0278265,0.02504385,0
BULLAUSDT,resident,新,1788438317000,09-03 20:25:17,0.0281545,0.03096995,0.0281545,0.02533905,0
BULLAUSDT,resident,新,1788438330000,09-03 20:25:30,0.028443,0.0312873,0.028443,0.0255987,0
BULLAUSDT,resident,新,1788438343000,09-03 20:25:43,0.0281305,0.03094355,0.0281305,0.02531745,0
BULLAUSDT,resident,新,1788438714000,09-03 20:31:54,0.027835,0.0306185,0.027835,0.0250515,0
BULLAUSDT,resident,新,1788438726000,09-03 20:32:06,0.02754,0.030294,0.02754,0.024786,0
BULLAUSDT,resident,新,1788438798000,09-03 20:33:18,0.027822,0.0306042,0.027822,0.0250398,0
BULLAUSDT,resident,新,1788438816000,09-03 20:33:36,0.0281025,0.03091275,0.0281025,0.02529225,0
BULLAUSDT,resident,新,1788438857000,09-03 20:34:17,0.027796,0.0305756,0.027796,0.0250164,0
BULLAUSDT,resident,新,1788438926000,09-03 20:35:26,0.027487,0.0302357,0.027487,0.0247383,0
BULLAUSDT,resident,新,1788438961000,09-03 20:36:01,0.0278525,0.03063775,0.0278525,0.02506725,0
BULLAUSDT,resident,新,1788439171000,09-03 20:39:31,0.0281595,0.03097545,0.0281595,0.02534355,0
BULLAUSDT,resident,新,1788439290000,09-03 20:41:30,0.0278595,0.03064545,0.0278595,0.02507355,0
BULLAUSDT,resident,新,1788439427000,09-03 20:43:47,0.028149,0.0309639,0.028149,0.0253341,0
BULLAUSDT,resident,新,1788439440000,09-03 20:44:00,0.0286105,0.03147155,0.0286105,0.02574945,0
BULLAUSDT,resident,新,1788439442000,09-03 20:44:02,0.0289405,0.03183455,0.0289405,0.02604645,0
BULLAUSDT,resident,新,1788439481000,09-03 20:44:41,0.0286365,0.03150015,0.0286365,0.02577285,0
BULLAUSDT,resident,新,1788439750000,09-03 20:49:10,0.028987,0.0318857,0.028987,0.0260883,0
BULLAUSDT,resident,新,1788440043000,09-03 20:54:03,0.0293065,0.03223715,0.0293065,0.02637585,0
BULLAUSDT,resident,新,1788440050000,09-03 20:54:10,0.0296045,0.03256495,0.0296045,0.02664405,0
BULLAUSDT,resident,新,1788440223000,09-03 20:57:03,0.0299185,0.03291035,0.0299185,0.02692665,0
BULLAUSDT,resident,新,1788440317000,09-03 20:58:37,0.0295945,0.03255395,0.0295945,0.02663505,0
BULLAUSDT,resident,新,1788440506000,09-03 21:01:46,0.028943,0.0318373,0.028943,0.0260487,0
BULLAUSDT,resident,新,1788440581000,09-03 21:03:01,0.0292555,0.03218105,0.0292555,0.02632995,0
BULLAUSDT,resident,新,1788440742000,09-03 21:05:42,0.029573,0.0325303,0.029573,0.0266157,0
BULLAUSDT,resident,新,1788441159000,09-03 21:12:39,0.030079,0.0330869,0.030079,0.0270711,0
BULLAUSDT,resident,新,1788441186000,09-03 21:13:06,0.03056,0.033616,0.03056,0.027504,0
BULLAUSDT,resident,新,1788441196000,09-03 21:13:16,0.0302535,0.03327885,0.0302535,0.02722815,0
BULLAUSDT,resident,新,1788441198000,09-03 21:13:18,0.0297935,0.03277285,0.0297935,0.02681415,0
BULLAUSDT,resident,新,1788441251000,09-03 21:14:11,0.0300975,0.03310725,0.0300975,0.02708775,0
BULLAUSDT,resident,新,1788441647000,09-03 21:20:47,0.029327,0.0322597,0.029327,0.0263943,0
BULLAUSDT,resident,新,1788441651000,09-03 21:20:51,0.028896,0.0317856,0.028896,0.0260064,0
BULLAUSDT,resident,新,1788441652000,09-03 21:20:52,0.028454,0.0312994,0.028454,0.0256086,0
BULLAUSDT,resident,新,1788441659000,09-03 21:20:59,0.0288105,0.03169155,0.0288105,0.02592945,0
BULLAUSDT,resident,新,1788441671000,09-03 21:21:11,0.028182,0.0310002,0.028182,0.0253638,0
BULLAUSDT,resident,新,1788441672000,09-03 21:21:12,0.0278715,0.03065865,0.0278715,0.02508435,0
BULLAUSDT,resident,新,1788441675000,09-03 21:21:15,0.028199,0.0310189,0.028199,0.0253791,0
BULLAUSDT,resident,新,1788441699000,09-03 21:21:39,0.02852,0.031372,0.02852,0.025668,0
BULLAUSDT,resident,新,1788441729000,09-03 21:22:09,0.0281405,0.03095455,0.0281405,0.02532645,0
BULLAUSDT,resident,新,1788441730000,09-03 21:22:10,0.0276435,0.03040785,0.0276435,0.02487915,0
BULLAUSDT,resident,新,1788441741000,09-03 21:22:21,0.0272965,0.03002615,0.0272965,0.02456685,0
BULLAUSDT,resident,新,1788441747000,09-03 21:22:27,0.026948,0.0296428,0.026948,0.0242532,0
BULLAUSDT,resident,新,1788441750000,09-03 21:22:30,0.0265725,0.02922975,0.0265725,0.02391525,0
BULLAUSDT,resident,新,1788441763000,09-03 21:22:43,0.027223,0.0299453,0.027223,0.0245007,0
BULLAUSDT,resident,新,1788441764000,09-03 21:22:44,0.0278635,0.03064985,0.0278635,0.02507715,0
BULLAUSDT,resident,新,1788441772000,09-03 21:22:52,0.0281685,0.03098535,0.0281685,0.02535165,0
BULLAUSDT,resident,新,1788441782000,09-03 21:23:02,0.027851,0.0306361,0.027851,0.0250659,0
BULLAUSDT,resident,新,1788441792000,09-03 21:23:12,0.0286665,0.03153315,0.0286665,0.02579985,0
BULLAUSDT,resident,新,1788441793000,09-03 21:23:13,0.029272,0.0321992,0.029272,0.0263448,0
BULLAUSDT,resident,新,1788441795000,09-03 21:23:15,0.028815,0.0316965,0.028815,0.0259335,0
BULLAUSDT,resident,新,1788441813000,09-03 21:23:33,0.0291725,0.03208975,0.0291725,0.02625525,0
BULLAUSDT,resident,新,1788441824000,09-03 21:23:44,0.029471,0.0324181,0.029471,0.0265239,0
BULLAUSDT,resident,新,1788441829000,09-03 21:23:49,0.0298545,0.03283995,0.0298545,0.02686905,0
BULLAUSDT,resident,新,1788441902000,09-03 21:25:02,0.030167,0.0331837,0.030167,0.0271503,0
BULLAUSDT,resident,新,1788441904000,09-03 21:25:04,0.0305395,0.03359345,0.0305395,0.02748555,0
BULLAUSDT,resident,新,1788441943000,09-03 21:25:43,0.0308945,0.03398395,0.0308945,0.02780505,0
BULLAUSDT,resident,新,1788441945000,09-03 21:25:45,0.030577,0.0336347,0.030577,0.0275193,0
BULLAUSDT,resident,新,1788441954000,09-03 21:25:54,0.0301045,0.03311495,0.0301045,0.02709405,0
BULLAUSDT,resident,新,1788441956000,09-03 21:25:56,0.0296955,0.03266505,0.0296955,0.02672595,0
BULLAUSDT,resident,新,1788441960000,09-03 21:26:00,0.0293485,0.03228335,0.0293485,0.02641365,0
BULLAUSDT,resident,新,1788442040000,09-03 21:27:20,0.029792,0.0327712,0.029792,0.0268128,0
BULLAUSDT,resident,新,1788442045000,09-03 21:27:25,0.0301195,0.03313145,0.0301195,0.02710755,0
BULLAUSDT,resident,新,1788442049000,09-03 21:27:29,0.0296945,0.03266395,0.0296945,0.02672505,0
BULLAUSDT,resident,新,1788442052000,09-03 21:27:32,0.0300185,0.03302035,0.0300185,0.02701665,0
BULLAUSDT,resident,新,1788442079000,09-03 21:27:59,0.0296415,0.03260565,0.0296415,0.02667735,0
BULLAUSDT,resident,新,1788442085000,09-03 21:28:05,0.029984,0.0329824,0.029984,0.0269856,0
BULLAUSDT,resident,新,1788442090000,09-03 21:28:10,0.0302865,0.03331515,0.0302865,0.02725785,0
BULLAUSDT,resident,新,1788442212000,09-03 21:30:12,0.029907,0.0328977,0.029907,0.0269163,0
BULLAUSDT,resident,新,1788442240000,09-03 21:30:40,0.0302805,0.03330855,0.0302805,0.02725245,0
BULLAUSDT,resident,新,1788442252000,09-03 21:30:52,0.029882,0.0328702,0.029882,0.0268938,0
BULLAUSDT,resident,新,1788442557000,09-03 21:35:57,0.029582,0.0325402,0.029582,0.0266238,0
BULLAUSDT,resident,新,1788442721000,09-03 21:38:41,0.0298795,0.03286745,0.0298795,0.02689155,0
BULLAUSDT,resident,新,1788443222000,09-03 21:47:02,0.029437,0.0323807,0.029437,0.0264933,0
BULLAUSDT,resident,新,1788443281000,09-03 21:48:01,0.0297765,0.03275415,0.0297765,0.02679885,0
BULLAUSDT,resident,新,1788443331000,09-03 21:48:51,0.0300955,0.03310505,0.0300955,0.02708595,0
BULLAUSDT,resident,新,1788444628000,09-03 22:10:28,0.030637,0.0337007,0.030637,0.0275733,0
BULLAUSDT,resident,新,1788444639000,09-03 22:10:39,0.0303,0.03333,0.0303,0.02727,0
BULLAUSDT,resident,新,1788444689000,09-03 22:11:29,0.0306455,0.03371005,0.0306455,0.02758095,0
BULLAUSDT,resident,新,1788444850000,09-03 22:14:10,0.031089,0.0341979,0.031089,0.0279801,0
BULLAUSDT,resident,新,1788444852000,09-03 22:14:12,0.031445,0.0345895,0.031445,0.0283005,0
BULLAUSDT,resident,新,1788444861000,09-03 22:14:21,0.032042,0.0352462,0.032042,0.0288378,0
BULLAUSDT,resident,新,1788444864000,09-03 22:14:24,0.032654,0.0359194,0.032654,0.0293886,0
BULLAUSDT,resident,新,1788444872000,09-03 22:14:32,0.033057,0.0363627,0.033057,0.0297513,0
BULLAUSDT,resident,新,1788444908000,09-03 22:15:08,0.032705,0.0359755,0.032705,0.0294345,0
BULLAUSDT,resident,新,1788445208000,09-03 22:20:08,0.033033,0.0363363,0.033033,0.0297297,0
BULLAUSDT,resident,新,1788445308000,09-03 22:21:48,0.0326495,0.03591445,0.0326495,0.02938455,0
BULLAUSDT,resident,新,1788445583000,09-03 22:26:23,0.032,0.0352,0.032,0.0288,0
BULLAUSDT,resident,新,1788445584000,09-03 22:26:24,0.031585,0.0347435,0.031585,0.0284265,0
BULLAUSDT,resident,新,1788445616000,09-03 22:26:56,0.0311585,0.03427435,0.0311585,0.02804265,0
BULLAUSDT,resident,新,1788445693000,09-03 22:28:13,0.0308255,0.03390805,0.0308255,0.02774295,0
BULLAUSDT,resident,新,1788445712000,09-03 22:28:32,0.031755,0.0349305,0.031755,0.0285795,0
BULLAUSDT,resident,新,1788445713000,09-03 22:28:33,0.0324615,0.03570765,0.0324615,0.02921535,0
BULLAUSDT,resident,新,1788445904000,09-03 22:31:44,0.032833,0.0361163,0.032833,0.0295497,0
BULLAUSDT,resident,新,1788445923000,09-03 22:32:03,0.032483,0.0357313,0.032483,0.0292347,0
BULLAUSDT,resident,新,1788446414000,09-03 22:40:14,0.032849,0.0361339,0.032849,0.0295641,0
BULLAUSDT,resident,新,1788446417000,09-03 22:40:17,0.033426,0.0367686,0.033426,0.0300834,0
BULLAUSDT,resident,新,1788446419000,09-03 22:40:19,0.0329535,0.03624885,0.0329535,0.02965815,0
BULLAUSDT,resident,新,1788446454000,09-03 22:40:54,0.0326015,0.03586165,0.0326015,0.02934135,0
BULLAUSDT,resident,新,1788446673000,09-03 22:44:33,0.032205,0.0354255,0.032205,0.0289845,0
BULLAUSDT,resident,新,1788446751000,09-03 22:45:51,0.0325525,0.03580775,0.0325525,0.02929725,0
BULLAUSDT,resident,新,1788447219000,09-03 22:53:39,0.0328995,0.03618945,0.0328995,0.02960955,0
BULLAUSDT,resident,新,1788447308000,09-03 22:55:08,0.033243,0.0365673,0.033243,0.0299187,0
BULLAUSDT,resident,新,1788447353000,09-03 22:55:53,0.0326065,0.03586715,0.0326065,0.02934585,0
BULLAUSDT,resident,新,1788447362000,09-03 22:56:02,0.032933,0.0362263,0.032933,0.0296397,0
BULLAUSDT,resident,新,1788447607000,09-03 23:00:07,0.0332695,0.03659645,0.0332695,0.02994255,0
BULLAUSDT,resident,新,1788447641000,09-03 23:00:41,0.0327475,0.03602225,0.0327475,0.02947275,0
BULLAUSDT,resident,新,1788447673000,09-03 23:01:13,0.033086,0.0363946,0.033086,0.0297774,0
BULLAUSDT,resident,新,1788447722000,09-03 23:02:02,0.0334195,0.03676145,0.0334195,0.03007755,0
BULLAUSDT,resident,新,1788447857000,09-03 23:04:17,0.0329415,0.03623565,0.0329415,0.02964735,0
BULLAUSDT,resident,新,1788447965000,09-03 23:06:05,0.033272,0.0365992,0.033272,0.0299448,0
BULLAUSDT,resident,新,1788448084000,09-03 23:08:04,0.0336325,0.03699575,0.0336325,0.03026925,0
BULLAUSDT,resident,新,1788448270000,09-03 23:11:10,0.03329,0.036619,0.03329,0.029961,0
BULLAUSDT,resident,新,1788448613000,09-03 23:16:53,0.0329235,0.03621585,0.0329235,0.02963115,0
BULLAUSDT,resident,新,1788448645000,09-03 23:17:25,0.032592,0.0358512,0.032592,0.0293328,0
BULLAUSDT,resident,新,1788448727000,09-03 23:18:47,0.0329495,0.03624445,0.0329495,0.02965455,0
BULLAUSDT,resident,新,1788448806000,09-03 23:20:06,0.033474,0.0368214,0.033474,0.0301266,0
BULLAUSDT,resident,新,1788448887000,09-03 23:21:27,0.0339015,0.03729165,0.0339015,0.03051135,0
BULLAUSDT,resident,新,1788448897000,09-03 23:21:37,0.0343315,0.03776465,0.0343315,0.03089835,0
BULLAUSDT,resident,新,1788448922000,09-03 23:22:02,0.034686,0.0381546,0.034686,0.0312174,0
BULLAUSDT,resident,新,1788448927000,09-03 23:22:07,0.03506,0.038566,0.03506,0.031554,0
BULLAUSDT,resident,新,1788448943000,09-03 23:22:23,0.035487,0.0390357,0.035487,0.0319383,0
BULLAUSDT,resident,新,1788448948000,09-03 23:22:28,0.036048,0.0396528,0.036048,0.0324432,0
BULLAUSDT,resident,新,1788448954000,09-03 23:22:34,0.035582,0.0391402,0.035582,0.0320238,0
BULLAUSDT,resident,新,1788448958000,09-03 23:22:38,0.0359405,0.03953455,0.0359405,0.03234645,0
BULLAUSDT,resident,新,1788448963000,09-03 23:22:43,0.036321,0.0399531,0.036321,0.0326889,0
BULLAUSDT,resident,新,1788448989000,09-03 23:23:09,0.036687,0.0403557,0.036687,0.0330183,0
BULLAUSDT,resident,新,1788448991000,09-03 23:23:11,0.0370705,0.04077755,0.0370705,0.03336345,0
BULLAUSDT,resident,新,1788448994000,09-03 23:23:14,0.0374585,0.04120435,0.0374585,0.03371265,0
BULLAUSDT,resident,新,1788448996000,09-03 23:23:16,0.0368755,0.04056305,0.0368755,0.03318795,0
BULLAUSDT,resident,新,1788449016000,09-03 23:23:36,0.036461,0.0401071,0.036461,0.0328149,0
BULLAUSDT,resident,新,1788449049000,09-03 23:24:09,0.0368855,0.04057405,0.0368855,0.03319695,0
BULLAUSDT,resident,新,1788449061000,09-03 23:24:21,0.037321,0.0410531,0.037321,0.0335889,0
BULLAUSDT,resident,新,1788449079000,09-03 23:24:39,0.036922,0.0406142,0.036922,0.0332298,0
BULLAUSDT,resident,新,1788449085000,09-03 23:24:45,0.0373225,0.04105475,0.0373225,0.03359025,0
BULLAUSDT,resident,新,1788449090000,09-03 23:24:50,0.0369475,0.04064225,0.0369475,0.03325275,0
BULLAUSDT,resident,新,1788449105000,09-03 23:25:05,0.0373305,0.04106355,0.0373305,0.03359745,0
BULLAUSDT,resident,新,1788449106000,09-03 23:25:06,0.0377075,0.04147825,0.0377075,0.03393675,0
BULLAUSDT,resident,新,1788449145000,09-03 23:25:45,0.0380925,0.04190175,0.0380925,0.03428325,0
BULLAUSDT,resident,新,1788449184000,09-03 23:26:24,0.0385255,0.04237805,0.0385255,0.03467295,0
BULLAUSDT,resident,新,1788449196000,09-03 23:26:36,0.038054,0.0418594,0.038054,0.0342486,0
BULLAUSDT,resident,新,1788449264000,09-03 23:27:44,0.037589,0.0413479,0.037589,0.0338301,0
BULLAUSDT,resident,新,1788449277000,09-03 23:27:57,0.0379855,0.04178405,0.0379855,0.03418695,0
BULLAUSDT,resident,新,1788449432000,09-03 23:30:32,0.0383835,0.04222185,0.0383835,0.03454515,0
BULLAUSDT,resident,新,1788449442000,09-03 23:30:42,0.038795,0.0426745,0.038795,0.0349155,0
BULLAUSDT,resident,新,1788449444000,09-03 23:30:44,0.0392805,0.04320855,0.0392805,0.03535245,0
BULLAUSDT,resident,新,1788449462000,09-03 23:31:02,0.038778,0.0426558,0.038778,0.0349002,0
BULLAUSDT,resident,新,1788449465000,09-03 23:31:05,0.0383075,0.04213825,0.0383075,0.03447675,0
BULLAUSDT,resident,新,1788449497000,09-03 23:31:37,0.039129,0.0430419,0.039129,0.0352161,0
BULLAUSDT,resident,新,1788449530000,09-03 23:32:10,0.0386995,0.04256945,0.0386995,0.03482955,0
BULLAUSDT,resident,新,1788449545000,09-03 23:32:25,0.0393845,0.04332295,0.0393845,0.03544605,0
BULLAUSDT,resident,新,1788449556000,09-03 23:32:36,0.038911,0.0428021,0.038911,0.0350199,0
BULLAUSDT,resident,新,1788449592000,09-03 23:33:12,0.039348,0.0432828,0.039348,0.0354132,0
BULLAUSDT,resident,新,1788449608000,09-03 23:33:28,0.039747,0.0437217,0.039747,0.0357723,0
BULLAUSDT,resident,新,1788449616000,09-03 23:33:36,0.039345,0.0432795,0.039345,0.0354105,0
BULLAUSDT,resident,新,1788449622000,09-03 23:33:42,0.039818,0.0437998,0.039818,0.0358362,0
BULLAUSDT,resident,新,1788449673000,09-03 23:34:33,0.039398,0.0433378,0.039398,0.0354582,0
BULLAUSDT,resident,新,1788449730000,09-03 23:35:30,0.039827,0.0438097,0.039827,0.0358443,0
BULLAUSDT,resident,新,1788449777000,09-03 23:36:17,0.0402365,0.04426015,0.0402365,0.03621285,0
BULLAUSDT,resident,新,1788449799000,09-03 23:36:39,0.0406635,0.04472985,0.0406635,0.03659715,0
BULLAUSDT,resident,新,1788449825000,09-03 23:37:05,0.0401775,0.04419525,0.0401775,0.03615975,0
BULLAUSDT,resident,新,1788449833000,09-03 23:37:13,0.0405905,0.04464955,0.0405905,0.03653145,0
BULLAUSDT,resident,新,1788449845000,09-03 23:37:25,0.040015,0.0440165,0.040015,0.0360135,0
BULLAUSDT,resident,新,1788449866000,09-03 23:37:46,0.039492,0.0434412,0.039492,0.0355428,0
BULLAUSDT,resident,新,1788449895000,09-03 23:38:15,0.0398995,0.04388945,0.0398995,0.03590955,0
BULLAUSDT,resident,新,1788449953000,09-03 23:39:13,0.039476,0.0434236,0.039476,0.0355284,0
BULLAUSDT,resident,新,1788449977000,09-03 23:39:37,0.038783,0.0426613,0.038783,0.0349047,0
BULLAUSDT,resident,新,1788449990000,09-03 23:39:50,0.039171,0.0430881,0.039171,0.0352539,0
BULLAUSDT,resident,新,1788450007000,09-03 23:40:07,0.038749,0.0426239,0.038749,0.0348741,0
BULLAUSDT,resident,新,1788450029000,09-03 23:40:29,0.0391465,0.04306115,0.0391465,0.03523185,0
BULLAUSDT,resident,新,1788450091000,09-03 23:41:31,0.0387205,0.04259255,0.0387205,0.03484845,0
BULLAUSDT,resident,新,1788450093000,09-03 23:41:33,0.039257,0.0431827,0.039257,0.0353313,0
BULLAUSDT,resident,新,1788450098000,09-03 23:41:38,0.038818,0.0426998,0.038818,0.0349362,0
BULLAUSDT,resident,新,1788450182000,09-03 23:43:02,0.039231,0.0431541,0.039231,0.0353079,0
BULLAUSDT,resident,新,1788450253000,09-03 23:44:13,0.038834,0.0427174,0.038834,0.0349506,0
BULLAUSDT,resident,新,1788450360000,09-03 23:46:00,0.0392345,0.04315795,0.0392345,0.03531105,0
BULLAUSDT,resident,新,1788450421000,09-03 23:47:01,0.0397525,0.04372775,0.0397525,0.03577725,0
BULLAUSDT,resident,新,1788450463000,09-03 23:47:43,0.0393455,0.04328005,0.0393455,0.03541095,0
BULLAUSDT,resident,新,1788450541000,09-03 23:49:01,0.0397925,0.04377175,0.0397925,0.03581325,0
BULLAUSDT,resident,新,1788450586000,09-03 23:49:46,0.0392415,0.04316565,0.0392415,0.03531735,0
BULLAUSDT,resident,新,1788450591000,09-03 23:49:51,0.038742,0.0426162,0.038742,0.0348678,0
BULLAUSDT,resident,新,1788450593000,09-03 23:49:53,0.0394055,0.04334605,0.0394055,0.03546495,0
BULLAUSDT,resident,新,1788450605000,09-03 23:50:05,0.0389915,0.04289065,0.0389915,0.03509235,0
BULLAUSDT,resident,新,1788450819000,09-03 23:53:39,0.038575,0.0424325,0.038575,0.0347175,0
BULLAUSDT,resident,新,1788450875000,09-03 23:54:35,0.038979,0.0428769,0.038979,0.0350811,0
BULLAUSDT,resident,新,1788450988000,09-03 23:56:28,0.039425,0.0433675,0.039425,0.0354825,0
BULLAUSDT,resident,新,1788451108000,09-03 23:58:28,0.0389575,0.04285325,0.0389575,0.03506175,0
BULLAUSDT,resident,新,1788451109000,09-03 23:58:29,0.038322,0.0421542,0.038322,0.0344898,0
BULLAUSDT,resident,新,1788451114000,09-03 23:58:34,0.0390215,0.04292365,0.0390215,0.03511935,0
BULLAUSDT,resident,新,1788451128000,09-03 23:58:48,0.038498,0.0423478,0.038498,0.0346482,0
BULLAUSDT,resident,新,1788451137000,09-03 23:58:57,0.0391195,0.04303145,0.0391195,0.03520755,0
BULLAUSDT,resident,新,1788451220000,09-04 00:00:20,0.03952,0.043472,0.03952,0.035568,0
BULLAUSDT,resident,新,1788451267000,09-04 00:01:07,0.039114,0.0430254,0.039114,0.0352026,0
BULLAUSDT,resident,新,1788451441000,09-04 00:04:01,0.0386885,0.04255735,0.0386885,0.03481965,0
BULLAUSDT,resident,新,1788451482000,09-04 00:04:42,0.039117,0.0430287,0.039117,0.0352053,0
BULLAUSDT,resident,新,1788451810000,09-04 00:10:10,0.0395915,0.04355065,0.0395915,0.03563235,0
BULLAUSDT,resident,新,1788451934000,09-04 00:12:14,0.0409595,0.04505545,0.0409595,0.03686355,0
BULLAUSDT,resident,新,1788451935000,09-04 00:12:15,0.041985,0.0461835,0.041985,0.0377865,0
BULLAUSDT,resident,新,1788451938000,09-04 00:12:18,0.0410715,0.04517865,0.0410715,0.03696435,0
BULLAUSDT,resident,新,1788451957000,09-04 00:12:37,0.041525,0.0456775,0.041525,0.0373725,0
BULLAUSDT,resident,新,1788451961000,09-04 00:12:41,0.0421855,0.04640405,0.0421855,0.03796695,0
BULLAUSDT,resident,新,1788451977000,09-04 00:12:57,0.04175,0.045925,0.04175,0.037575,0
BULLAUSDT,resident,新,1788451985000,09-04 00:13:05,0.0413195,0.04545145,0.0413195,0.03718755,0
BULLAUSDT,resident,新,1788452027000,09-04 00:13:47,0.041745,0.0459195,0.041745,0.0375705,0
BULLAUSDT,resident,新,1788452110000,09-04 00:15:10,0.041302,0.0454322,0.041302,0.0371718,0
BULLAUSDT,resident,新,1788452112000,09-04 00:15:12,0.040812,0.0448932,0.040812,0.0367308,0
BULLAUSDT,resident,新,1788452123000,09-04 00:15:23,0.041262,0.0453882,0.041262,0.0371358,0
BULLAUSDT,resident,新,1788452143000,09-04 00:15:43,0.0416765,0.04584415,0.0416765,0.03750885,0
BULLAUSDT,resident,新,1788452175000,09-04 00:16:15,0.0421005,0.04631055,0.0421005,0.03789045,0
BULLAUSDT,resident,新,1788452179000,09-04 00:16:19,0.0425575,0.04681325,0.0425575,0.03830175,0
BULLAUSDT,resident,新,1788452180000,09-04 00:16:20,0.043123,0.0474353,0.043123,0.0388107,0
BULLAUSDT,resident,新,1788452196000,09-04 00:16:36,0.0437775,0.04815525,0.0437775,0.03939975,0
BULLAUSDT,resident,新,1788452205000,09-04 00:16:45,0.044238,0.0486618,0.044238,0.0398142,0
BULLAUSDT,resident,新,1788452208000,09-04 00:16:48,0.0437475,0.04812225,0.0437475,0.03937275,0
BULLAUSDT,resident,新,1788452222000,09-04 00:17:02,0.043166,0.0474826,0.043166,0.0388494,0
BULLAUSDT,resident,新,1788452226000,09-04 00:17:06,0.042633,0.0468963,0.042633,0.0383697,0
BULLAUSDT,resident,新,1788452340000,09-04 00:19:00,0.0431285,0.04744135,0.0431285,0.03881565,0
BULLAUSDT,resident,新,1788452384000,09-04 00:19:44,0.0426895,0.04695845,0.0426895,0.03842055,0
BULLAUSDT,resident,新,1788452547000,09-04 00:22:27,0.0422485,0.04647335,0.0422485,0.03802365,0
BULLAUSDT,resident,新,1788452557000,09-04 00:22:37,0.0417995,0.04597945,0.0417995,0.03761955,0
BULLAUSDT,resident,新,1788452607000,09-04 00:23:27,0.0413775,0.04551525,0.0413775,0.03723975,0
BULLAUSDT,resident,新,1788452648000,09-04 00:24:08,0.0418015,0.04598165,0.0418015,0.03762135,0
BULLAUSDT,resident,新,1788452704000,09-04 00:25:04,0.0413775,0.04551525,0.0413775,0.03723975,0
BULLAUSDT,resident,新,1788452705000,09-04 00:25:05,0.040427,0.0444697,0.040427,0.0363843,0
BULLAUSDT,resident,新,1788452706000,09-04 00:25:06,0.039941,0.0439351,0.039941,0.0359469,0
BULLAUSDT,resident,新,1788452716000,09-04 00:25:16,0.040358,0.0443938,0.040358,0.0363222,0
BULLAUSDT,resident,新,1788452731000,09-04 00:25:31,0.039812,0.0437932,0.039812,0.0358308,0
BULLAUSDT,resident,新,1788452737000,09-04 00:25:37,0.0392595,0.04318545,0.0392595,0.03533355,0
BULLAUSDT,resident,新,1788452763000,09-04 00:26:03,0.038823,0.0427053,0.038823,0.0349407,0
BULLAUSDT,resident,新,1788452764000,09-04 00:26:04,0.03796,0.041756,0.03796,0.034164,0
BULLAUSDT,resident,新,1788452766000,09-04 00:26:06,0.0375565,0.04131215,0.0375565,0.03380085,0
BULLAUSDT,resident,新,1788452768000,09-04 00:26:08,0.038115,0.0419265,0.038115,0.0343035,0
BULLAUSDT,resident,新,1788452773000,09-04 00:26:13,0.037716,0.0414876,0.037716,0.0339444,0
BULLAUSDT,resident,新,1788452779000,09-04 00:26:19,0.0372485,0.04097335,0.0372485,0.03352365,0
BULLAUSDT,resident,新,1788452790000,09-04 00:26:30,0.037685,0.0414535,0.037685,0.0339165,0
BULLAUSDT,resident,新,1788452795000,09-04 00:26:35,0.0381465,0.04196115,0.0381465,0.03433185,0
BULLAUSDT,resident,新,1788452799000,09-04 00:26:39,0.037695,0.0414645,0.037695,0.0339255,0
BULLAUSDT,resident,新,1788452819000,09-04 00:26:59,0.0380825,0.04189075,0.0380825,0.03427425,0
BULLAUSDT,resident,新,1788452824000,09-04 00:27:04,0.03769,0.041459,0.03769,0.033921,0
BULLAUSDT,resident,新,1788452832000,09-04 00:27:12,0.037308,0.0410388,0.037308,0.0335772,0
BULLAUSDT,resident,新,1788452834000,09-04 00:27:14,0.036849,0.0405339,0.036849,0.0331641,0
BULLAUSDT,resident,新,1788452843000,09-04 00:27:23,0.0372555,0.04098105,0.0372555,0.03352995,0
BULLAUSDT,resident,新,1788452884000,09-04 00:28:04,0.0364245,0.04006695,0.0364245,0.03278205,0
BULLAUSDT,resident,新,1788452885000,09-04 00:28:05,0.0355075,0.03905825,0.0355075,0.03195675,0
BULLAUSDT,resident,新,1788452887000,09-04 00:28:07,0.0360795,0.03968745,0.0360795,0.03247155,0
BULLAUSDT,resident,新,1788452892000,09-04 00:28:12,0.0364445,0.04008895,0.0364445,0.03280005,0
BULLAUSDT,resident,新,1788452903000,09-04 00:28:23,0.0358575,0.03944325,0.0358575,0.03227175,0
BULLAUSDT,resident,新,1788452913000,09-04 00:28:33,0.0362415,0.03986565,0.0362415,0.03261735,0
BULLAUSDT,resident,新,1788452924000,09-04 00:28:44,0.0354765,0.03902415,0.0354765,0.03192885,0
BULLAUSDT,resident,新,1788452929000,09-04 00:28:49,0.03593,0.039523,0.03593,0.032337,0
BULLAUSDT,resident,新,1788452932000,09-04 00:28:52,0.0355625,0.03911875,0.0355625,0.03200625,0
BULLAUSDT,resident,新,1788452943000,09-04 00:29:03,0.034837,0.0383207,0.034837,0.0313533,0
BULLAUSDT,resident,新,1788452945000,09-04 00:29:05,0.0343815,0.03781965,0.0343815,0.03094335,0
BULLAUSDT,resident,新,1788452947000,09-04 00:29:07,0.0348035,0.03828385,0.0348035,0.03132315,0
BULLAUSDT,resident,新,1788452955000,09-04 00:29:15,0.034451,0.0378961,0.034451,0.0310059,0
BULLAUSDT,resident,新,1788452957000,09-04 00:29:17,0.0340525,0.03745775,0.0340525,0.03064725,0
BULLAUSDT,resident,新,1788452959000,09-04 00:29:19,0.0336695,0.03703645,0.0336695,0.03030255,0
BULLAUSDT,resident,新,1788452965000,09-04 00:29:25,0.0340585,0.03746435,0.0340585,0.03065265,0
BULLAUSDT,resident,新,1788452981000,09-04 00:29:41,0.0344545,0.03789995,0.0344545,0.03100905,0
BULLAUSDT,resident,新,1788452985000,09-04 00:29:45,0.0349295,0.03842245,0.0349295,0.03143655,0
BULLAUSDT,resident,新,1788452989000,09-04 00:29:49,0.0354815,0.03902965,0.0354815,0.03193335,0
BULLAUSDT,resident,新,1788453000000,09-04 00:30:00,0.0350625,0.03856875,0.0350625,0.03155625,0
BULLAUSDT,resident,新,1788453003000,09-04 00:30:03,0.035553,0.0391083,0.035553,0.0319977,0
BULLAUSDT,resident,新,1788453005000,09-04 00:30:05,0.0351395,0.03865345,0.0351395,0.03162555,0
BULLAUSDT,resident,新,1788453025000,09-04 00:30:25,0.0355105,0.03906155,0.0355105,0.03195945,0
BULLAUSDT,resident,新,1788453040000,09-04 00:30:40,0.0358975,0.03948725,0.0358975,0.03230775,0
BULLAUSDT,resident,新,1788453048000,09-04 00:30:48,0.035315,0.0388465,0.035315,0.0317835,0
BULLAUSDT,resident,新,1788453099000,09-04 00:31:39,0.0357225,0.03929475,0.0357225,0.03215025,0
BULLAUSDT,resident,新,1788453115000,09-04 00:31:55,0.03619,0.039809,0.03619,0.032571,0
BULLAUSDT,resident,新,1788453146000,09-04 00:32:26,0.036675,0.0403425,0.036675,0.0330075,0
BULLAUSDT,resident,新,1788453152000,09-04 00:32:32,0.0360065,0.03960715,0.0360065,0.03240585,0
BULLAUSDT,resident,新,1788453197000,09-04 00:33:17,0.036409,0.0400499,0.036409,0.0327681,0
BULLAUSDT,resident,新,1788453218000,09-04 00:33:38,0.0367885,0.04046735,0.0367885,0.03310965,0
BULLAUSDT,resident,新,1788453232000,09-04 00:33:52,0.036374,0.0400114,0.036374,0.0327366,0
BULLAUSDT,resident,新,1788453378000,09-04 00:36:18,0.0358985,0.03948835,0.0358985,0.03230865,0
BULLAUSDT,resident,新,1788453405000,09-04 00:36:45,0.0362625,0.03988875,0.0362625,0.03263625,0
BULLAUSDT,resident,新,1788453507000,09-04 00:38:27,0.0355455,0.03910005,0.0355455,0.03199095,0
BULLAUSDT,resident,新,1788453508000,09-04 00:38:28,0.03592,0.039512,0.03592,0.032328,0
BULLAUSDT,resident,新,1788453509000,09-04 00:38:29,0.0355235,0.03907585,0.0355235,0.03197115,0
BULLAUSDT,resident,新,1788453518000,09-04 00:38:38,0.035909,0.0394999,0.035909,0.0323181,0
BULLAUSDT,resident,新,1788453589000,09-04 00:39:49,0.036293,0.0399223,0.036293,0.0326637,0
BULLAUSDT,resident,新,1788453634000,09-04 00:40:34,0.036675,0.0403425,0.036675,0.0330075,0
BULLAUSDT,resident,新,1788453638000,09-04 00:40:38,0.0373965,0.04113615,0.0373965,0.03365685,0
BULLAUSDT,resident,新,1788453641000,09-04 00:40:41,0.037821,0.0416031,0.037821,0.0340389,0
BULLAUSDT,resident,新,1788453644000,09-04 00:40:44,0.0374365,0.04118015,0.0374365,0.03369285,0
BULLAUSDT,resident,新,1788453692000,09-04 00:41:32,0.0370445,0.04074895,0.0370445,0.03334005,0
BULLAUSDT,resident,新,1788453706000,09-04 00:41:46,0.036582,0.0402402,0.036582,0.0329238,0
BULLAUSDT,resident,新,1788453709000,09-04 00:41:49,0.0369565,0.04065215,0.0369565,0.03326085,0
BULLAUSDT,resident,新,1788453769000,09-04 00:42:49,0.0373425,0.04107675,0.0373425,0.03360825,0
BULLAUSDT,resident,新,1788453937000,09-04 00:45:37,0.0377275,0.04150025,0.0377275,0.03395475,0
BULLAUSDT,resident,新,1788454010000,09-04 00:46:50,0.0382475,0.04207225,0.0382475,0.03442275,0
BULLAUSDT,resident,新,1788454029000,09-04 00:47:09,0.0386645,0.04253095,0.0386645,0.03479805,0
BULLAUSDT,resident,新,1788454068000,09-04 00:47:48,0.037923,0.0417153,0.037923,0.0341307,0
BULLAUSDT,resident,新,1788454080000,09-04 00:48:00,0.0383215,0.04215365,0.0383215,0.03448935,0
BULLAUSDT,resident,新,1788454093000,09-04 00:48:13,0.0387245,0.04259695,0.0387245,0.03485205,0
BULLAUSDT,resident,新,1788454106000,09-04 00:48:26,0.0383335,0.04216685,0.0383335,0.03450015,0
BULLAUSDT,resident,新,1788454262000,09-04 00:51:02,0.039015,0.0429165,0.039015,0.0351135,0
BULLAUSDT,resident,新,1788454363000,09-04 00:52:43,0.038605,0.0424655,0.038605,0.0347445,0
BULLAUSDT,resident,新,1788454408000,09-04 00:53:28,0.0392115,0.04313265,0.0392115,0.03529035,0
BULLAUSDT,resident,新,1788454595000,09-04 00:56:35,0.040113,0.0441243,0.040113,0.0361017,0
BULLAUSDT,resident,新,1788454597000,09-04 00:56:37,0.040525,0.0445775,0.040525,0.0364725,0
BULLAUSDT,resident,新,1788454623000,09-04 00:57:03,0.0400795,0.04408745,0.0400795,0.03607155,0
BULLAUSDT,resident,新,1788454686000,09-04 00:58:06,0.0407235,0.04479585,0.0407235,0.03665115,0
BULLAUSDT,resident,新,1788454806000,09-04 01:00:06,0.041142,0.0452562,0.041142,0.0370278,0
BULLAUSDT,resident,新,1788454823000,09-04 01:00:23,0.040713,0.0447843,0.040713,0.0366417,0
BULLAUSDT,resident,新,1788454871000,09-04 01:01:11,0.041139,0.0452529,0.041139,0.0370251,0
BULLAUSDT,resident,新,1788455059000,09-04 01:04:19,0.0407275,0.04480025,0.0407275,0.03665475,0
BULLAUSDT,resident,新,1788455103000,09-04 01:05:03,0.0411635,0.04527985,0.0411635,0.03704715,0
BULLAUSDT,resident,新,1788455162000,09-04 01:06:02,0.040744,0.0448184,0.040744,0.0366696,0
BULLAUSDT,resident,新,1788455235000,09-04 01:07:15,0.0411985,0.04531835,0.0411985,0.03707865,0
BULLAUSDT,resident,新,1788455418000,09-04 01:10:18,0.0416415,0.04580565,0.0416415,0.03747735,0
BULLAUSDT,resident,新,1788455560000,09-04 01:12:40,0.0420785,0.04628635,0.0420785,0.03787065,0
BULLAUSDT,resident,新,1788455642000,09-04 01:14:02,0.0425495,0.04680445,0.0425495,0.03829455,0
BULLAUSDT,resident,新,1788455680000,09-04 01:14:40,0.042037,0.0462407,0.042037,0.0378333,0
BULLAUSDT,resident,新,1788455874000,09-04 01:17:54,0.041595,0.0457545,0.041595,0.0374355,0
BULLAUSDT,resident,新,1788455970000,09-04 01:19:30,0.042244,0.0464684,0.042244,0.0380196,0
BULLAUSDT,resident,新,1788456091000,09-04 01:21:31,0.041807,0.0459877,0.041807,0.0376263,0
BULLAUSDT,resident,新,1788456118000,09-04 01:21:58,0.0407605,0.04483655,0.0407605,0.03668445,0
BULLAUSDT,resident,新,1788456131000,09-04 01:22:11,0.0403525,0.04438775,0.0403525,0.03631725,0
BULLAUSDT,resident,新,1788456136000,09-04 01:22:16,0.04091,0.045001,0.04091,0.036819,0
BULLAUSDT,resident,新,1788456164000,09-04 01:22:44,0.0404895,0.04453845,0.0404895,0.03644055,0
BULLAUSDT,resident,新,1788456242000,09-04 01:24:02,0.03974,0.043714,0.03974,0.035766,0
BULLAUSDT,resident,新,1788456246000,09-04 01:24:06,0.0392895,0.04321845,0.0392895,0.03536055,0
BULLAUSDT,resident,新,1788456249000,09-04 01:24:09,0.0397045,0.04367495,0.0397045,0.03573405,0
BULLAUSDT,resident,新,1788456260000,09-04 01:24:20,0.0392485,0.04317335,0.0392485,0.03532365,0
BULLAUSDT,resident,新,1788456263000,09-04 01:24:23,0.03872,0.042592,0.03872,0.034848,0
BULLAUSDT,resident,新,1788456265000,09-04 01:24:25,0.0382615,0.04208765,0.0382615,0.03443535,0
BULLAUSDT,resident,新,1788456266000,09-04 01:24:26,0.0378475,0.04163225,0.0378475,0.03406275,0
BULLAUSDT,resident,新,1788456268000,09-04 01:24:28,0.038273,0.0421003,0.038273,0.0344457,0
BULLAUSDT,resident,新,1788456271000,09-04 01:24:31,0.0375415,0.04129565,0.0375415,0.03378735,0
BULLAUSDT,resident,新,1788456272000,09-04 01:24:32,0.036863,0.0405493,0.036863,0.0331767,0
BULLAUSDT,resident,新,1788456274000,09-04 01:24:34,0.0375095,0.04126045,0.0375095,0.03375855,0
BULLAUSDT,resident,新,1788456305000,09-04 01:25:05,0.0378855,0.04167405,0.0378855,0.03409695,0
BULLAUSDT,resident,新,1788456325000,09-04 01:25:25,0.0375015,0.04125165,0.0375015,0.03375135,0
BULLAUSDT,resident,新,1788456360000,09-04 01:26:00,0.037918,0.0417098,0.037918,0.0341262,0
BULLAUSDT,resident,新,1788456384000,09-04 01:26:24,0.0385125,0.04236375,0.0385125,0.03466125,0
BULLAUSDT,resident,新,1788456386000,09-04 01:26:26,0.0391975,0.04311725,0.0391975,0.03527775,0
BULLAUSDT,resident,新,1788456391000,09-04 01:26:31,0.0387405,0.04261455,0.0387405,0.03486645,0
BULLAUSDT,resident,新,1788456462000,09-04 01:27:42,0.0391425,0.04305675,0.0391425,0.03522825,0
BULLAUSDT,resident,新,1788456494000,09-04 01:28:14,0.038734,0.0426074,0.038734,0.0348606,0
BULLAUSDT,resident,新,1788456517000,09-04 01:28:37,0.038344,0.0421784,0.038344,0.0345096,0
BULLAUSDT,resident,新,1788456578000,09-04 01:29:38,0.0388025,0.04268275,0.0388025,0.03492225,0
BULLAUSDT,resident,新,1788456626000,09-04 01:30:26,0.0383395,0.04217345,0.0383395,0.03450555,0
BULLAUSDT,resident,新,1788456637000,09-04 01:30:37,0.038732,0.0426052,0.038732,0.0348588,0
BULLAUSDT,resident,新,1788456656000,09-04 01:30:56,0.0383395,0.04217345,0.0383395,0.03450555,0
BULLAUSDT,resident,新,1788456689000,09-04 01:31:29,0.0387805,0.04265855,0.0387805,0.03490245,0
BULLAUSDT,resident,新,1788456994000,09-04 01:36:34,0.03836,0.042196,0.03836,0.034524,0
BULLAUSDT,resident,新,1788457040000,09-04 01:37:20,0.0387665,0.04264315,0.0387665,0.03488985,0
BULLAUSDT,resident,新,1788457082000,09-04 01:38:02,0.0383215,0.04215365,0.0383215,0.03448935,0
BULLAUSDT,resident,新,1788457190000,09-04 01:39:50,0.038744,0.0426184,0.038744,0.0348696,0
BULLAUSDT,resident,新,1788457323000,09-04 01:42:03,0.039386,0.0433246,0.039386,0.0354474,0
BULLAUSDT,resident,新,1788457328000,09-04 01:42:08,0.039838,0.0438218,0.039838,0.0358542,0
BULLAUSDT,resident,新,1788457386000,09-04 01:43:06,0.039391,0.0433301,0.039391,0.0354519,0
BULLAUSDT,resident,新,1788457550000,09-04 01:45:50,0.0389675,0.04286425,0.0389675,0.03507075,0
BULLAUSDT,resident,新,1788457882000,09-04 01:51:22,0.03809,0.041899,0.03809,0.034281,0
BULLAUSDT,resident,新,1788457883000,09-04 01:51:23,0.0376435,0.04140785,0.0376435,0.03387915,0
BULLAUSDT,resident,新,1788457885000,09-04 01:51:25,0.036781,0.0404591,0.036781,0.0331029,0
BULLAUSDT,resident,新,1788457889000,09-04 01:51:29,0.0361485,0.03976335,0.0361485,0.03253365,0
BULLAUSDT,resident,新,1788457892000,09-04 01:51:32,0.0367205,0.04039255,0.0367205,0.03304845,0
BULLAUSDT,resident,新,1788457920000,09-04 01:52:00,0.0362675,0.03989425,0.0362675,0.03264075,0
BULLAUSDT,resident,新,1788457932000,09-04 01:52:12,0.0366765,0.04034415,0.0366765,0.03300885,0
BULLAUSDT,resident,新,1788457945000,09-04 01:52:25,0.036294,0.0399234,0.036294,0.0326646,0
BULLAUSDT,resident,新,1788457969000,09-04 01:52:49,0.0366955,0.04036505,0.0366955,0.03302595,0
BULLAUSDT,resident,新,1788458023000,09-04 01:53:43,0.0371325,0.04084575,0.0371325,0.03341925,0
BULLAUSDT,resident,新,1788458040000,09-04 01:54:00,0.0367525,0.04042775,0.0367525,0.03307725,0
BULLAUSDT,resident,新,1788458051000,09-04 01:54:11,0.037132,0.0408452,0.037132,0.0334188,0
BULLAUSDT,resident,新,1788458132000,09-04 01:55:32,0.0376405,0.04140455,0.0376405,0.03387645,0
BULLAUSDT,resident,新,1788458181000,09-04 01:56:21,0.038282,0.0421102,0.038282,0.0344538,0
BULLAUSDT,resident,新,1788458255000,09-04 01:57:35,0.0378885,0.04167735,0.0378885,0.03409965,0
BULLAUSDT,resident,新,1788458303000,09-04 01:58:23,0.037404,0.0411444,0.037404,0.0336636,0
BULLAUSDT,resident,新,1788458370000,09-04 01:59:30,0.0370165,0.04071815,0.0370165,0.03331485,0
BULLAUSDT,resident,新,1788458434000,09-04 02:00:34,0.037391,0.0411301,0.037391,0.0336519,0
BULLAUSDT,resident,新,1788458699000,09-04 02:04:59,0.0370155,0.04071705,0.0370155,0.03331395,0
BULLAUSDT,resident,新,1788458728000,09-04 02:05:28,0.037408,0.0411488,0.037408,0.0336672,0
BULLAUSDT,resident,新,1788459364000,09-04 02:16:04,0.0378595,0.04164545,0.0378595,0.03407355,0
BULLAUSDT,resident,新,1788459387000,09-04 02:16:27,0.0383765,0.04221415,0.0383765,0.03453885,0
BULLAUSDT,resident,新,1788459463000,09-04 02:17:43,0.0379775,0.04177525,0.0379775,0.03417975,0
BULLAUSDT,resident,新,1788459592000,09-04 02:19:52,0.03837,0.042207,0.03837,0.034533,0
BULLAUSDT,resident,新,1788459749000,09-04 02:22:29,0.037977,0.0417747,0.037977,0.0341793,0
BULLAUSDT,resident,新,1788459912000,09-04 02:25:12,0.037574,0.0413314,0.037574,0.0338166,0
BULLAUSDT,resident,新,1788460003000,09-04 02:26:43,0.037951,0.0417461,0.037951,0.0341559,0
BULLAUSDT,resident,新,1788460197000,09-04 02:29:57,0.0375395,0.04129345,0.0375395,0.03378555,0
BULLAUSDT,resident,新,1788460503000,09-04 02:35:03,0.038005,0.0418055,0.038005,0.0342045,0
BULLAUSDT,resident,新,1788460809000,09-04 02:40:09,0.038387,0.0422257,0.038387,0.0345483,0
BULLAUSDT,resident,新,1788461165000,09-04 02:46:05,0.0387825,0.04266075,0.0387825,0.03490425,0
BULLAUSDT,resident,新,1788461166000,09-04 02:46:06,0.0392025,0.04312275,0.0392025,0.03528225,0
BULLAUSDT,resident,新,1788461320000,09-04 02:48:40,0.038806,0.0426866,0.038806,0.0349254,0
BULLAUSDT,resident,新,1788461552000,09-04 02:52:32,0.0377715,0.04154865,0.0377715,0.03399435,0
BULLAUSDT,resident,新,1788461556000,09-04 02:52:36,0.0373745,0.04111195,0.0373745,0.03363705,0
BULLAUSDT,resident,新,1788461558000,09-04 02:52:38,0.0369955,0.04069505,0.0369955,0.03329595,0
BULLAUSDT,resident,新,1788461613000,09-04 02:53:33,0.0364275,0.04007025,0.0364275,0.03278475,0
BULLAUSDT,resident,新,1788461654000,09-04 02:54:14,0.0359825,0.03958075,0.0359825,0.03238425,0
BULLAUSDT,resident,新,1788461657000,09-04 02:54:17,0.0363655,0.04000205,0.0363655,0.03272895,0
BULLAUSDT,resident,新,1788461674000,09-04 02:54:34,0.0359255,0.03951805,0.0359255,0.03233295,0
BULLAUSDT,resident,新,1788461715000,09-04 02:55:15,0.035547,0.0391017,0.035547,0.0319923,0
BULLAUSDT,resident,新,1788461807000,09-04 02:56:47,0.035911,0.0395021,0.035911,0.0323199,0
BULLAUSDT,resident,新,1788461885000,09-04 02:58:05,0.0355085,0.03905935,0.0355085,0.03195765,0
BULLAUSDT,resident,新,1788461972000,09-04 02:59:32,0.035026,0.0385286,0.035026,0.0315234,0
BULLAUSDT,resident,新,1788461976000,09-04 02:59:36,0.0346705,0.03813755,0.0346705,0.03120345,0
BULLAUSDT,resident,新,1788462023000,09-04 03:00:23,0.0350265,0.03852915,0.0350265,0.03152385,0
BULLAUSDT,resident,新,1788462026000,09-04 03:00:26,0.0346035,0.03806385,0.0346035,0.03114315,0
BULLAUSDT,resident,新,1788462071000,09-04 03:01:11,0.0342385,0.03766235,0.0342385,0.03081465,0
BULLAUSDT,resident,新,1788462093000,09-04 03:01:33,0.0336775,0.03704525,0.0336775,0.03030975,0
BULLAUSDT,resident,新,1788462097000,09-04 03:01:37,0.0333295,0.03666245,0.0333295,0.02999655,0
BULLAUSDT,resident,新,1788462099000,09-04 03:01:39,0.032721,0.0359931,0.032721,0.0294489,0
BULLAUSDT,resident,新,1788462103000,09-04 03:01:43,0.032245,0.0354695,0.032245,0.0290205,0
BULLAUSDT,resident,新,1788462108000,09-04 03:01:48,0.032779,0.0360569,0.032779,0.0295011,0
BULLAUSDT,resident,新,1788462116000,09-04 03:01:56,0.0324095,0.03565045,0.0324095,0.02916855,0
BULLAUSDT,resident,新,1788462124000,09-04 03:02:04,0.0318775,0.03506525,0.0318775,0.02868975,0
BULLAUSDT,resident,新,1788462126000,09-04 03:02:06,0.0322115,0.03543265,0.0322115,0.02899035,0
BULLAUSDT,resident,新,1788462142000,09-04 03:02:22,0.0317745,0.03495195,0.0317745,0.02859705,0
BULLAUSDT,resident,新,1788462150000,09-04 03:02:30,0.03144,0.034584,0.03144,0.028296,0
BULLAUSDT,resident,新,1788462174000,09-04 03:02:54,0.0318025,0.03498275,0.0318025,0.02862225,0
BULLAUSDT,resident,新,1788462197000,09-04 03:03:17,0.0314765,0.03462415,0.0314765,0.02832885,0
BULLAUSDT,resident,新,1788462204000,09-04 03:03:24,0.031134,0.0342474,0.031134,0.0280206,0
BULLAUSDT,resident,新,1788462209000,09-04 03:03:29,0.0306635,0.03372985,0.0306635,0.02759715,0
BULLAUSDT,resident,新,1788462211000,09-04 03:03:31,0.0310715,0.03417865,0.0310715,0.02796435,0
BULLAUSDT,resident,新,1788462240000,09-04 03:04:00,0.030699,0.0337689,0.030699,0.0276291,0
BULLAUSDT,resident,新,1788462254000,09-04 03:04:14,0.0310065,0.03410715,0.0310065,0.02790585,0
BULLAUSDT,resident,新,1788462271000,09-04 03:04:31,0.0306715,0.03373865,0.0306715,0.02760435,0
BULLAUSDT,resident,新,1788462286000,09-04 03:04:46,0.0310235,0.03412585,0.0310235,0.02792115,0
BULLAUSDT,resident,新,1788462325000,09-04 03:05:25,0.0305705,0.03362755,0.0305705,0.02751345,0
BULLAUSDT,resident,新,1788462364000,09-04 03:06:04,0.030204,0.0332244,0.030204,0.0271836,0
BULLAUSDT,resident,新,1788462365000,09-04 03:06:05,0.030691,0.0337601,0.030691,0.0276219,0
BULLAUSDT,resident,新,1788462370000,09-04 03:06:10,0.03033,0.033363,0.03033,0.027297,0
BULLAUSDT,resident,新,1788462390000,09-04 03:06:30,0.030022,0.0330242,0.030022,0.0270198,0
BULLAUSDT,resident,新,1788462425000,09-04 03:07:05,0.030348,0.0333828,0.030348,0.0273132,0
BULLAUSDT,resident,新,1788462429000,09-04 03:07:09,0.030034,0.0330374,0.030034,0.0270306,0
BULLAUSDT,resident,新,1788462460000,09-04 03:07:40,0.0294855,0.03243405,0.0294855,0.02653695,0
BULLAUSDT,resident,新,1788462461000,09-04 03:07:41,0.028922,0.0318142,0.028922,0.0260298,0
BULLAUSDT,resident,新,1788462463000,09-04 03:07:43,0.029321,0.0322531,0.029321,0.0263889,0
BULLAUSDT,resident,新,1788462470000,09-04 03:07:50,0.0289,0.03179,0.0289,0.02601,0
BULLAUSDT,resident,新,1788462479000,09-04 03:07:59,0.0292095,0.03213045,0.0292095,0.02628855,0
BULLAUSDT,resident,新,1788462504000,09-04 03:08:24,0.0289155,0.03180705,0.0289155,0.02602395,0
BULLAUSDT,resident,新,1788462531000,09-04 03:08:51,0.0293095,0.03224045,0.0293095,0.02637855,0
BULLAUSDT,resident,新,1788462535000,09-04 03:08:55,0.028977,0.0318747,0.028977,0.0260793,0
BULLAUSDT,resident,新,1788462603000,09-04 03:10:03,0.029479,0.0324269,0.029479,0.0265311,0
BULLAUSDT,resident,新,1788462618000,09-04 03:10:18,0.030245,0.0332695,0.030245,0.0272205,0
BULLAUSDT,resident,新,1788462621000,09-04 03:10:21,0.029912,0.0329032,0.029912,0.0269208,0
BULLAUSDT,resident,新,1788462630000,09-04 03:10:30,0.0303385,0.03337235,0.0303385,0.02730465,0
BULLAUSDT,resident,新,1788462640000,09-04 03:10:40,0.0298715,0.03285865,0.0298715,0.02688435,0
BULLAUSDT,resident,新,1788462663000,09-04 03:11:03,0.0294015,0.03234165,0.0294015,0.02646135,0
BULLAUSDT,resident,新,1788462684000,09-04 03:11:24,0.0297195,0.03269145,0.0297195,0.02674755,0
BULLAUSDT,resident,新,1788462689000,09-04 03:11:29,0.029143,0.0320573,0.029143,0.0262287,0
BULLAUSDT,resident,新,1788462702000,09-04 03:11:42,0.0288215,0.03170365,0.0288215,0.02593935,0
BULLAUSDT,resident,新,1788462737000,09-04 03:12:17,0.0291135,0.03202485,0.0291135,0.02620215,0
BULLAUSDT,resident,新,1788462780000,09-04 03:13:00,0.028803,0.0316833,0.028803,0.0259227,0
BULLAUSDT,resident,新,1788462871000,09-04 03:14:31,0.0291005,0.03201055,0.0291005,0.02619045,0
BULLAUSDT,resident,新,1788462905000,09-04 03:15:05,0.0287715,0.03164865,0.0287715,0.02589435,0
BULLAUSDT,resident,新,1788462907000,09-04 03:15:07,0.028478,0.0313258,0.028478,0.0256302,0
BULLAUSDT,resident,新,1788462930000,09-04 03:15:30,0.0281125,0.03092375,0.0281125,0.02530125,0
BULLAUSDT,resident,新,1788462939000,09-04 03:15:39,0.027753,0.0305283,0.027753,0.0249777,0
BULLAUSDT,resident,新,1788462941000,09-04 03:15:41,0.027439,0.0301829,0.027439,0.0246951,0
BULLAUSDT,resident,新,1788462947000,09-04 03:15:47,0.027733,0.0305063,0.027733,0.0249597,0
BULLAUSDT,resident,新,1788462951000,09-04 03:15:51,0.0273555,0.03009105,0.0273555,0.02461995,0
BULLAUSDT,resident,新,1788462960000,09-04 03:16:00,0.027059,0.0297649,0.027059,0.0243531,0
BULLAUSDT,resident,新,1788462976000,09-04 03:16:16,0.0267685,0.02944535,0.0267685,0.02409165,0
BULLAUSDT,resident,新,1788462998000,09-04 03:16:38,0.02644,0.029084,0.02644,0.023796,0
BULLAUSDT,resident,新,1788463008000,09-04 03:16:48,0.0267215,0.02939365,0.0267215,0.02404935,0
BULLAUSDT,resident,新,1788463021000,09-04 03:17:01,0.026292,0.0289212,0.026292,0.0236628,0
BULLAUSDT,resident,新,1788463024000,09-04 03:17:04,0.0259685,0.02856535,0.0259685,0.02337165,0
BULLAUSDT,resident,新,1788463070000,09-04 03:17:50,0.026266,0.0288926,0.026266,0.0236394,0
BULLAUSDT,resident,新,1788463080000,09-04 03:18:00,0.025973,0.0285703,0.025973,0.0233757,0
BULLAUSDT,resident,新,1788463101000,09-04 03:18:21,0.0262995,0.02892945,0.0262995,0.02366955,0
BULLAUSDT,resident,新,1788463126000,09-04 03:18:46,0.0265985,0.02925835,0.0265985,0.02393865,0
BULLAUSDT,resident,新,1788463207000,09-04 03:20:07,0.0262205,0.02884255,0.0262205,0.02359845,0
BULLAUSDT,resident,新,1788463225000,09-04 03:20:25,0.0264865,0.02913515,0.0264865,0.02383785,0
BULLAUSDT,resident,新,1788463243000,09-04 03:20:43,0.026802,0.0294822,0.026802,0.0241218,0
BULLAUSDT,resident,新,1788463247000,09-04 03:20:47,0.0270745,0.02978195,0.0270745,0.02436705,0
BULLAUSDT,resident,新,1788463294000,09-04 03:21:34,0.026803,0.0294833,0.026803,0.0241227,0
BULLAUSDT,resident,新,1788463313000,09-04 03:21:53,0.027081,0.0297891,0.027081,0.0243729,0
BULLAUSDT,resident,新,1788463358000,09-04 03:22:38,0.0267975,0.02947725,0.0267975,0.02411775,0
BULLAUSDT,resident,新,1788463375000,09-04 03:22:55,0.0271135,0.02982485,0.0271135,0.02440215,0
BULLAUSDT,resident,新,1788463444000,09-04 03:24:04,0.0267895,0.02946845,0.0267895,0.02411055,0
BULLAUSDT,resident,新,1788463455000,09-04 03:24:15,0.027113,0.0298243,0.027113,0.0244017,0
BULLAUSDT,resident,新,1788463458000,09-04 03:24:18,0.027412,0.0301532,0.027412,0.0246708,0
BULLAUSDT,resident,新,1788463481000,09-04 03:24:41,0.0271365,0.02985015,0.0271365,0.02442285,0
BULLAUSDT,resident,新,1788463502000,09-04 03:25:02,0.0274825,0.03023075,0.0274825,0.02473425,0
BULLAUSDT,resident,新,1788463544000,09-04 03:25:44,0.0270955,0.02980505,0.0270955,0.02438595,0
BULLAUSDT,resident,新,1788463596000,09-04 03:26:36,0.0273815,0.03011965,0.0273815,0.02464335,0
BULLAUSDT,resident,新,1788463680000,09-04 03:28:00,0.0270735,0.02978085,0.0270735,0.02436615,0
BULLAUSDT,resident,新,1788463775000,09-04 03:29:35,0.027357,0.0300927,0.027357,0.0246213,0
BULLAUSDT,resident,新,1788463784000,09-04 03:29:44,0.0276785,0.03044635,0.0276785,0.02491065,0
BULLAUSDT,resident,新,1788463806000,09-04 03:30:06,0.028036,0.0308396,0.028036,0.0252324,0
BULLAUSDT,resident,新,1788463836000,09-04 03:30:36,0.028319,0.0311509,0.028319,0.0254871,0
BULLAUSDT,resident,新,1788463963000,09-04 03:32:43,0.0286225,0.03148475,0.0286225,0.02576025,0
BULLAUSDT,resident,新,1788464028000,09-04 03:33:48,0.0289585,0.03185435,0.0289585,0.02606265,0
BULLAUSDT,resident,新,1788464037000,09-04 03:33:57,0.0292825,0.03221075,0.0292825,0.02635425,0
BULLAUSDT,resident,新,1788464041000,09-04 03:34:01,0.028988,0.0318868,0.028988,0.0260892,0
BULLAUSDT,resident,新,1788464049000,09-04 03:34:09,0.0293425,0.03227675,0.0293425,0.02640825,0
BULLAUSDT,resident,新,1788464083000,09-04 03:34:43,0.029685,0.0326535,0.029685,0.0267165,0
BULLAUSDT,resident,新,1788464105000,09-04 03:35:05,0.029297,0.0322267,0.029297,0.0263673,0
BULLAUSDT,resident,新,1788464106000,09-04 03:35:06,0.0287665,0.03164315,0.0287665,0.02588985,0
BULLAUSDT,resident,新,1788464110000,09-04 03:35:10,0.0283175,0.03114925,0.0283175,0.02548575,0
BULLAUSDT,resident,新,1788464112000,09-04 03:35:12,0.027906,0.0306966,0.027906,0.0251154,0
BULLAUSDT,resident,新,1788464115000,09-04 03:35:15,0.0282365,0.03106015,0.0282365,0.02541285,0
BULLAUSDT,resident,新,1788464192000,09-04 03:36:32,0.0285295,0.03138245,0.0285295,0.02567655,0
BULLAUSDT,resident,新,1788464212000,09-04 03:36:52,0.028815,0.0316965,0.028815,0.0259335,0
BULLAUSDT,resident,新,1788464270000,09-04 03:37:50,0.029133,0.0320463,0.029133,0.0262197,0
BULLAUSDT,resident,新,1788464272000,09-04 03:37:52,0.0294805,0.03242855,0.0294805,0.02653245,0
BULLAUSDT,resident,新,1788464301000,09-04 03:38:21,0.029109,0.0320199,0.029109,0.0261981,0
BULLAUSDT,resident,新,1788464424000,09-04 03:40:24,0.0287875,0.03166625,0.0287875,0.02590875,0
BULLAUSDT,resident,新,1788464491000,09-04 03:41:31,0.029081,0.0319891,0.029081,0.0261729,0
BULLAUSDT,resident,新,1788464528000,09-04 03:42:08,0.0294135,0.03235485,0.0294135,0.02647215,0
BULLAUSDT,resident,新,1788464620000,09-04 03:43:40,0.0290995,0.03200945,0.0290995,0.02618955,0
BULLAUSDT,resident,新,1788464675000,09-04 03:44:35,0.0293995,0.03233945,0.0293995,0.02645955,0
BULLAUSDT,resident,新,1788464752000,09-04 03:45:52,0.0291,0.03201,0.0291,0.02619,0
BULLAUSDT,resident,新,1788464958000,09-04 03:49:18,0.0287665,0.03164315,0.0287665,0.02588985,0
BULLAUSDT,resident,新,1788464986000,09-04 03:49:46,0.0290685,0.03197535,0.0290685,0.02616165,0
BULLAUSDT,resident,新,1788465007000,09-04 03:50:07,0.029424,0.0323664,0.029424,0.0264816,0
BULLAUSDT,resident,新,1788465308000,09-04 03:55:08,0.0291265,0.03203915,0.0291265,0.02621385,0
BULLAUSDT,resident,新,1788465514000,09-04 03:58:34,0.0285925,0.03145175,0.0285925,0.02573325,0
BULLAUSDT,resident,新,1788465516000,09-04 03:58:36,0.028181,0.0309991,0.028181,0.0253629,0
BULLAUSDT,resident,新,1788465521000,09-04 03:58:41,0.027713,0.0304843,0.027713,0.0249417,0
BULLAUSDT,resident,新,1788465546000,09-04 03:59:06,0.027995,0.0307945,0.027995,0.0251955,0
BULLAUSDT,resident,新,1788465558000,09-04 03:59:18,0.0282845,0.03111295,0.0282845,0.02545605,0
BULLAUSDT,resident,新,1788465602000,09-04 04:00:02,0.028618,0.0314798,0.028618,0.0257562,0
BULLAUSDT,resident,新,1788465713000,09-04 04:01:53,0.0283115,0.03114265,0.0283115,0.02548035,0
BULLAUSDT,resident,新,1788465798000,09-04 04:03:18,0.028601,0.0314611,0.028601,0.0257409,0
BULLAUSDT,resident,新,1788465995000,09-04 04:06:35,0.028306,0.0311366,0.028306,0.0254754,0
BULLAUSDT,resident,新,1788466063000,09-04 04:07:43,0.0280125,0.03081375,0.0280125,0.02521125,0
BULLAUSDT,resident,新,1788466204000,09-04 04:10:04,0.027571,0.0303281,0.027571,0.0248139,0
BULLAUSDT,resident,新,1788466284000,09-04 04:11:24,0.0278685,0.03065535,0.0278685,0.02508165,0
BULLAUSDT,resident,新,1788466377000,09-04 04:12:57,0.0281585,0.03097435,0.0281585,0.02534265,0
BULLAUSDT,resident,新,1788466453000,09-04 04:14:13,0.028457,0.0313027,0.028457,0.0256113,0
BULLAUSDT,resident,新,1788466526000,09-04 04:15:26,0.0287425,0.03161675,0.0287425,0.02586825,0
BULLAUSDT,resident,新,1788466561000,09-04 04:16:01,0.028396,0.0312356,0.028396,0.0255564,0
BULLAUSDT,resident,新,1788466642000,09-04 04:17:22,0.0286835,0.03155185,0.0286835,0.02581515,0
BULLAUSDT,resident,新,1788466652000,09-04 04:17:32,0.029051,0.0319561,0.029051,0.0261459,0
BULLAUSDT,resident,新,1788466743000,09-04 04:19:03,0.0293575,0.03229325,0.0293575,0.02642175,0
BULLAUSDT,resident,新,1788466765000,09-04 04:19:25,0.029043,0.0319473,0.029043,0.0261387,0
BULLAUSDT,resident,新,1788467041000,09-04 04:24:01,0.0286825,0.03155075,0.0286825,0.02581425,0
BULLAUSDT,resident,新,1788467105000,09-04 04:25:05,0.028347,0.0311817,0.028347,0.0255123,0
BULLAUSDT,resident,新,1788467185000,09-04 04:26:25,0.028661,0.0315271,0.028661,0.0257949,0
BULLAUSDT,resident,新,1788467230000,09-04 04:27:10,0.0282405,0.03106455,0.0282405,0.02541645,0
BULLAUSDT,resident,新,1788467255000,09-04 04:27:35,0.02791,0.030701,0.02791,0.025119,0
BULLAUSDT,resident,新,1788467267000,09-04 04:27:47,0.027557,0.0303127,0.027557,0.0248013,0
BULLAUSDT,resident,新,1788467310000,09-04 04:28:30,0.0278405,0.03062455,0.0278405,0.02505645,0
BULLAUSDT,resident,新,1788467399000,09-04 04:29:59,0.027352,0.0300872,0.027352,0.0246168,0
BULLAUSDT,resident,新,1788467407000,09-04 04:30:07,0.026859,0.0295449,0.026859,0.0241731,0
BULLAUSDT,resident,新,1788467426000,09-04 04:30:26,0.0265265,0.02917915,0.0265265,0.02387385,0
BULLAUSDT,resident,新,1788467427000,09-04 04:30:27,0.026798,0.0294778,0.026798,0.0241182,0
BULLAUSDT,resident,新,1788467462000,09-04 04:31:02,0.027071,0.0297781,0.027071,0.0243639,0
BULLAUSDT,resident,新,1788467469000,09-04 04:31:09,0.0274735,0.03022085,0.0274735,0.02472615,0
BULLAUSDT,resident,新,1788467629000,09-04 04:33:49,0.0277585,0.03053435,0.0277585,0.02498265,0
BULLAUSDT,resident,新,1788467905000,09-04 04:38:25,0.02747,0.030217,0.02747,0.024723,0
BULLAUSDT,resident,新,1788468907000,09-04 04:55:07,0.027772,0.0305492,0.027772,0.0249948,0
BULLAUSDT,resident,新,1788469253000,09-04 05:00:53,0.027487,0.0302357,0.027487,0.0247383,0
BULLAUSDT,resident,新,1788469445000,09-04 05:04:05,0.027783,0.0305613,0.027783,0.0250047,0
BULLAUSDT,resident,新,1788469523000,09-04 05:05:23,0.027499,0.0302489,0.027499,0.0247491,0
BULLAUSDT,resident,新,1788470011000,09-04 05:13:31,0.02781,0.030591,0.02781,0.025029,0
BULLAUSDT,resident,新,1788470162000,09-04 05:16:02,0.0275165,0.03026815,0.0275165,0.02476485,0
BULLAUSDT,resident,新,1788470500000,09-04 05:21:40,0.027226,0.0299486,0.027226,0.0245034,0
BULLAUSDT,resident,新,1788470573000,09-04 05:22:53,0.0275025,0.03025275,0.0275025,0.02475225,0
BULLAUSDT,resident,新,1788470823000,09-04 05:27:03,0.0272205,0.02994255,0.0272205,0.02449845,0
BULLAUSDT,resident,新,1788471025000,09-04 05:30:25,0.0275135,0.03026485,0.0275135,0.02476215,0
BULLAUSDT,resident,新,1788471100000,09-04 05:31:40,0.0278065,0.03058715,0.0278065,0.02502585,0
BULLAUSDT,resident,新,1788471144000,09-04 05:32:24,0.028104,0.0309144,0.028104,0.0252936,0
BULLAUSDT,resident,新,1788471216000,09-04 05:33:36,0.028458,0.0313038,0.028458,0.0256122,0
BULLAUSDT,resident,新,1788471241000,09-04 05:34:01,0.0287525,0.03162775,0.0287525,0.02587725,0
BULLAUSDT,resident,新,1788471257000,09-04 05:34:17,0.028433,0.0312763,0.028433,0.0255897,0
BULLAUSDT,resident,新,1788471284000,09-04 05:34:44,0.0281315,0.03094465,0.0281315,0.02531835,0
BULLAUSDT,resident,新,1788471361000,09-04 05:36:01,0.0284185,0.03126035,0.0284185,0.02557665,0
BULLAUSDT,resident,新,1788471422000,09-04 05:37:02,0.02877,0.031647,0.02877,0.025893,0
BULLAUSDT,resident,新,1788471441000,09-04 05:37:21,0.0290605,0.03196655,0.0290605,0.02615445,0
BULLAUSDT,resident,新,1788471635000,09-04 05:40:35,0.0287495,0.03162445,0.0287495,0.02587455,0
BULLAUSDT,resident,新,1788471820000,09-04 05:43:40,0.0284535,0.03129885,0.0284535,0.02560815,0
BULLAUSDT,resident,新,1788471950000,09-04 05:45:50,0.0281675,0.03098425,0.0281675,0.02535075,0
BULLAUSDT,resident,新,1788472021000,09-04 05:47:01,0.0284685,0.03131535,0.0284685,0.02562165,0
BULLAUSDT,resident,新,1788472379000,09-04 05:52:59,0.028126,0.0309386,0.028126,0.0253134,0
BULLAUSDT,resident,新,1788472463000,09-04 05:54:23,0.028409,0.0312499,0.028409,0.0255681,0
BULLAUSDT,resident,新,1788472824000,09-04 06:00:24,0.0287555,0.03163105,0.0287555,0.02587995,0
BULLAUSDT,resident,新,1788473052000,09-04 06:04:12,0.0284645,0.03131095,0.0284645,0.02561805,0
BULLAUSDT,resident,新,1788473107000,09-04 06:05:07,0.028751,0.0316261,0.028751,0.0258759,0
BULLAUSDT,resident,新,1788474122000,09-04 06:22:02,0.0290645,0.03197095,0.0290645,0.02615805,0
BULLAUSDT,resident,新,1788474412000,09-04 06:26:52,0.0287515,0.03162665,0.0287515,0.02587635,0
BULLAUSDT,resident,新,1788474482000,09-04 06:28:02,0.029046,0.0319506,0.029046,0.0261414,0
BULLAUSDT,resident,新,1788474560000,09-04 06:29:20,0.029431,0.0323741,0.029431,0.0264879,0
BULLAUSDT,resident,新,1788474564000,09-04 06:29:24,0.029749,0.0327239,0.029749,0.0267741,0
BULLAUSDT,resident,新,1788474567000,09-04 06:29:27,0.030104,0.0331144,0.030104,0.0270936,0
BULLAUSDT,resident,新,1788474572000,09-04 06:29:32,0.0297495,0.03272445,0.0297495,0.02677455,0
BULLAUSDT,resident,新,1788474667000,09-04 06:31:07,0.030052,0.0330572,0.030052,0.0270468,0
BULLAUSDT,resident,新,1788474669000,09-04 06:31:09,0.030509,0.0335599,0.030509,0.0274581,0
BULLAUSDT,resident,新,1788474813000,09-04 06:33:33,0.0300975,0.03310725,0.0300975,0.02708775,0
BULLAUSDT,resident,新,1788474853000,09-04 06:34:13,0.0304265,0.03346915,0.0304265,0.02738385,0
BULLAUSDT,resident,新,1788474898000,09-04 06:34:58,0.0308185,0.03390035,0.0308185,0.02773665,0
BULLAUSDT,resident,新,1788474914000,09-04 06:35:14,0.031256,0.0343816,0.031256,0.0281304,0
BULLAUSDT,resident,新,1788474924000,09-04 06:35:24,0.030932,0.0340252,0.030932,0.0278388,0
BULLAUSDT,resident,新,1788475191000,09-04 06:39:51,0.0312545,0.03437995,0.0312545,0.02812905,0
BULLAUSDT,resident,新,1788475242000,09-04 06:40:42,0.030938,0.0340318,0.030938,0.0278442,0
BULLAUSDT,resident,新,1788475322000,09-04 06:42:02,0.0312835,0.03441185,0.0312835,0.02815515,0
BULLAUSDT,resident,新,1788475376000,09-04 06:42:56,0.030965,0.0340615,0.030965,0.0278685,0
BULLAUSDT,resident,新,1788475446000,09-04 06:44:06,0.031367,0.0345037,0.031367,0.0282303,0
BULLAUSDT,resident,新,1788475503000,09-04 06:45:03,0.0310385,0.03414235,0.0310385,0.02793465,0
BULLAUSDT,resident,新,1788475755000,09-04 06:49:15,0.031364,0.0345004,0.031364,0.0282276,0
BULLAUSDT,resident,新,1788476641000,09-04 07:04:01,0.0310365,0.03414015,0.0310365,0.02793285,0
BULLAUSDT,resident,新,1788476648000,09-04 07:04:08,0.0313705,0.03450755,0.0313705,0.02823345,0
BULLAUSDT,resident,新,1788476649000,09-04 07:04:09,0.0317175,0.03488925,0.0317175,0.02854575,0
BULLAUSDT,resident,新,1788476660000,09-04 07:04:20,0.032136,0.0353496,0.032136,0.0289224,0
BULLAUSDT,resident,新,1788476703000,09-04 07:05:03,0.0326615,0.03592765,0.0326615,0.02939535,0
BULLAUSDT,resident,新,1788476704000,09-04 07:05:04,0.0331715,0.03648865,0.0331715,0.02985435,0
BULLAUSDT,resident,新,1788476767000,09-04 07:06:07,0.0337255,0.03709805,0.0337255,0.03035295,0
BULLAUSDT,resident,新,1788476768000,09-04 07:06:08,0.034083,0.0374913,0.034083,0.0306747,0
BULLAUSDT,resident,新,1788476797000,09-04 07:06:37,0.0337225,0.03709475,0.0337225,0.03035025,0
BULLAUSDT,resident,新,1788476801000,09-04 07:06:41,0.033385,0.0367235,0.033385,0.0300465,0
BULLAUSDT,resident,新,1788476814000,09-04 07:06:54,0.033733,0.0371063,0.033733,0.0303597,0
BULLAUSDT,resident,新,1788476862000,09-04 07:07:42,0.0341265,0.03753915,0.0341265,0.03071385,0
BULLAUSDT,resident,新,1788476958000,09-04 07:09:18,0.0337755,0.03715305,0.0337755,0.03039795,0
BULLAUSDT,resident,新,1788477073000,09-04 07:11:13,0.034138,0.0375518,0.034138,0.0307242,0
BULLAUSDT,resident,新,1788477165000,09-04 07:12:45,0.0344935,0.03794285,0.0344935,0.03104415,0
BULLAUSDT,resident,新,1788477246000,09-04 07:14:06,0.034902,0.0383922,0.034902,0.0314118,0
BULLAUSDT,resident,新,1788477285000,09-04 07:14:45,0.034509,0.0379599,0.034509,0.0310581,0
BULLAUSDT,resident,新,1788477304000,09-04 07:15:04,0.0348545,0.03833995,0.0348545,0.03136905,0
BULLAUSDT,resident,新,1788477370000,09-04 07:16:10,0.035268,0.0387948,0.035268,0.0317412,0
BULLAUSDT,resident,新,1788477538000,09-04 07:18:58,0.0356865,0.03925515,0.0356865,0.03211785,0
BULLAUSDT,resident,新,1788477549000,09-04 07:19:09,0.0352795,0.03880745,0.0352795,0.03175155,0
BULLAUSDT,resident,新,1788477638000,09-04 07:20:38,0.034877,0.0383647,0.034877,0.0313893,0
BULLAUSDT,resident,新,1788477742000,09-04 07:22:22,0.034214,0.0376354,0.034214,0.0307926,0
BULLAUSDT,resident,新,1788477797000,09-04 07:23:17,0.0345825,0.03804075,0.0345825,0.03112425,0
BULLAUSDT,resident,新,1788477814000,09-04 07:23:34,0.034227,0.0376497,0.034227,0.0308043,0
BULLAUSDT,resident,新,1788477871000,09-04 07:24:31,0.0338385,0.03722235,0.0338385,0.03045465,0
BULLAUSDT,resident,新,1788477913000,09-04 07:25:13,0.0342365,0.03766015,0.0342365,0.03081285,0
BULLAUSDT,resident,新,1788478258000,09-04 07:30:58,0.033873,0.0372603,0.033873,0.0304857,0
BULLAUSDT,resident,新,1788478271000,09-04 07:31:11,0.034212,0.0376332,0.034212,0.0307908,0
BULLAUSDT,resident,新,1788478361000,09-04 07:32:41,0.034578,0.0380358,0.034578,0.0311202,0
BULLAUSDT,resident,新,1788478599000,09-04 07:36:39,0.03498,0.038478,0.03498,0.031482,0
BULLAUSDT,resident,新,1788478604000,09-04 07:36:44,0.0354515,0.03899665,0.0354515,0.03190635,0
BULLAUSDT,resident,新,1788478612000,09-04 07:36:52,0.036228,0.0398508,0.036228,0.0326052,0
BULLAUSDT,resident,新,1788478617000,09-04 07:36:57,0.0367145,0.04038595,0.0367145,0.03304305,0
BULLAUSDT,resident,新,1788478621000,09-04 07:37:01,0.036332,0.0399652,0.036332,0.0326988,0
BULLAUSDT,resident,新,1788478653000,09-04 07:37:33,0.0367315,0.04040465,0.0367315,0.03305835,0
BULLAUSDT,resident,新,1788478749000,09-04 07:39:09,0.036347,0.0399817,0.036347,0.0327123,0
BULLAUSDT,resident,新,1788478895000,09-04 07:41:35,0.036736,0.0404096,0.036736,0.0330624,0
BULLAUSDT,resident,新,1788478974000,09-04 07:42:54,0.037271,0.0409981,0.037271,0.0335439,0
BULLAUSDT,resident,新,1788479076000,09-04 07:44:36,0.0368925,0.04058175,0.0368925,0.03320325,0
BULLAUSDT,resident,新,1788479106000,09-04 07:45:06,0.036309,0.0399399,0.036309,0.0326781,0
BULLAUSDT,resident,新,1788479304000,09-04 07:48:24,0.035789,0.0393679,0.035789,0.0322101,0
BULLAUSDT,resident,新,1788479319000,09-04 07:48:39,0.03543,0.038973,0.03543,0.031887,0
BULLAUSDT,resident,新,1788479351000,09-04 07:49:11,0.0347075,0.03817825,0.0347075,0.03123675,0
BULLAUSDT,resident,新,1788479364000,09-04 07:49:24,0.034065,0.0374715,0.034065,0.0306585,0
BULLAUSDT,resident,新,1788479383000,09-04 07:49:43,0.0345415,0.03799565,0.0345415,0.03108735,0
BULLAUSDT,resident,新,1788479384000,09-04 07:49:44,0.0352525,0.03877775,0.0352525,0.03172725,0
BULLAUSDT,resident,新,1788479401000,09-04 07:50:01,0.0356505,0.03921555,0.0356505,0.03208545,0
BULLAUSDT,resident,新,1788479418000,09-04 07:50:18,0.036055,0.0396605,0.036055,0.0324495,0
BULLAUSDT,resident,新,1788479426000,09-04 07:50:26,0.0364305,0.04007355,0.0364305,0.03278745,0
BULLAUSDT,resident,新,1788479467000,09-04 07:51:07,0.035931,0.0395241,0.035931,0.0323379,0
BULLAUSDT,resident,新,1788479483000,09-04 07:51:23,0.0355345,0.03908795,0.0355345,0.03198105,0
BULLAUSDT,resident,新,1788479510000,09-04 07:51:50,0.035916,0.0395076,0.035916,0.0323244,0
BULLAUSDT,resident,新,1788479724000,09-04 07:55:24,0.0354985,0.03904835,0.0354985,0.03194865,0
BULLAUSDT,resident,新,1788479733000,09-04 07:55:33,0.0359705,0.03956755,0.0359705,0.03237345,0
BULLAUSDT,resident,新,1788479773000,09-04 07:56:13,0.036352,0.0399872,0.036352,0.0327168,0
BULLAUSDT,resident,新,1788479828000,09-04 07:57:08,0.0359765,0.03957415,0.0359765,0.03237885,0
BULLAUSDT,resident,新,1788479957000,09-04 07:59:17,0.035566,0.0391226,0.035566,0.0320094,0
BULLAUSDT,resident,新,1788480133000,09-04 08:02:13,0.035959,0.0395549,0.035959,0.0323631,0
BULLAUSDT,resident,新,1788480161000,09-04 08:02:41,0.036418,0.0400598,0.036418,0.0327762,0
BULLAUSDT,resident,新,1788480172000,09-04 08:02:52,0.0367955,0.04047505,0.0367955,0.03311595,0
BULLAUSDT,resident,新,1788480200000,09-04 08:03:20,0.036361,0.0399971,0.036361,0.0327249,0
BULLAUSDT,resident,新,1788480203000,09-04 08:03:23,0.0371665,0.04088315,0.0371665,0.03344985,0
BULLAUSDT,resident,新,1788480260000,09-04 08:04:20,0.0376785,0.04144635,0.0376785,0.03391065,0
BULLAUSDT,resident,新,1788480292000,09-04 08:04:52,0.038061,0.0418671,0.038061,0.0342549,0
BULLAUSDT,resident,新,1788480301000,09-04 08:05:01,0.03743,0.041173,0.03743,0.033687,0
BULLAUSDT,resident,新,1788480302000,09-04 08:05:02,0.0370105,0.04071155,0.0370105,0.03330945,0
BULLAUSDT,resident,新,1788480304000,09-04 08:05:04,0.0366135,0.04027485,0.0366135,0.03295215,0
BULLAUSDT,resident,新,1788480307000,09-04 08:05:07,0.0361685,0.03978535,0.0361685,0.03255165,0
BULLAUSDT,resident,新,1788480308000,09-04 08:05:08,0.035633,0.0391963,0.035633,0.0320697,0
BULLAUSDT,resident,新,1788480320000,09-04 08:05:20,0.035138,0.0386518,0.035138,0.0316242,0
BULLAUSDT,resident,新,1788480322000,09-04 08:05:22,0.0344705,0.03791755,0.0344705,0.03102345,0
BULLAUSDT,resident,新,1788480323000,09-04 08:05:23,0.033988,0.0373868,0.033988,0.0305892,0
BULLAUSDT,resident,新,1788480324000,09-04 08:05:24,0.0334865,0.03683515,0.0334865,0.03013785,0
BULLAUSDT,resident,新,1788480328000,09-04 08:05:28,0.0329615,0.03625765,0.0329615,0.02966535,0
BULLAUSDT,resident,新,1788480329000,09-04 08:05:29,0.032607,0.0358677,0.032607,0.0293463,0
BULLAUSDT,resident,新,1788480330000,09-04 08:05:30,0.0322395,0.03546345,0.0322395,0.02901555,0
BULLAUSDT,resident,新,1788480331000,09-04 08:05:31,0.032642,0.0359062,0.032642,0.0293778,0
BULLAUSDT,resident,新,1788480332000,09-04 08:05:32,0.033261,0.0365871,0.033261,0.0299349,0
BULLAUSDT,resident,新,1788480334000,09-04 08:05:34,0.033948,0.0373428,0.033948,0.0305532,0
BULLAUSDT,resident,新,1788480336000,09-04 08:05:36,0.033482,0.0368302,0.033482,0.0301338,0
BULLAUSDT,resident,新,1788480340000,09-04 08:05:40,0.0338515,0.03723665,0.0338515,0.03046635,0
BULLAUSDT,resident,新,1788480346000,09-04 08:05:46,0.0332815,0.03660965,0.0332815,0.02995335,0
BULLAUSDT,resident,新,1788480347000,09-04 08:05:47,0.0329015,0.03619165,0.0329015,0.02961135,0
BULLAUSDT,resident,新,1788480349000,09-04 08:05:49,0.033251,0.0365761,0.033251,0.0299259,0
BULLAUSDT,resident,新,1788480354000,09-04 08:05:54,0.0338095,0.03719045,0.0338095,0.03042855,0
BULLAUSDT,resident,新,1788480361000,09-04 08:06:01,0.0334625,0.03680875,0.0334625,0.03011625,0
BULLAUSDT,resident,新,1788480372000,09-04 08:06:12,0.033838,0.0372218,0.033838,0.0304542,0
BULLAUSDT,resident,新,1788480388000,09-04 08:06:28,0.0334895,0.03683845,0.0334895,0.03014055,0
BULLAUSDT,resident,新,1788480403000,09-04 08:06:43,0.033854,0.0372394,0.033854,0.0304686,0
BULLAUSDT,resident,新,1788480410000,09-04 08:06:50,0.0335065,0.03685715,0.0335065,0.03015585,0
BULLAUSDT,resident,新,1788480426000,09-04 08:07:06,0.033856,0.0372416,0.033856,0.0304704,0
BULLAUSDT,resident,新,1788480444000,09-04 08:07:24,0.0334945,0.03684395,0.0334945,0.03014505,0
BULLAUSDT,resident,新,1788480476000,09-04 08:07:56,0.033096,0.0364056,0.033096,0.0297864,0
BULLAUSDT,resident,新,1788480477000,09-04 08:07:57,0.0327005,0.03597055,0.0327005,0.02943045,0
BULLAUSDT,resident,新,1788480483000,09-04 08:08:03,0.0330915,0.03640065,0.0330915,0.02978235,0
BULLAUSDT,resident,新,1788480514000,09-04 08:08:34,0.0327185,0.03599035,0.0327185,0.02944665,0
BULLAUSDT,resident,新,1788480540000,09-04 08:09:00,0.033142,0.0364562,0.033142,0.0298278,0
BULLAUSDT,resident,新,1788480554000,09-04 08:09:14,0.0335275,0.03688025,0.0335275,0.03017475,0
BULLAUSDT,resident,新,1788480608000,09-04 08:10:08,0.033144,0.0364584,0.033144,0.0298296,0
BULLAUSDT,resident,新,1788480620000,09-04 08:10:20,0.0335,0.03685,0.0335,0.03015,0
BULLAUSDT,resident,新,1788480710000,09-04 08:11:50,0.0338575,0.03724325,0.0338575,0.03047175,0
BULLAUSDT,resident,新,1788480726000,09-04 08:12:06,0.034276,0.0377036,0.034276,0.0308484,0
BULLAUSDT,resident,新,1788480753000,09-04 08:12:33,0.033837,0.0372207,0.033837,0.0304533,0
BULLAUSDT,resident,新,1788480792000,09-04 08:13:12,0.034244,0.0376684,0.034244,0.0308196,0
BULLAUSDT,resident,新,1788480982000,09-04 08:16:22,0.033831,0.0372141,0.033831,0.0304479,0
BULLAUSDT,resident,新,1788481186000,09-04 08:19:46,0.0341765,0.03759415,0.0341765,0.03075885,0
BULLAUSDT,resident,新,1788481491000,09-04 08:24:51,0.0345385,0.03799235,0.0345385,0.03108465,0
BULLAUSDT,resident,新,1788481498000,09-04 08:24:58,0.035193,0.0387123,0.035193,0.0316737,0
BULLAUSDT,resident,新,1788481519000,09-04 08:25:19,0.0355785,0.03913635,0.0355785,0.03202065,0
BULLAUSDT,resident,新,1788481524000,09-04 08:25:24,0.036069,0.0396759,0.036069,0.0324621,0
BULLAUSDT,resident,新,1788481526000,09-04 08:25:26,0.035682,0.0392502,0.035682,0.0321138,0
BULLAUSDT,resident,新,1788481612000,09-04 08:26:52,0.0352835,0.03881185,0.0352835,0.03175515,0
BULLAUSDT,resident,新,1788481709000,09-04 08:28:29,0.0356725,0.03923975,0.0356725,0.03210525,0
BULLAUSDT,resident,新,1788481813000,09-04 08:30:13,0.034936,0.0384296,0.034936,0.0314424,0
BULLAUSDT,resident,新,1788481818000,09-04 08:30:18,0.035294,0.0388234,0.035294,0.0317646,0
BULLAUSDT,resident,新,1788481899000,09-04 08:31:39,0.035678,0.0392458,0.035678,0.0321102,0
BULLAUSDT,resident,新,1788481983000,09-04 08:33:03,0.0346,0.03806,0.0346,0.03114,0
BULLAUSDT,resident,新,1788481984000,09-04 08:33:04,0.033732,0.0371052,0.033732,0.0303588,0
BULLAUSDT,resident,新,1788481987000,09-04 08:33:07,0.0329655,0.03626205,0.0329655,0.02966895,0
BULLAUSDT,resident,新,1788481997000,09-04 08:33:17,0.0326165,0.03587815,0.0326165,0.02935485,0
BULLAUSDT,resident,新,1788482000000,09-04 08:33:20,0.0321755,0.03539305,0.0321755,0.02895795,0
BULLAUSDT,resident,新,1788482003000,09-04 08:33:23,0.032647,0.0359117,0.032647,0.0293823,0
BULLAUSDT,resident,新,1788482008000,09-04 08:33:28,0.032981,0.0362791,0.032981,0.0296829,0
BULLAUSDT,resident,新,1788482019000,09-04 08:33:39,0.03264,0.035904,0.03264,0.029376,0
BULLAUSDT,resident,新,1788482030000,09-04 08:33:50,0.032999,0.0362989,0.032999,0.0296991,0
BULLAUSDT,resident,新,1788482044000,09-04 08:34:04,0.03265,0.035915,0.03265,0.029385,0
BULLAUSDT,resident,新,1788482092000,09-04 08:34:52,0.0329835,0.03628185,0.0329835,0.02968515,0
BULLAUSDT,resident,新,1788482105000,09-04 08:35:05,0.0325535,0.03580885,0.0325535,0.02929815,0
BULLAUSDT,resident,新,1788482118000,09-04 08:35:18,0.0322025,0.03542275,0.0322025,0.02898225,0
BULLAUSDT,resident,新,1788482145000,09-04 08:35:45,0.0325825,0.03584075,0.0325825,0.02932425,0
BULLAUSDT,resident,新,1788482160000,09-04 08:36:00,0.0329105,0.03620155,0.0329105,0.02961945,0
BULLAUSDT,resident,新,1788482194000,09-04 08:36:34,0.0325515,0.03580665,0.0325515,0.02929635,0
BULLAUSDT,resident,新,1788482250000,09-04 08:37:30,0.032909,0.0361999,0.032909,0.0296181,0
BULLAUSDT,resident,新,1788482443000,09-04 08:40:43,0.0325595,0.03581545,0.0325595,0.02930355,0
BULLAUSDT,resident,新,1788482483000,09-04 08:41:23,0.0328985,0.03618835,0.0328985,0.02960865,0
BULLAUSDT,resident,新,1788482545000,09-04 08:42:25,0.033241,0.0365651,0.033241,0.0299169,0
BULLAUSDT,resident,新,1788482703000,09-04 08:45:03,0.033608,0.0369688,0.033608,0.0302472,0
BULLAUSDT,resident,新,1788482714000,09-04 08:45:14,0.0344045,0.03784495,0.0344045,0.03096405,0
BULLAUSDT,resident,新,1788482719000,09-04 08:45:19,0.034035,0.0374385,0.034035,0.0306315,0
BULLAUSDT,resident,新,1788482958000,09-04 08:49:18,0.033691,0.0370601,0.033691,0.0303219,0
BULLAUSDT,resident,新,1788483008000,09-04 08:50:08,0.034065,0.0374715,0.034065,0.0306585,0
BULLAUSDT,resident,新,1788483037000,09-04 08:50:37,0.0337155,0.03708705,0.0337155,0.03034395,0
BULLAUSDT,resident,新,1788483182000,09-04 08:53:02,0.034064,0.0374704,0.034064,0.0306576,0
BULLAUSDT,resident,新,1788483356000,09-04 08:55:56,0.034454,0.0378994,0.034454,0.0310086,0
BULLAUSDT,resident,新,1788483536000,09-04 08:58:56,0.0340515,0.03745665,0.0340515,0.03064635,0
BULLAUSDT,resident,新,1788483626000,09-04 09:00:26,0.034413,0.0378543,0.034413,0.0309717,0
BULLAUSDT,resident,新,1788483651000,09-04 09:00:51,0.0340135,0.03741485,0.0340135,0.03061215,0
BULLAUSDT,resident,新,1788483687000,09-04 09:01:27,0.0344125,0.03785375,0.0344125,0.03097125,0
BULLAUSDT,resident,新,1788483734000,09-04 09:02:14,0.0337,0.03707,0.0337,0.03033,0
BULLAUSDT,resident,新,1788483735000,09-04 09:02:15,0.033069,0.0363759,0.033069,0.0297621,0
BULLAUSDT,resident,新,1788483746000,09-04 09:02:26,0.032621,0.0358831,0.032621,0.0293589,0
BULLAUSDT,resident,新,1788483766000,09-04 09:02:46,0.03225,0.035475,0.03225,0.029025,0
BULLAUSDT,resident,新,1788483790000,09-04 09:03:10,0.0317615,0.03493765,0.0317615,0.02858535,0
BULLAUSDT,resident,新,1788483791000,09-04 09:03:11,0.032111,0.0353221,0.032111,0.0288999,0
BULLAUSDT,resident,新,1788483900000,09-04 09:05:00,0.0317895,0.03496845,0.0317895,0.02861055,0
BULLAUSDT,resident,新,1788483903000,09-04 09:05:03,0.0314245,0.03456695,0.0314245,0.02828205,0
BULLAUSDT,resident,新,1788483909000,09-04 09:05:09,0.0310145,0.03411595,0.0310145,0.02791305,0
BULLAUSDT,resident,新,1788483911000,09-04 09:05:11,0.0303785,0.03341635,0.0303785,0.02734065,0
BULLAUSDT,resident,新,1788483917000,09-04 09:05:17,0.0307955,0.03387505,0.0307955,0.02771595,0
BULLAUSDT,resident,新,1788483945000,09-04 09:05:45,0.0311375,0.03425125,0.0311375,0.02802375,0
BULLAUSDT,resident,新,1788483961000,09-04 09:06:01,0.0307705,0.03384755,0.0307705,0.02769345,0
BULLAUSDT,resident,新,1788484018000,09-04 09:06:58,0.0310945,0.03420395,0.0310945,0.02798505,0
BULLAUSDT,resident,新,1788484143000,09-04 09:09:03,0.0307785,0.03385635,0.0307785,0.02770065,0
BULLAUSDT,resident,新,1788484203000,09-04 09:10:03,0.031145,0.0342595,0.031145,0.0280305,0
BULLAUSDT,resident,新,1788484245000,09-04 09:10:45,0.031478,0.0346258,0.031478,0.0283302,0
BULLAUSDT,resident,新,1788484264000,09-04 09:11:04,0.0311445,0.03425895,0.0311445,0.02803005,0
BULLAUSDT,resident,新,1788484307000,09-04 09:11:47,0.030832,0.0339152,0.030832,0.0277488,0
BULLAUSDT,resident,新,1788484321000,09-04 09:12:01,0.031241,0.0343651,0.031241,0.0281169,0
BULLAUSDT,resident,新,1788484553000,09-04 09:15:53,0.031569,0.0347259,0.031569,0.0284121,0
BULLAUSDT,resident,新,1788484898000,09-04 09:21:38,0.0312305,0.03435355,0.0312305,0.02810745,0
BULLAUSDT,resident,新,1788484908000,09-04 09:21:48,0.031617,0.0347787,0.031617,0.0284553,0
BULLAUSDT,resident,新,1788485044000,09-04 09:24:04,0.0319675,0.03516425,0.0319675,0.02877075,0
BULLAUSDT,resident,新,1788485287000,09-04 09:28:07,0.03162,0.034782,0.03162,0.028458,0
BULLAUSDT,resident,新,1788485410000,09-04 09:30:10,0.031946,0.0351406,0.031946,0.0287514,0
BULLAUSDT,resident,新,1788485714000,09-04 09:35:14,0.0322715,0.03549865,0.0322715,0.02904435,0
BULLAUSDT,resident,新,1788485732000,09-04 09:35:32,0.032701,0.0359711,0.032701,0.0294309,0
BULLAUSDT,resident,新,1788486016000,09-04 09:40:16,0.03234,0.035574,0.03234,0.029106,0
BULLAUSDT,resident,新,1788486018000,09-04 09:40:18,0.032698,0.0359678,0.032698,0.0294282,0
BULLAUSDT,resident,新,1788486066000,09-04 09:41:06,0.0323345,0.03556795,0.0323345,0.02910105,0
BULLAUSDT,resident,新,1788486611000,09-04 09:50:11,0.0326755,0.03594305,0.0326755,0.02940795,0
BULLAUSDT,resident,新,1788486967000,09-04 09:56:07,0.033022,0.0363242,0.033022,0.0297198,0
BULLAUSDT,resident,新,1788487157000,09-04 09:59:17,0.032664,0.0359304,0.032664,0.0293976,0
BULLAUSDT,resident,新,1788487240000,09-04 10:00:40,0.0329985,0.03629835,0.0329985,0.02969865,0
BULLAUSDT,resident,新,1788487389000,09-04 10:03:09,0.0324465,0.03569115,0.0324465,0.02920185,0
BULLAUSDT,resident,新,1788487408000,09-04 10:03:28,0.032881,0.0361691,0.032881,0.0295929,0
BULLAUSDT,resident,新,1788487659000,09-04 10:07:39,0.032337,0.0355707,0.032337,0.0291033,0
BULLAUSDT,resident,新,1788487761000,09-04 10:09:21,0.032661,0.0359271,0.032661,0.0293949,0
BULLAUSDT,resident,新,1788487808000,09-04 10:10:08,0.0322695,0.03549645,0.0322695,0.02904255,0
BULLAUSDT,resident,新,1788487987000,09-04 10:13:07,0.032625,0.0358875,0.032625,0.0293625,0
BULLAUSDT,resident,新,1788488405000,09-04 10:20:05,0.0322715,0.03549865,0.0322715,0.02904435,0
BULLAUSDT,resident,新,1788488544000,09-04 10:22:24,0.0326025,0.03586275,0.0326025,0.02934225,0
BULLAUSDT,resident,新,1788488852000,09-04 10:27:32,0.032955,0.0362505,0.032955,0.0296595,0
BULLAUSDT,resident,新,1788489008000,09-04 10:30:08,0.0326245,0.03588695,0.0326245,0.02936205,0
BULLAUSDT,resident,新,1788489309000,09-04 10:35:09,0.0329615,0.03625765,0.0329615,0.02966535,0
BULLAUSDT,resident,新,1788490050000,09-04 10:47:30,0.0325895,0.03584845,0.0325895,0.02933055,0
BULLAUSDT,resident,新,1788490301000,09-04 10:51:41,0.032252,0.0354772,0.032252,0.0290268,0
BULLAUSDT,resident,新,1788490316000,09-04 10:51:56,0.031768,0.0349448,0.031768,0.0285912,0
BULLAUSDT,resident,新,1788490382000,09-04 10:53:02,0.0321005,0.03531055,0.0321005,0.02889045,0
BULLAUSDT,resident,新,1788490795000,09-04 10:59:55,0.032533,0.0357863,0.032533,0.0292797,0
BULLAUSDT,resident,新,1788491044000,09-04 11:04:04,0.03218,0.035398,0.03218,0.028962,0
BULLAUSDT,resident,新,1788491103000,09-04 11:05:03,0.031849,0.0350339,0.031849,0.0286641,0
BULLAUSDT,resident,新,1788491367000,09-04 11:09:27,0.032221,0.0354431,0.032221,0.0289989,0
BULLAUSDT,resident,新,1788491731000,09-04 11:15:31,0.031896,0.0350856,0.031896,0.0287064,0
BULLAUSDT,resident,新,1788492245000,09-04 11:24:05,0.0322455,0.03547005,0.0322455,0.02902095,0
BULLAUSDT,resident,新,1788492311000,09-04 11:25:11,0.031921,0.0351131,0.031921,0.0287289,0
BULLAUSDT,resident,新,1788492586000,09-04 11:29:46,0.031579,0.0347369,0.031579,0.0284211,0
BULLAUSDT,resident,新,1788492648000,09-04 11:30:48,0.0319185,0.03511035,0.0319185,0.02872665,0
BULLAUSDT,resident,新,1788492778000,09-04 11:32:58,0.03225,0.035475,0.03225,0.029025,0
BULLAUSDT,resident,新,1788493099000,09-04 11:38:19,0.032639,0.0359029,0.032639,0.0293751,0
BULLAUSDT,resident,新,1788493206000,09-04 11:40:06,0.0322925,0.03552175,0.0322925,0.02906325,0
BULLAUSDT,resident,新,1788493866000,09-04 11:51:06,0.0319145,0.03510595,0.0319145,0.02872305,0
BULLAUSDT,resident,新,1788494116000,09-04 11:55:16,0.032236,0.0354596,0.032236,0.0290124,0
BULLAUSDT,resident,新,1788494781000,09-04 12:06:21,0.0326025,0.03586275,0.0326025,0.02934225,0
BULLAUSDT,resident,新,1788494791000,09-04 12:06:31,0.03293,0.036223,0.03293,0.029637,0
BULLAUSDT,resident,新,1788495069000,09-04 12:11:09,0.032592,0.0358512,0.032592,0.0293328,0
BULLAUSDT,resident,新,1788495345000,09-04 12:15:45,0.032246,0.0354706,0.032246,0.0290214,0
BULLAUSDT,resident,新,1788495590000,09-04 12:19:50,0.031848,0.0350328,0.031848,0.0286632,0
BULLAUSDT,resident,新,1788495604000,09-04 12:20:04,0.032197,0.0354167,0.032197,0.0289773,0
BULLAUSDT,resident,新,1788495845000,09-04 12:24:05,0.032563,0.0358193,0.032563,0.0293067,0
BULLAUSDT,resident,新,1788496235000,09-04 12:30:35,0.0322275,0.03545025,0.0322275,0.02900475,0
BULLAUSDT,resident,新,1788496383000,09-04 12:33:03,0.0325555,0.03581105,0.0325555,0.02929995,0
BULLAUSDT,resident,新,1788497118000,09-04 12:45:18,0.0329185,0.03621035,0.0329185,0.02962665,0
BULLAUSDT,resident,新,1788497137000,09-04 12:45:37,0.032476,0.0357236,0.032476,0.0292284,0
BULLAUSDT,resident,新,1788497141000,09-04 12:45:41,0.032015,0.0352165,0.032015,0.0288135,0
BULLAUSDT,resident,新,1788497153000,09-04 12:45:53,0.032343,0.0355773,0.032343,0.0291087,0
BULLAUSDT,resident,新,1788497173000,09-04 12:46:13,0.031998,0.0351978,0.031998,0.0287982,0
BULLAUSDT,resident,新,1788497223000,09-04 12:47:03,0.0323275,0.03556025,0.0323275,0.02909475,0
BULLAUSDT,resident,新,1788498202000,09-04 13:03:22,0.032004,0.0352044,0.032004,0.0288036,0
BULLAUSDT,resident,新,1788498452000,09-04 13:07:32,0.032329,0.0355619,0.032329,0.0290961,0
BULLAUSDT,resident,新,1788499209000,09-04 13:20:09,0.032658,0.0359238,0.032658,0.0293922,0
BULLAUSDT,resident,新,1788499824000,09-04 13:30:24,0.03231,0.035541,0.03231,0.029079,0
BULLAUSDT,resident,新,1788500426000,09-04 13:40:26,0.0319855,0.03518405,0.0319855,0.02878695,0
BULLAUSDT,resident,新,1788500590000,09-04 13:43:10,0.0316545,0.03481995,0.0316545,0.02848905,0
BULLAUSDT,resident,新,1788500942000,09-04 13:49:02,0.0311345,0.03424795,0.0311345,0.02802105,0
BULLAUSDT,resident,新,1788500944000,09-04 13:49:04,0.030788,0.0338668,0.030788,0.0277092,0
BULLAUSDT,resident,新,1788500974000,09-04 13:49:34,0.0303705,0.03340755,0.0303705,0.02733345,0
BULLAUSDT,resident,新,1788500992000,09-04 13:49:52,0.030682,0.0337502,0.030682,0.0276138,0
BULLAUSDT,resident,新,1788501085000,09-04 13:51:25,0.031025,0.0341275,0.031025,0.0279225,0
BULLAUSDT,resident,新,1788501861000,09-04 14:04:21,0.030706,0.0337766,0.030706,0.0276354,0
BULLAUSDT,resident,新,1788501864000,09-04 14:04:24,0.030343,0.0333773,0.030343,0.0273087,0
BULLAUSDT,resident,新,1788501892000,09-04 14:04:52,0.029978,0.0329758,0.029978,0.0269802,0
BULLAUSDT,resident,新,1788501901000,09-04 14:05:01,0.0295095,0.03246045,0.0295095,0.02655855,0
BULLAUSDT,resident,新,1788501920000,09-04 14:05:20,0.0298215,0.03280365,0.0298215,0.02683935,0
BULLAUSDT,resident,新,1788501930000,09-04 14:05:30,0.030293,0.0333223,0.030293,0.0272637,0
BULLAUSDT,resident,新,1788502141000,09-04 14:09:01,0.029956,0.0329516,0.029956,0.0269604,0
BULLAUSDT,resident,新,1788502201000,09-04 14:10:01,0.0295755,0.03253305,0.0295755,0.02661795,0
BULLAUSDT,resident,新,1788502227000,09-04 14:10:27,0.029898,0.0328878,0.029898,0.0269082,0
BULLAUSDT,resident,新,1788502515000,09-04 14:15:15,0.030204,0.0332244,0.030204,0.0271836,0
BULLAUSDT,resident,新,1788502733000,09-04 14:18:53,0.0298845,0.03287295,0.0298845,0.02689605,0
BULLAUSDT,resident,新,1788502810000,09-04 14:20:10,0.029577,0.0325347,0.029577,0.0266193,0
BULLAUSDT,resident,新,1788502824000,09-04 14:20:24,0.0298795,0.03286745,0.0298795,0.02689155,0
BULLAUSDT,resident,新,1788503041000,09-04 14:24:01,0.0302185,0.03324035,0.0302185,0.02719665,0
BULLAUSDT,resident,新,1788503047000,09-04 14:24:07,0.030543,0.0335973,0.030543,0.0274887,0
BULLAUSDT,resident,新,1788503161000,09-04 14:26:01,0.030063,0.0330693,0.030063,0.0270567,0
BULLAUSDT,resident,新,1788503198000,09-04 14:26:38,0.029762,0.0327382,0.029762,0.0267858,0
BULLAUSDT,resident,新,1788503259000,09-04 14:27:39,0.0301305,0.03314355,0.0301305,0.02711745,0
BULLAUSDT,resident,新,1788503887000,09-04 14:38:07,0.030435,0.0334785,0.030435,0.0273915,0
BULLAUSDT,resident,新,1788504049000,09-04 14:40:49,0.030118,0.0331298,0.030118,0.0271062,0
BULLAUSDT,resident,新,1788504383000,09-04 14:46:23,0.030427,0.0334697,0.030427,0.0273843,0
BULLAUSDT,resident,新,1788504421000,09-04 14:47:01,0.030781,0.0338591,0.030781,0.0277029,0
BULLAUSDT,resident,新,1788504455000,09-04 14:47:35,0.031107,0.0342177,0.031107,0.0279963,0
BULLAUSDT,resident,新,1788504618000,09-04 14:50:18,0.0307895,0.03386845,0.0307895,0.02771055,0
BULLAUSDT,resident,新,1788504678000,09-04 14:51:18,0.0304635,0.03350985,0.0304635,0.02741715,0
BULLAUSDT,resident,新,1788504732000,09-04 14:52:12,0.030778,0.0338558,0.030778,0.0277002,0
BULLAUSDT,resident,新,1788505079000,09-04 14:57:59,0.0310875,0.03419625,0.0310875,0.02797875,0
BULLAUSDT,resident,新,1788505165000,09-04 14:59:25,0.0314155,0.03455705,0.0314155,0.02827395,0
BULLAUSDT,resident,新,1788505208000,09-04 15:00:08,0.0310265,0.03412915,0.0310265,0.02792385,0
BULLAUSDT,resident,新,1788505449000,09-04 15:04:09,0.0313465,0.03448115,0.0313465,0.02821185,0
BULLAUSDT,resident,新,1788505485000,09-04 15:04:45,0.03099,0.034089,0.03099,0.027891,0
BULLAUSDT,resident,新,1788505546000,09-04 15:05:46,0.0306395,0.03370345,0.0306395,0.02757555,0
BULLAUSDT,resident,新,1788505621000,09-04 15:07:01,0.03033,0.033363,0.03033,0.027297,0
BULLAUSDT,resident,新,1788505793000,09-04 15:09:53,0.030662,0.0337282,0.030662,0.0275958,0
BULLAUSDT,resident,新,1788505882000,09-04 15:11:22,0.0303315,0.03336465,0.0303315,0.02729835,0
BULLAUSDT,resident,新,1788506080000,09-04 15:14:40,0.030653,0.0337183,0.030653,0.0275877,0
BULLAUSDT,resident,新,1788506258000,09-04 15:17:38,0.030342,0.0333762,0.030342,0.0273078,0
BULLAUSDT,resident,新,1788506452000,09-04 15:20:52,0.030019,0.0330209,0.030019,0.0270171,0
BULLAUSDT,resident,新,1788506796000,09-04 15:26:36,0.030324,0.0333564,0.030324,0.0272916,0
BULLAUSDT,resident,新,1788506880000,09-04 15:28:00,0.0307015,0.03377165,0.0307015,0.02763135,0
BULLAUSDT,resident,新,1788507003000,09-04 15:30:03,0.031107,0.0342177,0.031107,0.0279963,0
BULLAUSDT,resident,新,1788507085000,09-04 15:31:25,0.031424,0.0345664,0.031424,0.0282816,0
BULLAUSDT,resident,新,1788507140000,09-04 15:32:20,0.0310545,0.03415995,0.0310545,0.02794905,0
BULLAUSDT,resident,新,1788507227000,09-04 15:33:47,0.031376,0.0345136,0.031376,0.0282384,0
BULLAUSDT,resident,新,1788507666000,09-04 15:41:06,0.0310575,0.03416325,0.0310575,0.02795175,0
BULLAUSDT,resident,新,1788508255000,09-04 15:50:55,0.031403,0.0345433,0.031403,0.0282627,0
BULLAUSDT,resident,新,1788508929000,09-04 16:02:09,0.031069,0.0341759,0.031069,0.0279621,0
BULLAUSDT,resident,新,1788508955000,09-04 16:02:35,0.0314595,0.03460545,0.0314595,0.02831355,0
BULLAUSDT,resident,新,1788509112000,09-04 16:05:12,0.031782,0.0349602,0.031782,0.0286038,0
BULLAUSDT,resident,新,1788509120000,09-04 16:05:20,0.0321095,0.03532045,0.0321095,0.02889855,0
BULLAUSDT,resident,新,1788509138000,09-04 16:05:38,0.0324345,0.03567795,0.0324345,0.02919105,0
BULLAUSDT,resident,新,1788509143000,09-04 16:05:43,0.0327655,0.03604205,0.0327655,0.02948895,0
BULLAUSDT,resident,新,1788509148000,09-04 16:05:48,0.032437,0.0356807,0.032437,0.0291933,0
BULLAUSDT,resident,新,1788509167000,09-04 16:06:07,0.0327745,0.03605195,0.0327745,0.02949705,0
BULLAUSDT,resident,新,1788509448000,09-04 16:10:48,0.03316,0.036476,0.03316,0.029844,0
BULLAUSDT,resident,新,1788509450000,09-04 16:10:50,0.032751,0.0360261,0.032751,0.0294759,0
BULLAUSDT,resident,新,1788509477000,09-04 16:11:17,0.032421,0.0356631,0.032421,0.0291789,0
BULLAUSDT,resident,新,1788509699000,09-04 16:14:59,0.032875,0.0361625,0.032875,0.0295875,0
BULLAUSDT,resident,新,1788509855000,09-04 16:17:35,0.033332,0.0366652,0.033332,0.0299988,0
BULLAUSDT,resident,新,1788510002000,09-04 16:20:02,0.0336985,0.03706835,0.0336985,0.03032865,0
BULLAUSDT,resident,新,1788510032000,09-04 16:20:32,0.0341205,0.03753255,0.0341205,0.03070845,0
BULLAUSDT,resident,新,1788510033000,09-04 16:20:33,0.03482,0.038302,0.03482,0.031338,0
BULLAUSDT,resident,新,1788510053000,09-04 16:20:53,0.035313,0.0388443,0.035313,0.0317817,0
BULLAUSDT,resident,新,1788510096000,09-04 16:21:36,0.034932,0.0384252,0.034932,0.0314388,0
BULLAUSDT,resident,新,1788510208000,09-04 16:23:28,0.0345735,0.03803085,0.0345735,0.03111615,0
BULLAUSDT,resident,新,1788510348000,09-04 16:25:48,0.0342155,0.03763705,0.0342155,0.03079395,0
BULLAUSDT,resident,新,1788510421000,09-04 16:27:01,0.0345625,0.03801875,0.0345625,0.03110625,0
BULLAUSDT,resident,新,1788510895000,09-04 16:34:55,0.034924,0.0384164,0.034924,0.0314316,0
BULLAUSDT,resident,新,1788511510000,09-04 16:45:10,0.035318,0.0388498,0.035318,0.0317862,0
BULLAUSDT,resident,新,1788511518000,09-04 16:45:18,0.0360925,0.03970175,0.0360925,0.03248325,0
BULLAUSDT,resident,新,1788511521000,09-04 16:45:21,0.0364695,0.04011645,0.0364695,0.03282255,0
BULLAUSDT,resident,新,1788511541000,09-04 16:45:41,0.0360895,0.03969845,0.0360895,0.03248055,0
BULLAUSDT,resident,新,1788511621000,09-04 16:47:01,0.0356065,0.03916715,0.0356065,0.03204585,0
BULLAUSDT,resident,新,1788511745000,09-04 16:49:05,0.035963,0.0395593,0.035963,0.0323667,0
BULLAUSDT,resident,新,1788511799000,09-04 16:49:59,0.0348785,0.03836635,0.0348785,0.03139065,0
BULLAUSDT,resident,新,1788511800000,09-04 16:50:00,0.034051,0.0374561,0.034051,0.0306459,0
BULLAUSDT,resident,新,1788511808000,09-04 16:50:08,0.033036,0.0363396,0.033036,0.0297324,0
BULLAUSDT,resident,新,1788511809000,09-04 16:50:09,0.032382,0.0356202,0.032382,0.0291438,0
BULLAUSDT,resident,新,1788511811000,09-04 16:50:11,0.0327525,0.03602775,0.0327525,0.02947725,0
BULLAUSDT,resident,新,1788511817000,09-04 16:50:17,0.0332005,0.03652055,0.0332005,0.02988045,0
BULLAUSDT,resident,新,1788511936000,09-04 16:52:16,0.033567,0.0369237,0.033567,0.0302103,0
BULLAUSDT,resident,新,1788511938000,09-04 16:52:18,0.033072,0.0363792,0.033072,0.0297648,0
BULLAUSDT,resident,新,1788511981000,09-04 16:53:01,0.0334565,0.03680215,0.0334565,0.03011085,0
BULLAUSDT,resident,新,1788512438000,09-04 17:00:38,0.033821,0.0372031,0.033821,0.0304389,0
BULLAUSDT,resident,新,1788512498000,09-04 17:01:38,0.0341945,0.03761395,0.0341945,0.03077505,0
BULLAUSDT,resident,新,1788512708000,09-04 17:05:08,0.0337305,0.03710355,0.0337305,0.03035745,0
BULLAUSDT,resident,新,1788512798000,09-04 17:06:38,0.034079,0.0374869,0.034079,0.0306711,0
BULLAUSDT,resident,新,1788513077000,09-04 17:11:17,0.0336635,0.03702985,0.0336635,0.03029715,0
BULLAUSDT,resident,新,1788513370000,09-04 17:16:10,0.033312,0.0366432,0.033312,0.0299808,0
BULLAUSDT,resident,新,1788513664000,09-04 17:21:04,0.0336455,0.03701005,0.0336455,0.03028095,0
BULLAUSDT,resident,新,1788513753000,09-04 17:22:33,0.0333075,0.03663825,0.0333075,0.02997675,0
BULLAUSDT,resident,新,1788514001000,09-04 17:26:41,0.033659,0.0370249,0.033659,0.0302931,0
BULLAUSDT,resident,新,1788514101000,09-04 17:28:21,0.0340025,0.03740275,0.0340025,0.03060225,0
BULLAUSDT,resident,新,1788514163000,09-04 17:29:23,0.0336595,0.03702545,0.0336595,0.03029355,0
BULLAUSDT,resident,新,1788514427000,09-04 17:33:47,0.0333005,0.03663055,0.0333005,0.02997045,0
BULLAUSDT,resident,新,1788514443000,09-04 17:34:03,0.032965,0.0362615,0.032965,0.0296685,0
BULLAUSDT,resident,新,1788514509000,09-04 17:35:09,0.033307,0.0366377,0.033307,0.0299763,0
BULLAUSDT,resident,新,1788514790000,09-04 17:39:50,0.033642,0.0370062,0.033642,0.0302778,0
BULLAUSDT,resident,新,1788515713000,09-04 17:55:13,0.033285,0.0366135,0.033285,0.0299565,0
BULLAUSDT,resident,新,1788515953000,09-04 17:59:13,0.032901,0.0361911,0.032901,0.0296109,0
BULLAUSDT,resident,新,1788516074000,09-04 18:01:14,0.032484,0.0357324,0.032484,0.0292356,0
BULLAUSDT,resident,新,1788516364000,09-04 18:06:04,0.032829,0.0361119,0.032829,0.0295461,0
BULLAUSDT,resident,新,1788516366000,09-04 18:06:06,0.033248,0.0365728,0.033248,0.0299232,0
BULLAUSDT,resident,新,1788516429000,09-04 18:07:09,0.0328505,0.03613555,0.0328505,0.02956545,0
BULLAUSDT,resident,新,1788516933000,09-04 18:15:33,0.033184,0.0365024,0.033184,0.0298656,0
BULLAUSDT,resident,新,1788517189000,09-04 18:19:49,0.0327675,0.03604425,0.0327675,0.02949075,0
BULLAUSDT,resident,新,1788517248000,09-04 18:20:48,0.032389,0.0356279,0.032389,0.0291501,0
BULLAUSDT,resident,新,1788517272000,09-04 18:21:12,0.0320075,0.03520825,0.0320075,0.02880675,0
BULLAUSDT,resident,新,1788517301000,09-04 18:21:41,0.03168,0.034848,0.03168,0.028512,0
BULLAUSDT,resident,新,1788517320000,09-04 18:22:00,0.0320035,0.03520385,0.0320035,0.02880315,0
BULLAUSDT,resident,新,1788517418000,09-04 18:23:38,0.0323395,0.03557345,0.0323395,0.02910555,0
BULLAUSDT,resident,新,1788517597000,09-04 18:26:37,0.032664,0.0359304,0.032664,0.0293976,0
BULLAUSDT,resident,新,1788517688000,09-04 18:28:08,0.0323285,0.03556135,0.0323285,0.02909565,0
BULLAUSDT,resident,新,1788517742000,09-04 18:29:02,0.0328635,0.03614985,0.0328635,0.02957715,0
BULLAUSDT,resident,新,1788517762000,09-04 18:29:22,0.0332045,0.03652495,0.0332045,0.02988405,0
BULLAUSDT,resident,新,1788517815000,09-04 18:30:15,0.0335615,0.03691765,0.0335615,0.03020535,0
BULLAUSDT,resident,新,1788518048000,09-04 18:34:08,0.0332125,0.03653375,0.0332125,0.02989125,0
BULLAUSDT,resident,新,1788518106000,09-04 18:35:06,0.03356,0.036916,0.03356,0.030204,0
BULLAUSDT,resident,新,1788518185000,09-04 18:36:25,0.0332195,0.03654145,0.0332195,0.02989755,0
BULLAUSDT,resident,新,1788518344000,09-04 18:39:04,0.033555,0.0369105,0.033555,0.0301995,0
BULLAUSDT,resident,新,1788518418000,09-04 18:40:18,0.033202,0.0365222,0.033202,0.0298818,0
BULLAUSDT,resident,新,1788518463000,09-04 18:41:03,0.032833,0.0361163,0.032833,0.0295497,0
BULLAUSDT,resident,新,1788518543000,09-04 18:42:23,0.0331675,0.03648425,0.0331675,0.02985075,0
BULLAUSDT,resident,新,1788518893000,09-04 18:48:13,0.033515,0.0368665,0.033515,0.0301635,0
BULLAUSDT,resident,新,1788519274000,09-04 18:54:34,0.034156,0.0375716,0.034156,0.0307404,0
BULLAUSDT,resident,新,1788519306000,09-04 18:55:06,0.034596,0.0380556,0.034596,0.0311364,0
BULLAUSDT,resident,新,1788519354000,09-04 18:55:54,0.0350345,0.03853795,0.0350345,0.03153105,0
BULLAUSDT,resident,新,1788519379000,09-04 18:56:19,0.034683,0.0381513,0.034683,0.0312147,0
BULLAUSDT,resident,新,1788519404000,09-04 18:56:44,0.0341895,0.03760845,0.0341895,0.03077055,0
BULLAUSDT,resident,新,1788519632000,09-04 19:00:32,0.033832,0.0372152,0.033832,0.0304488,0
BULLAUSDT,resident,新,1788519731000,09-04 19:02:11,0.0341785,0.03759635,0.0341785,0.03076065,0
BULLAUSDT,resident,新,1788519801000,09-04 19:03:21,0.0345325,0.03798575,0.0345325,0.03107925,0
BULLAUSDT,resident,新,1788519844000,09-04 19:04:04,0.0349675,0.03846425,0.0349675,0.03147075,0
BULLAUSDT,resident,新,1788519923000,09-04 19:05:23,0.0345555,0.03801105,0.0345555,0.03109995,0
BULLAUSDT,resident,新,1788520042000,09-04 19:07:22,0.034905,0.0383955,0.034905,0.0314145,0
BULLAUSDT,resident,新,1788520070000,09-04 19:07:50,0.0352605,0.03878655,0.0352605,0.03173445,0
BULLAUSDT,resident,新,1788520123000,09-04 19:08:43,0.034901,0.0383911,0.034901,0.0314109,0
BULLAUSDT,resident,新,1788520229000,09-04 19:10:29,0.034519,0.0379709,0.034519,0.0310671,0
BULLAUSDT,resident,新,1788520541000,09-04 19:15:41,0.034888,0.0383768,0.034888,0.0313992,0
BULLAUSDT,resident,新,1788520755000,09-04 19:19:15,0.035321,0.0388531,0.035321,0.0317889,0
BULLAUSDT,resident,新,1788520760000,09-04 19:19:20,0.0357175,0.03928925,0.0357175,0.03214575,0
BULLAUSDT,resident,新,1788520806000,09-04 19:20:06,0.036076,0.0396836,0.036076,0.0324684,0
BULLAUSDT,resident,新,1788520883000,09-04 19:21:23,0.0356525,0.03921775,0.0356525,0.03208725,0
BULLAUSDT,resident,新,1788521156000,09-04 19:25:56,0.0360105,0.03961155,0.0360105,0.03240945,0
BULLAUSDT,resident,新,1788521652000,09-04 19:34:12,0.0356245,0.03918695,0.0356245,0.03206205,0
BULLAUSDT,resident,新,1788522002000,09-04 19:40:02,0.036145,0.0397595,0.036145,0.0325305,0
BULLAUSDT,resident,新,1788522745000,09-04 19:52:25,0.0357745,0.03935195,0.0357745,0.03219705,0
BULLAUSDT,resident,新,1788522877000,09-04 19:54:37,0.035416,0.0389576,0.035416,0.0318744,0
BULLAUSDT,resident,新,1788522917000,09-04 19:55:17,0.035772,0.0393492,0.035772,0.0321948,0
BULLAUSDT,resident,新,1788523065000,09-04 19:57:45,0.035413,0.0389543,0.035413,0.0318717,0
BULLAUSDT,resident,新,1788523144000,09-04 19:59:04,0.0362015,0.03982165,0.0362015,0.03258135,0
BULLAUSDT,resident,新,1788523145000,09-04 19:59:05,0.036708,0.0403788,0.036708,0.0330372,0
BULLAUSDT,resident,新,1788523163000,09-04 19:59:23,0.036242,0.0398662,0.036242,0.0326178,0
BULLAUSDT,resident,新,1788523175000,09-04 19:59:35,0.035812,0.0393932,0.035812,0.0322308,0
BULLAUSDT,resident,新,1788523188000,09-04 19:59:48,0.0353555,0.03889105,0.0353555,0.03181995,0
BULLAUSDT,resident,新,1788523296000,09-04 20:01:36,0.0349895,0.03848845,0.0349895,0.03149055,0
BULLAUSDT,resident,新,1788523299000,09-04 20:01:39,0.0345075,0.03795825,0.0345075,0.03105675,0
BULLAUSDT,resident,新,1788523379000,09-04 20:02:59,0.034894,0.0383834,0.034894,0.0314046,0
BULLAUSDT,resident,新,1788523396000,09-04 20:03:16,0.0344875,0.03793625,0.0344875,0.03103875,0
BULLAUSDT,resident,新,1788523419000,09-04 20:03:39,0.0348735,0.03836085,0.0348735,0.03138615,0
BULLAUSDT,resident,新,1788523508000,09-04 20:05:08,0.0352815,0.03880965,0.0352815,0.03175335,0
BULLAUSDT,resident,新,1788524140000,09-04 20:15:40,0.0349105,0.03840155,0.0349105,0.03141945,0
BULLAUSDT,resident,新,1788524253000,09-04 20:17:33,0.035273,0.0388003,0.035273,0.0317457,0
BULLAUSDT,resident,新,1788524506000,09-04 20:21:46,0.035639,0.0392029,0.035639,0.0320751,0
BULLAUSDT,resident,新,1788525011000,09-04 20:30:11,0.03524,0.038764,0.03524,0.031716,0
BULLAUSDT,resident,新,1788525016000,09-04 20:30:16,0.034864,0.0383504,0.034864,0.0313776,0
BULLAUSDT,resident,新,1788525031000,09-04 20:30:31,0.035225,0.0387475,0.035225,0.0317025,0
BULLAUSDT,resident,新,1788525040000,09-04 20:30:40,0.034812,0.0382932,0.034812,0.0313308,0
BULLAUSDT,resident,新,1788525048000,09-04 20:30:48,0.035192,0.0387112,0.035192,0.0316728,0
BULLAUSDT,resident,新,1788525055000,09-04 20:30:55,0.034829,0.0383119,0.034829,0.0313461,0
BULLAUSDT,resident,新,1788525075000,09-04 20:31:15,0.0344115,0.03785265,0.0344115,0.03097035,0
BULLAUSDT,resident,新,1788525173000,09-04 20:32:53,0.034762,0.0382382,0.034762,0.0312858,0
BULLAUSDT,resident,新,1788525285000,09-04 20:34:45,0.035117,0.0386287,0.035117,0.0316053,0
BULLAUSDT,resident,新,1788525454000,09-04 20:37:34,0.035469,0.0390159,0.035469,0.0319221,0
BULLAUSDT,resident,新,1788525639000,09-04 20:40:39,0.0359285,0.03952135,0.0359285,0.03233565,0
BULLAUSDT,resident,新,1788525673000,09-04 20:41:13,0.0355665,0.03912315,0.0355665,0.03200985,0
BULLAUSDT,resident,新,1788525750000,09-04 20:42:30,0.035978,0.0395758,0.035978,0.0323802,0
BULLAUSDT,resident,新,1788525907000,09-04 20:45:07,0.036346,0.0399806,0.036346,0.0327114,0
BULLAUSDT,resident,新,1788525935000,09-04 20:45:35,0.036717,0.0403887,0.036717,0.0330453,0
BULLAUSDT,resident,新,1788525963000,09-04 20:46:03,0.0362495,0.03987445,0.0362495,0.03262455,0
BULLAUSDT,resident,新,1788525965000,09-04 20:46:05,0.03588,0.039468,0.03588,0.032292,0
BULLAUSDT,resident,新,1788526140000,09-04 20:49:00,0.03626,0.039886,0.03626,0.032634,0
BULLAUSDT,resident,新,1788526263000,09-04 20:51:03,0.0366355,0.04029905,0.0366355,0.03297195,0
BULLAUSDT,resident,新,1788526332000,09-04 20:52:12,0.036252,0.0398772,0.036252,0.0326268,0
BULLAUSDT,resident,新,1788526732000,09-04 20:58:52,0.036619,0.0402809,0.036619,0.0329571,0
BULLAUSDT,resident,新,1788527146000,09-04 21:05:46,0.036993,0.0406923,0.036993,0.0332937,0
BULLAUSDT,resident,新,1788527196000,09-04 21:06:36,0.036589,0.0402479,0.036589,0.0329301,0
BULLAUSDT,resident,新,1788527343000,09-04 21:09:03,0.0369575,0.04065325,0.0369575,0.03326175,0
BULLAUSDT,resident,新,1788527414000,09-04 21:10:14,0.0373645,0.04110095,0.0373645,0.03362805,0
BULLAUSDT,resident,新,1788527463000,09-04 21:11:03,0.0369865,0.04068515,0.0369865,0.03328785,0
BULLAUSDT,resident,新,1788528267000,09-04 21:24:27,0.037372,0.0411092,0.037372,0.0336348,0
BULLAUSDT,resident,新,1788528461000,09-04 21:27:41,0.0369825,0.04068075,0.0369825,0.03328425,0
BULLAUSDT,resident,新,1788528662000,09-04 21:31:02,0.0373585,0.04109435,0.0373585,0.03362265,0
BULLAUSDT,resident,新,1788529366000,09-04 21:42:46,0.036947,0.0406417,0.036947,0.0332523,0
BULLAUSDT,resident,新,1788529507000,09-04 21:45:07,0.03732,0.041052,0.03732,0.033588,0
BULLAUSDT,resident,新,1788529946000,09-04 21:52:26,0.0369205,0.04061255,0.0369205,0.03322845,0
BULLAUSDT,resident,新,1788530131000,09-04 21:55:31,0.037293,0.0410223,0.037293,0.0335637,0
BULLAUSDT,resident,新,1788530344000,09-04 21:59:04,0.036917,0.0406087,0.036917,0.0332253,0
BULLAUSDT,resident,新,1788530407000,09-04 22:00:07,0.037331,0.0410641,0.037331,0.0335979,0
BULLAUSDT,resident,新,1788530429000,09-04 22:00:29,0.0381285,0.04194135,0.0381285,0.03431565,0
BULLAUSDT,resident,新,1788530451000,09-04 22:00:51,0.0376845,0.04145295,0.0376845,0.03391605,0
BULLAUSDT,resident,新,1788530504000,09-04 22:01:44,0.037257,0.0409827,0.037257,0.0335313,0
BULLAUSDT,resident,新,1788530544000,09-04 22:02:24,0.036095,0.0397045,0.036095,0.0324855,0
BULLAUSDT,resident,新,1788530554000,09-04 22:02:34,0.035596,0.0391556,0.035596,0.0320364,0
BULLAUSDT,resident,新,1788530558000,09-04 22:02:38,0.0351505,0.03866555,0.0351505,0.03163545,0
BULLAUSDT,resident,新,1788530560000,09-04 22:02:40,0.035708,0.0392788,0.035708,0.0321372,0
BULLAUSDT,resident,新,1788530592000,09-04 22:03:12,0.0360985,0.03970835,0.0360985,0.03248865,0
BULLAUSDT,resident,新,1788530751000,09-04 22:05:51,0.0364605,0.04010655,0.0364605,0.03281445,0
BULLAUSDT,resident,新,1788530775000,09-04 22:06:15,0.03685,0.040535,0.03685,0.033165,0
BULLAUSDT,resident,新,1788530845000,09-04 22:07:25,0.0364595,0.04010545,0.0364595,0.03281355,0
BULLAUSDT,resident,新,1788531015000,09-04 22:10:15,0.0360145,0.03961595,0.0360145,0.03241305,0
BULLAUSDT,resident,新,1788531037000,09-04 22:10:37,0.0364085,0.04004935,0.0364085,0.03276765,0
BULLAUSDT,resident,新,1788531303000,09-04 22:15:03,0.036775,0.0404525,0.036775,0.0330975,0
BULLAUSDT,resident,新,1788531325000,09-04 22:15:25,0.0371635,0.04087985,0.0371635,0.03344715,0
BULLAUSDT,resident,新,1788531685000,09-04 22:21:25,0.037544,0.0412984,0.037544,0.0337896,0
BULLAUSDT,resident,新,1788532026000,09-04 22:27:06,0.0371445,0.04085895,0.0371445,0.03343005,0
BULLAUSDT,resident,新,1788532773000,09-04 22:39:33,0.0375275,0.04128025,0.0375275,0.03377475,0
BULLAUSDT,resident,新,1788532890000,09-04 22:41:30,0.0379175,0.04170925,0.0379175,0.03412575,0
BULLAUSDT,resident,新,1788533027000,09-04 22:43:47,0.0372525,0.04097775,0.0372525,0.03352725,0
BULLAUSDT,resident,新,1788533037000,09-04 22:43:57,0.0368725,0.04055975,0.0368725,0.03318525,0
BULLAUSDT,resident,新,1788533281000,09-04 22:48:01,0.0372425,0.04096675,0.0372425,0.03351825,0
BULLAUSDT,resident,新,1788533367000,09-04 22:49:27,0.036837,0.0405207,0.036837,0.0331533,0
BULLAUSDT,resident,新,1788533421000,09-04 22:50:21,0.036413,0.0400543,0.036413,0.0327717,0
BULLAUSDT,resident,新,1788533809000,09-04 22:56:49,0.036785,0.0404635,0.036785,0.0331065,0
BULLAUSDT,resident,新,1788534102000,09-04 23:01:42,0.037186,0.0409046,0.037186,0.0334674,0
BULLAUSDT,resident,新,1788534372000,09-04 23:06:12,0.0368055,0.04048605,0.0368055,0.03312495,0
BULLAUSDT,resident,新,1788534725000,09-04 23:12:05,0.037192,0.0409112,0.037192,0.0334728,0
BULLAUSDT,resident,新,1788535181000,09-04 23:19:41,0.0367855,0.04046405,0.0367855,0.03310695,0
BULLAUSDT,resident,新,1788535205000,09-04 23:20:05,0.036401,0.0400411,0.036401,0.0327609,0
BULLAUSDT,resident,新,1788535450000,09-04 23:24:10,0.036017,0.0396187,0.036017,0.0324153,0
BULLAUSDT,resident,新,1788535480000,09-04 23:24:40,0.03563,0.039193,0.03563,0.032067,0
BULLAUSDT,resident,新,1788535505000,09-04 23:25:05,0.035256,0.0387816,0.035256,0.0317304,0
BULLAUSDT,resident,新,1788535515000,09-04 23:25:15,0.034842,0.0383262,0.034842,0.0313578,0
BULLAUSDT,resident,新,1788535526000,09-04 23:25:26,0.0343965,0.03783615,0.0343965,0.03095685,0
BULLAUSDT,resident,新,1788535597000,09-04 23:26:37,0.0348035,0.03828385,0.0348035,0.03132315,0
BULLAUSDT,resident,新,1788535626000,09-04 23:27:06,0.0344385,0.03788235,0.0344385,0.03099465,0
BULLAUSDT,resident,新,1788535644000,09-04 23:27:24,0.03484,0.038324,0.03484,0.031356,0
BULLAUSDT,resident,新,1788535805000,09-04 23:30:05,0.0353615,0.03889765,0.0353615,0.03182535,0
BULLAUSDT,resident,新,1788535872000,09-04 23:31:12,0.0348825,0.03837075,0.0348825,0.03139425,0
BULLAUSDT,resident,新,1788536023000,09-04 23:33:43,0.035243,0.0387673,0.035243,0.0317187,0
BULLAUSDT,resident,新,1788536111000,09-04 23:35:11,0.035613,0.0391743,0.035613,0.0320517,0
BULLAUSDT,resident,新,1788536279000,09-04 23:37:59,0.035252,0.0387772,0.035252,0.0317268,0
BULLAUSDT,resident,新,1788536408000,09-04 23:40:08,0.0348735,0.03836085,0.0348735,0.03138615,0
BULLAUSDT,resident,新,1788536630000,09-04 23:43:50,0.0344245,0.03786695,0.0344245,0.03098205,0
BULLAUSDT,resident,新,1788536647000,09-04 23:44:07,0.0340795,0.03748745,0.0340795,0.03067155,0
BULLAUSDT,resident,新,1788536676000,09-04 23:44:36,0.034468,0.0379148,0.034468,0.0310212,0
BULLAUSDT,resident,新,1788536704000,09-04 23:45:04,0.0341045,0.03751495,0.0341045,0.03069405,0
BULLAUSDT,resident,新,1788536719000,09-04 23:45:19,0.0333055,0.03663605,0.0333055,0.02997495,0
BULLAUSDT,resident,新,1788536734000,09-04 23:45:34,0.0329445,0.03623895,0.0329445,0.02965005,0
BULLAUSDT,resident,新,1788536749000,09-04 23:45:49,0.0326095,0.03587045,0.0326095,0.02934855,0
BULLAUSDT,resident,新,1788536758000,09-04 23:45:58,0.032987,0.0362857,0.032987,0.0296883,0
BULLAUSDT,resident,新,1788536785000,09-04 23:46:25,0.0334005,0.03674055,0.0334005,0.03006045,0
BULLAUSDT,resident,新,1788536795000,09-04 23:46:35,0.0338025,0.03718275,0.0338025,0.03042225,0
BULLAUSDT,resident,新,1788536807000,09-04 23:46:47,0.034141,0.0375551,0.034141,0.0307269,0
BULLAUSDT,resident,新,1788536818000,09-04 23:46:58,0.0337445,0.03711895,0.0337445,0.03037005,0
BULLAUSDT,resident,新,1788536975000,09-04 23:49:35,0.0341065,0.03751715,0.0341065,0.03069585,0
BULLAUSDT,resident,新,1788537226000,09-04 23:53:46,0.033758,0.0371338,0.033758,0.0303822,0
BULLAUSDT,resident,新,1788537394000,09-04 23:56:34,0.0334095,0.03675045,0.0334095,0.03006855,0
BULLAUSDT,resident,新,1788537401000,09-04 23:56:41,0.03375,0.037125,0.03375,0.030375,0
BULLAUSDT,resident,新,1788537645000,09-05 00:00:45,0.033399,0.0367389,0.033399,0.0300591,0
BULLAUSDT,resident,新,1788537789000,09-05 00:03:09,0.033065,0.0363715,0.033065,0.0297585,0
BULLAUSDT,resident,新,1788538048000,09-05 00:07:28,0.033398,0.0367378,0.033398,0.0300582,0
BULLAUSDT,resident,新,1788538110000,09-05 00:08:30,0.033737,0.0371107,0.033737,0.0303633,0
BULLAUSDT,resident,新,1788538155000,09-05 00:09:15,0.0333895,0.03672845,0.0333895,0.03005055,0
BULLAUSDT,resident,新,1788538223000,09-05 00:10:23,0.0330405,0.03634455,0.0330405,0.02973645,0
BULLAUSDT,resident,新,1788538487000,09-05 00:14:47,0.0326545,0.03591995,0.0326545,0.02938905,0
BULLAUSDT,resident,新,1788538598000,09-05 00:16:38,0.032319,0.0355509,0.032319,0.0290871,0
BULLAUSDT,resident,新,1788538660000,09-05 00:17:40,0.0319085,0.03509935,0.0319085,0.02871765,0
BULLAUSDT,resident,新,1788538690000,09-05 00:18:10,0.0322365,0.03546015,0.0322365,0.02901285,0
BULLAUSDT,resident,新,1788539240000,09-05 00:27:20,0.032928,0.0362208,0.032928,0.0296352,0
BULLAUSDT,resident,新,1788539262000,09-05 00:27:42,0.033283,0.0366113,0.033283,0.0299547,0
BULLAUSDT,resident,新,1788539289000,09-05 00:28:09,0.0340425,0.03744675,0.0340425,0.03063825,0
BULLAUSDT,resident,新,1788539350000,09-05 00:29:10,0.0336735,0.03704085,0.0336735,0.03030615,0
BULLAUSDT,resident,新,1788539520000,09-05 00:32:00,0.0333065,0.03663715,0.0333065,0.02997585,0
BULLAUSDT,resident,新,1788539632000,09-05 00:33:52,0.0336415,0.03700565,0.0336415,0.03027735,0
BULLAUSDT,resident,新,1788540424000,09-05 00:47:04,0.033218,0.0365398,0.033218,0.0298962,0
BULLAUSDT,resident,新,1788540446000,09-05 00:47:26,0.032809,0.0360899,0.032809,0.0295281,0
BULLAUSDT,resident,新,1788540449000,09-05 00:47:29,0.0323995,0.03563945,0.0323995,0.02915955,0
BULLAUSDT,resident,新,1788540452000,09-05 00:47:32,0.032004,0.0352044,0.032004,0.0288036,0
BULLAUSDT,resident,新,1788540466000,09-05 00:47:46,0.031609,0.0347699,0.031609,0.0284481,0
BULLAUSDT,resident,新,1788540479000,09-05 00:47:59,0.030943,0.0340373,0.030943,0.0278487,0
BULLAUSDT,resident,新,1788540482000,09-05 00:48:02,0.030362,0.0333982,0.030362,0.0273258,0
BULLAUSDT,resident,新,1788540492000,09-05 00:48:12,0.0300235,0.03302585,0.0300235,0.02702115,0
BULLAUSDT,resident,新,1788540494000,09-05 00:48:14,0.02963,0.032593,0.02963,0.026667,0
BULLAUSDT,resident,新,1788540495000,09-05 00:48:15,0.0299395,0.03293345,0.0299395,0.02694555,0
BULLAUSDT,resident,新,1788540496000,09-05 00:48:16,0.0304775,0.03352525,0.0304775,0.02742975,0
BULLAUSDT,resident,新,1788540512000,09-05 00:48:32,0.0301565,0.03317215,0.0301565,0.02714085,0
BULLAUSDT,resident,新,1788540516000,09-05 00:48:36,0.030565,0.0336215,0.030565,0.0275085,0
BULLAUSDT,resident,新,1788540521000,09-05 00:48:41,0.0309045,0.03399495,0.0309045,0.02781405,0
BULLAUSDT,resident,新,1788540529000,09-05 00:48:49,0.030464,0.0335104,0.030464,0.0274176,0
BULLAUSDT,resident,新,1788540534000,09-05 00:48:54,0.0301115,0.03312265,0.0301115,0.02710035,0
BULLAUSDT,resident,新,1788540536000,09-05 00:48:56,0.029807,0.0327877,0.029807,0.0268263,0
BULLAUSDT,resident,新,1788540543000,09-05 00:49:03,0.02943,0.032373,0.02943,0.026487,0
BULLAUSDT,resident,新,1788540550000,09-05 00:49:10,0.02893,0.031823,0.02893,0.026037,0
BULLAUSDT,resident,新,1788540557000,09-05 00:49:17,0.0292905,0.03221955,0.0292905,0.02636145,0
BULLAUSDT,resident,新,1788540569000,09-05 00:49:29,0.029606,0.0325666,0.029606,0.0266454,0
BULLAUSDT,resident,新,1788540571000,09-05 00:49:31,0.0299495,0.03294445,0.0299495,0.02695455,0
BULLAUSDT,resident,新,1788540579000,09-05 00:49:39,0.0295605,0.03251655,0.0295605,0.02660445,0
BULLAUSDT,resident,新,1788540591000,09-05 00:49:51,0.0298935,0.03288285,0.0298935,0.02690415,0
BULLAUSDT,resident,新,1788540602000,09-05 00:50:02,0.0295805,0.03253855,0.0295805,0.02662245,0
BULLAUSDT,resident,新,1788540605000,09-05 00:50:05,0.0292475,0.03217225,0.0292475,0.02632275,0
BULLAUSDT,resident,新,1788540621000,09-05 00:50:21,0.0296225,0.03258475,0.0296225,0.02666025,0
BULLAUSDT,resident,新,1788540666000,09-05 00:51:06,0.029165,0.0320815,0.029165,0.0262485,0
BULLAUSDT,resident,新,1788540724000,09-05 00:52:04,0.0294655,0.03241205,0.0294655,0.02651895,0
BULLAUSDT,resident,新,1788540747000,09-05 00:52:27,0.0291705,0.03208755,0.0291705,0.02625345,0
BULLAUSDT,resident,新,1788540779000,09-05 00:52:59,0.0288445,0.03172895,0.0288445,0.02596005,0
BULLAUSDT,resident,新,1788540782000,09-05 00:53:02,0.0279535,0.03074885,0.0279535,0.02515815,0
BULLAUSDT,resident,新,1788540784000,09-05 00:53:04,0.0275895,0.03034845,0.0275895,0.02483055,0
BULLAUSDT,resident,新,1788540787000,09-05 00:53:07,0.027881,0.0306691,0.027881,0.0250929,0
BULLAUSDT,resident,新,1788540882000,09-05 00:54:42,0.0281905,0.03100955,0.0281905,0.02537145,0
BULLAUSDT,resident,新,1788540902000,09-05 00:55:02,0.027885,0.0306735,0.027885,0.0250965,0
BULLAUSDT,resident,新,1788540945000,09-05 00:55:45,0.028174,0.0309914,0.028174,0.0253566,0
BULLAUSDT,resident,新,1788541126000,09-05 00:58:46,0.0284565,0.03130215,0.0284565,0.02561085,0
BULLAUSDT,resident,新,1788541171000,09-05 00:59:31,0.0288345,0.03171795,0.0288345,0.02595105,0
BULLAUSDT,resident,新,1788541173000,09-05 00:59:33,0.028505,0.0313555,0.028505,0.0256545,0
BULLAUSDT,resident,新,1788541182000,09-05 00:59:42,0.028857,0.0317427,0.028857,0.0259713,0
BULLAUSDT,resident,新,1788541183000,09-05 00:59:43,0.029277,0.0322047,0.029277,0.0263493,0
BULLAUSDT,resident,新,1788541184000,09-05 00:59:44,0.029729,0.0327019,0.029729,0.0267561,0
BULLAUSDT,resident,新,1788541186000,09-05 00:59:46,0.0294245,0.03236695,0.0294245,0.02648205,0
BULLAUSDT,resident,新,1788541194000,09-05 00:59:54,0.0297555,0.03273105,0.0297555,0.02677995,0
BULLAUSDT,resident,新,1788541263000,09-05 01:01:03,0.0301155,0.03312705,0.0301155,0.02710395,0
BULLAUSDT,resident,新,1788541285000,09-05 01:01:25,0.0295705,0.03252755,0.0295705,0.02661345,0
BULLAUSDT,resident,新,1788541286000,09-05 01:01:26,0.029054,0.0319594,0.029054,0.0261486,0
BULLAUSDT,resident,新,1788541307000,09-05 01:01:47,0.0293585,0.03229435,0.0293585,0.02642265,0
BULLAUSDT,resident,新,1788541332000,09-05 01:02:12,0.0296595,0.03262545,0.0296595,0.02669355,0
BULLAUSDT,resident,新,1788541334000,09-05 01:02:14,0.030007,0.0330077,0.030007,0.0270063,0
BULLAUSDT,resident,新,1788541346000,09-05 01:02:26,0.030355,0.0333905,0.030355,0.0273195,0
BULLAUSDT,resident,新,1788541358000,09-05 01:02:38,0.0307045,0.03377495,0.0307045,0.02763405,0
BULLAUSDT,resident,新,1788541360000,09-05 01:02:40,0.03102,0.034122,0.03102,0.027918,0
BULLAUSDT,resident,新,1788541365000,09-05 01:02:45,0.0306,0.03366,0.0306,0.02754,0
BULLAUSDT,resident,新,1788541449000,09-05 01:04:09,0.030925,0.0340175,0.030925,0.0278325,0
BULLAUSDT,resident,新,1788541465000,09-05 01:04:25,0.030312,0.0333432,0.030312,0.0272808,0
BULLAUSDT,resident,新,1788541568000,09-05 01:06:08,0.0299655,0.03296205,0.0299655,0.02696895,0
BULLAUSDT,resident,新,1788541631000,09-05 01:07:11,0.030478,0.0335258,0.030478,0.0274302,0
BULLAUSDT,resident,新,1788541632000,09-05 01:07:12,0.03085,0.033935,0.03085,0.027765,0
BULLAUSDT,resident,新,1788541635000,09-05 01:07:15,0.0312915,0.03442065,0.0312915,0.02816235,0
BULLAUSDT,resident,新,1788541653000,09-05 01:07:33,0.030977,0.0340747,0.030977,0.0278793,0
BULLAUSDT,resident,新,1788541745000,09-05 01:09:05,0.0299145,0.03290595,0.0299145,0.02692305,0
BULLAUSDT,resident,新,1788541746000,09-05 01:09:06,0.028895,0.0317845,0.028895,0.0260055,0
BULLAUSDT,resident,新,1788541754000,09-05 01:09:14,0.0291985,0.03211835,0.0291985,0.02627865,0
BULLAUSDT,resident,新,1788541755000,09-05 01:09:15,0.0294975,0.03244725,0.0294975,0.02654775,0
BULLAUSDT,resident,新,1788541760000,09-05 01:09:20,0.029153,0.0320683,0.029153,0.0262377,0
BULLAUSDT,resident,新,1788541771000,09-05 01:09:31,0.0288605,0.03174655,0.0288605,0.02597445,0
BULLAUSDT,resident,新,1788541810000,09-05 01:10:10,0.029152,0.0320672,0.029152,0.0262368,0
BULLAUSDT,resident,新,1788541820000,09-05 01:10:20,0.0295605,0.03251655,0.0295605,0.02660445,0
BULLAUSDT,resident,新,1788541827000,09-05 01:10:27,0.029263,0.0321893,0.029263,0.0263367,0
BULLAUSDT,resident,新,1788541871000,09-05 01:11:11,0.0295705,0.03252755,0.0295705,0.02661345,0
BULLAUSDT,resident,新,1788542040000,09-05 01:14:00,0.029274,0.0322014,0.029274,0.0263466,0
BULLAUSDT,resident,新,1788542227000,09-05 01:17:07,0.028977,0.0318747,0.028977,0.0260793,0
BULLAUSDT,resident,新,1788542412000,09-05 01:20:12,0.029278,0.0322058,0.029278,0.0263502,0
BULLAUSDT,resident,新,1788542426000,09-05 01:20:26,0.029594,0.0325534,0.029594,0.0266346,0
BULLAUSDT,resident,新,1788542483000,09-05 01:21:23,0.0298985,0.03288835,0.0298985,0.02690865,0
BULLAUSDT,resident,新,1788542524000,09-05 01:22:04,0.0295715,0.03252865,0.0295715,0.02661435,0
BULLAUSDT,resident,新,1788542650000,09-05 01:24:10,0.029228,0.0321508,0.029228,0.0263052,0
BULLAUSDT,resident,新,1788542708000,09-05 01:25:08,0.0288115,0.03169265,0.0288115,0.02593035,0
BULLAUSDT,resident,新,1788542747000,09-05 01:25:47,0.029115,0.0320265,0.029115,0.0262035,0
BULLAUSDT,resident,新,1788542821000,09-05 01:27:01,0.028805,0.0316855,0.028805,0.0259245,0
BULLAUSDT,resident,新,1788542900000,09-05 01:28:20,0.029229,0.0321519,0.029229,0.0263061,0
BULLAUSDT,resident,新,1788542901000,09-05 01:28:21,0.0296335,0.03259685,0.0296335,0.02667015,0
BULLAUSDT,resident,新,1788542908000,09-05 01:28:28,0.029292,0.0322212,0.029292,0.0263628,0
BULLAUSDT,resident,新,1788543084000,09-05 01:31:24,0.028885,0.0317735,0.028885,0.0259965,0
BULLAUSDT,resident,新,1788543086000,09-05 01:31:26,0.0291765,0.03209415,0.0291765,0.02625885,0
BULLAUSDT,resident,新,1788543105000,09-05 01:31:45,0.028848,0.0317328,0.028848,0.0259632,0
BULLAUSDT,resident,新,1788543153000,09-05 01:32:33,0.0291415,0.03205565,0.0291415,0.02622735,0
BULLAUSDT,resident,新,1788543186000,09-05 01:33:06,0.0294725,0.03241975,0.0294725,0.02652525,0
BULLAUSDT,resident,新,1788543267000,09-05 01:34:27,0.02978,0.032758,0.02978,0.026802,0
BULLAUSDT,resident,新,1788543278000,09-05 01:34:38,0.02946,0.032406,0.02946,0.026514,0
BULLAUSDT,resident,新,1788543339000,09-05 01:35:39,0.0298945,0.03288395,0.0298945,0.02690505,0
BULLAUSDT,resident,新,1788543342000,09-05 01:35:42,0.029174,0.0320914,0.029174,0.0262566,0
BULLAUSDT,resident,新,1788543345000,09-05 01:35:45,0.0288275,0.03171025,0.0288275,0.02594475,0
BULLAUSDT,resident,新,1788543438000,09-05 01:37:18,0.0284465,0.03129115,0.0284465,0.02560185,0
BULLAUSDT,resident,新,1788543547000,09-05 01:39:07,0.0287735,0.03165085,0.0287735,0.02589615,0
BULLAUSDT,resident,新,1788543631000,09-05 01:40:31,0.029115,0.0320265,0.029115,0.0262035,0
BULLAUSDT,resident,新,1788543767000,09-05 01:42:47,0.0288195,0.03170145,0.0288195,0.02593755,0
BULLAUSDT,resident,新,1788544258000,09-05 01:50:58,0.0285225,0.03137475,0.0285225,0.02567025,0
BULLAUSDT,resident,新,1788544506000,09-05 01:55:06,0.0282125,0.03103375,0.0282125,0.02539125,0
BULLAUSDT,resident,新,1788544522000,09-05 01:55:22,0.027662,0.0304282,0.027662,0.0248958,0
BULLAUSDT,resident,新,1788544561000,09-05 01:56:01,0.0272195,0.02994145,0.0272195,0.02449755,0
BULLAUSDT,resident,新,1788544586000,09-05 01:56:26,0.0275025,0.03025275,0.0275025,0.02475225,0
BULLAUSDT,resident,新,1788544681000,09-05 01:58:01,0.027879,0.0306669,0.027879,0.0250911,0
BULLAUSDT,resident,新,1788544813000,09-05 02:00:13,0.0275815,0.03033965,0.0275815,0.02482335,0
BULLAUSDT,resident,新,1788544838000,09-05 02:00:38,0.0272895,0.03001845,0.0272895,0.02456055,0
BULLAUSDT,resident,新,1788544988000,09-05 02:03:08,0.027563,0.0303193,0.027563,0.0248067,0
BULLAUSDT,resident,新,1788545128000,09-05 02:05:28,0.0272585,0.02998435,0.0272585,0.02453265,0
BULLAUSDT,resident,新,1788545167000,09-05 02:06:07,0.026768,0.0294448,0.026768,0.0240912,0
BULLAUSDT,resident,新,1788545168000,09-05 02:06:08,0.0271185,0.02983035,0.0271185,0.02440665,0
BULLAUSDT,resident,新,1788545173000,09-05 02:06:13,0.0274305,0.03017355,0.0274305,0.02468745,0
BULLAUSDT,resident,新,1788545193000,09-05 02:06:33,0.027082,0.0297902,0.027082,0.0243738,0
BULLAUSDT,resident,新,1788545194000,09-05 02:06:34,0.02675,0.029425,0.02675,0.024075,0
BULLAUSDT,resident,新,1788545216000,09-05 02:06:56,0.0263805,0.02901855,0.0263805,0.02374245,0
BULLAUSDT,resident,新,1788545224000,09-05 02:07:04,0.0266485,0.02931335,0.0266485,0.02398365,0
BULLAUSDT,resident,新,1788545261000,09-05 02:07:41,0.027226,0.0299486,0.027226,0.0245034,0
BULLAUSDT,resident,新,1788545262000,09-05 02:07:42,0.027709,0.0304799,0.027709,0.0249381,0
BULLAUSDT,resident,新,1788545282000,09-05 02:08:02,0.0280015,0.03080165,0.0280015,0.02520135,0
BULLAUSDT,resident,新,1788545340000,09-05 02:09:00,0.0276975,0.03046725,0.0276975,0.02492775,0
BULLAUSDT,resident,新,1788545470000,09-05 02:11:10,0.028008,0.0308088,0.028008,0.0252072,0
BULLAUSDT,resident,新,1788545513000,09-05 02:11:53,0.0275585,0.03031435,0.0275585,0.02480265,0
BULLAUSDT,resident,新,1788545529000,09-05 02:12:09,0.0278815,0.03066965,0.0278815,0.02509335,0
BULLAUSDT,resident,新,1788546060000,09-05 02:21:00,0.0275895,0.03034845,0.0275895,0.02483055,0
BULLAUSDT,resident,新,1788546124000,09-05 02:22:04,0.027967,0.0307637,0.027967,0.0251703,0
BULLAUSDT,resident,新,1788547205000,09-05 02:40:05,0.0276365,0.03040015,0.0276365,0.02487285,0
BULLAUSDT,resident,新,1788547226000,09-05 02:40:26,0.027916,0.0307076,0.027916,0.0251244,0
BULLAUSDT,resident,新,1788549004000,09-05 03:10:04,0.0276305,0.03039355,0.0276305,0.02486745,0
BULLAUSDT,resident,新,1788549413000,09-05 03:16:53,0.027917,0.0307087,0.027917,0.0251253,0
BULLAUSDT,resident,新,1788554262000,09-05 04:37:42,0.027629,0.0303919,0.027629,0.0248661,0
BULLAUSDT,resident,新,1788554355000,09-05 04:39:15,0.0279065,0.03069715,0.0279065,0.02511585,0
BULLAUSDT,resident,新,1788554409000,09-05 04:40:09,0.027623,0.0303853,0.027623,0.0248607,0
BULLAUSDT,resident,新,1788554411000,09-05 04:40:11,0.0271415,0.02985565,0.0271415,0.02442735,0
BULLAUSDT,resident,新,1788554418000,09-05 04:40:18,0.026558,0.0292138,0.026558,0.0239022,0
BULLAUSDT,resident,新,1788554421000,09-05 04:40:21,0.026836,0.0295196,0.026836,0.0241524,0
BULLAUSDT,resident,新,1788554425000,09-05 04:40:25,0.0265025,0.02915275,0.0265025,0.02385225,0
BULLAUSDT,resident,新,1788554431000,09-05 04:40:31,0.0261685,0.02878535,0.0261685,0.02355165,0
BULLAUSDT,resident,新,1788554435000,09-05 04:40:35,0.025848,0.0284328,0.025848,0.0232632,0
BULLAUSDT,resident,新,1788554438000,09-05 04:40:38,0.026111,0.0287221,0.026111,0.0234999,0
BULLAUSDT,resident,新,1788554439000,09-05 04:40:39,0.0263995,0.02903945,0.0263995,0.02375955,0
BULLAUSDT,resident,新,1788554440000,09-05 04:40:40,0.026683,0.0293513,0.026683,0.0240147,0
BULLAUSDT,resident,新,1788554445000,09-05 04:40:45,0.0261425,0.02875675,0.0261425,0.02352825,0
BULLAUSDT,resident,新,1788554447000,09-05 04:40:47,0.025689,0.0282579,0.025689,0.0231201,0
BULLAUSDT,resident,新,1788554449000,09-05 04:40:49,0.02598,0.028578,0.02598,0.023382,0
BULLAUSDT,resident,新,1788554453000,09-05 04:40:53,0.026266,0.0288926,0.026266,0.0236394,0
BULLAUSDT,resident,新,1788554458000,09-05 04:40:58,0.0259385,0.02853235,0.0259385,0.02334465,0
BULLAUSDT,resident,新,1788554461000,09-05 04:41:01,0.025557,0.0281127,0.025557,0.0230013,0
BULLAUSDT,resident,新,1788554468000,09-05 04:41:08,0.0252685,0.02779535,0.0252685,0.02274165,0
BULLAUSDT,resident,新,1788554476000,09-05 04:41:16,0.025617,0.0281787,0.025617,0.0230553,0
BULLAUSDT,resident,新,1788554481000,09-05 04:41:21,0.026007,0.0286077,0.026007,0.0234063,0
BULLAUSDT,resident,新,1788554484000,09-05 04:41:24,0.0262895,0.02891845,0.0262895,0.02366055,0
BULLAUSDT,resident,新,1788554486000,09-05 04:41:26,0.0265915,0.02925065,0.0265915,0.02393235,0
BULLAUSDT,resident,新,1788554500000,09-05 04:41:40,0.0270675,0.02977425,0.0270675,0.02436075,0
BULLAUSDT,resident,新,1788554504000,09-05 04:41:44,0.027349,0.0300839,0.027349,0.0246141,0
BULLAUSDT,resident,新,1788554581000,09-05 04:43:01,0.0276565,0.03042215,0.0276565,0.02489085,0
BULLAUSDT,resident,新,1788554622000,09-05 04:43:42,0.027358,0.0300938,0.027358,0.0246222,0
BULLAUSDT,resident,新,1788554627000,09-05 04:43:47,0.0269765,0.02967415,0.0269765,0.02427885,0
BULLAUSDT,resident,新,1788554635000,09-05 04:43:55,0.027323,0.0300553,0.027323,0.0245907,0
BULLAUSDT,resident,新,1788554659000,09-05 04:44:19,0.027624,0.0303864,0.027624,0.0248616,0
BULLAUSDT,resident,新,1788554701000,09-05 04:45:01,0.027909,0.0306999,0.027909,0.0251181,0
BULLAUSDT,resident,新,1788555010000,09-05 04:50:10,0.02753,0.030283,0.02753,0.024777,0
BULLAUSDT,resident,新,1788555039000,09-05 04:50:39,0.027856,0.0306416,0.027856,0.0250704,0
BULLAUSDT,resident,新,1788555343000,09-05 04:55:43,0.0275625,0.03031875,0.0275625,0.02480625,0
BULLAUSDT,resident,新,1788555358000,09-05 04:55:58,0.0278585,0.03064435,0.0278585,0.02507265,0
BULLAUSDT,resident,新,1788559183000,09-05 05:59:43,0.0275655,0.03032205,0.0275655,0.02480895,0
BULLAUSDT,resident,新,1788559311000,09-05 06:01:51,0.027275,0.0300025,0.027275,0.0245475,0
BULLAUSDT,resident,新,1788559441000,09-05 06:04:01,0.0269975,0.02969725,0.0269975,0.02429775,0
BULLAUSDT,resident,新,1788559493000,09-05 06:04:53,0.026605,0.0292655,0.026605,0.0239445,0
BULLAUSDT,resident,新,1788559542000,09-05 06:05:42,0.0269735,0.02967085,0.0269735,0.02427615,0
BULLAUSDT,resident,新,1788559591000,09-05 06:06:31,0.0266825,0.02935075,0.0266825,0.02401425,0
BULLAUSDT,resident,新,1788559609000,09-05 06:06:49,0.02702,0.029722,0.02702,0.024318,0
BULLAUSDT,resident,新,1788559697000,09-05 06:08:17,0.0266705,0.02933755,0.0266705,0.02400345,0
BULLAUSDT,resident,新,1788559705000,09-05 06:08:25,0.026952,0.0296472,0.026952,0.0242568,0
BULLAUSDT,resident,新,1788560001000,09-05 06:13:21,0.0272265,0.02994915,0.0272265,0.02450385,0
BULLAUSDT,resident,新,1788560006000,09-05 06:13:26,0.02693,0.029623,0.02693,0.024237,0
BULLAUSDT,resident,新,1788560166000,09-05 06:16:06,0.0264755,0.02912305,0.0264755,0.02382795,0
BULLAUSDT,resident,新,1788560167000,09-05 06:16:07,0.0261995,0.02881945,0.0261995,0.02357955,0
BULLAUSDT,resident,新,1788560175000,09-05 06:16:15,0.0259325,0.02852575,0.0259325,0.02333925,0
BULLAUSDT,resident,新,1788560219000,09-05 06:16:59,0.0262,0.02882,0.0262,0.02358,0
BULLAUSDT,resident,新,1788560237000,09-05 06:17:17,0.0264735,0.02912085,0.0264735,0.02382615,0
BULLAUSDT,resident,新,1788560439000,09-05 06:20:39,0.026207,0.0288277,0.026207,0.0235863,0
BULLAUSDT,resident,新,1788560755000,09-05 06:25:55,0.0259335,0.02852685,0.0259335,0.02334015,0
BULLAUSDT,resident,新,1788560860000,09-05 06:27:40,0.025645,0.0282095,0.025645,0.0230805,0
BULLAUSDT,resident,新,1788560870000,09-05 06:27:50,0.0259635,0.02855985,0.0259635,0.02336715,0
BULLAUSDT,resident,新,1788560893000,09-05 06:28:13,0.026226,0.0288486,0.026226,0.0236034,0
BULLAUSDT,resident,新,1788560910000,09-05 06:28:30,0.026494,0.0291434,0.026494,0.0238446,0
BULLAUSDT,resident,新,1788561058000,09-05 06:30:58,0.0262285,0.02885135,0.0262285,0.02360565,0
BULLAUSDT,resident,新,1788561085000,09-05 06:31:25,0.025961,0.0285571,0.025961,0.0233649,0
BULLAUSDT,resident,新,1788561120000,09-05 06:32:00,0.026241,0.0288651,0.026241,0.0236169,0
BULLAUSDT,resident,新,1788561323000,09-05 06:35:23,0.025971,0.0285681,0.025971,0.0233739,0
BULLAUSDT,resident,新,1788561454000,09-05 06:37:34,0.026249,0.0288739,0.026249,0.0236241,0
BULLAUSDT,resident,新,1788561538000,09-05 06:38:58,0.0265135,0.02916485,0.0265135,0.02386215,0
BULLAUSDT,resident,新,1788561556000,09-05 06:39:16,0.026219,0.0288409,0.026219,0.0235971,0
BULLAUSDT,resident,新,1788561799000,09-05 06:43:19,0.026517,0.0291687,0.026517,0.0238653,0
BULLAUSDT,resident,新,1788562442000,09-05 06:54:02,0.0267925,0.02947175,0.0267925,0.02411325,0
BULLAUSDT,resident,新,1788562922000,09-05 07:02:02,0.0271525,0.02986775,0.0271525,0.02443725,0
BULLAUSDT,resident,新,1788562927000,09-05 07:02:07,0.0275625,0.03031875,0.0275625,0.02480625,0
BULLAUSDT,resident,新,1788563405000,09-05 07:10:05,0.027286,0.0300146,0.027286,0.0245574,0
BULLAUSDT,resident,新,1788564224000,09-05 07:23:44,0.027568,0.0303248,0.027568,0.0248112,0
BULLAUSDT,resident,新,1788564292000,09-05 07:24:52,0.02786,0.030646,0.02786,0.025074,0
BULLAUSDT,resident,新,1788564321000,09-05 07:25:21,0.02758,0.030338,0.02758,0.024822,0
BULLAUSDT,resident,新,1788564407000,09-05 07:26:47,0.027303,0.0300333,0.027303,0.0245727,0
BULLAUSDT,resident,新,1788565574000,09-05 07:46:14,0.0275895,0.03034845,0.0275895,0.02483055,0
BULLAUSDT,resident,新,1788565923000,09-05 07:52:03,0.027295,0.0300245,0.027295,0.0245655,0
BULLAUSDT,resident,新,1788566331000,09-05 07:58:51,0.027608,0.0303688,0.027608,0.0248472,0
BULLAUSDT,resident,新,1788566509000,09-05 08:01:49,0.0279,0.03069,0.0279,0.02511,0
BULLAUSDT,resident,新,1788567580000,09-05 08:19:40,0.028508,0.0313588,0.028508,0.0256572,0
BULLAUSDT,resident,新,1788567581000,09-05 08:19:41,0.028104,0.0309144,0.028104,0.0252936,0
BULLAUSDT,resident,新,1788567584000,09-05 08:19:44,0.0277235,0.03049585,0.0277235,0.02495115,0
BULLAUSDT,resident,新,1788567586000,09-05 08:19:46,0.028103,0.0309133,0.028103,0.0252927,0
BULLAUSDT,resident,新,1788567588000,09-05 08:19:48,0.027794,0.0305734,0.027794,0.0250146,0
BULLAUSDT,resident,新,1788567591000,09-05 08:19:51,0.0274405,0.03018455,0.0274405,0.02469645,0
BULLAUSDT,resident,新,1788567593000,09-05 08:19:53,0.027142,0.0298562,0.027142,0.0244278,0
BULLAUSDT,resident,新,1788567597000,09-05 08:19:57,0.027439,0.0301829,0.027439,0.0246951,0
BULLAUSDT,resident,新,1788567604000,09-05 08:20:04,0.027147,0.0298617,0.027147,0.0244323,0
BULLAUSDT,resident,新,1788567606000,09-05 08:20:06,0.0268585,0.02954435,0.0268585,0.02417265,0
BULLAUSDT,resident,新,1788567611000,09-05 08:20:11,0.0271345,0.02984795,0.0271345,0.02442105,0
BULLAUSDT,resident,新,1788567624000,09-05 08:20:24,0.027411,0.0301521,0.027411,0.0246699,0
BULLAUSDT,resident,新,1788567661000,09-05 08:21:01,0.0277565,0.03053215,0.0277565,0.02498085,0
BULLAUSDT,resident,新,1788568045000,09-05 08:27:25,0.0280355,0.03083905,0.0280355,0.02523195,0
BULLAUSDT,resident,新,1788569730000,09-05 08:55:30,0.0277475,0.03052225,0.0277475,0.02497275,0
BULLAUSDT,resident,新,1788569862000,09-05 08:57:42,0.028029,0.0308319,0.028029,0.0252261,0
BULLAUSDT,resident,新,1788569945000,09-05 08:59:05,0.027734,0.0305074,0.027734,0.0249606,0
BULLAUSDT,resident,新,1788570105000,09-05 09:01:45,0.028019,0.0308209,0.028019,0.0252171,0
BULLAUSDT,resident,新,1788575734000,09-05 10:35:34,0.027735,0.0305085,0.027735,0.0249615,0
BULLAUSDT,resident,新,1788575770000,09-05 10:36:10,0.0274205,0.03016255,0.0274205,0.02467845,0
BULLAUSDT,resident,新,1788575875000,09-05 10:37:55,0.0270925,0.02980175,0.0270925,0.02438325,0
BULLAUSDT,resident,新,1788575922000,09-05 10:38:42,0.026788,0.0294668,0.026788,0.0241092,0
BULLAUSDT,resident,新,1788575964000,09-05 10:39:24,0.027124,0.0298364,0.027124,0.0244116,0
BULLAUSDT,resident,新,1788576028000,09-05 10:40:28,0.0268265,0.02950915,0.0268265,0.02414385,0
BULLAUSDT,resident,新,1788576043000,09-05 10:40:43,0.026546,0.0292006,0.026546,0.0238914,0
BULLAUSDT,resident,新,1788576064000,09-05 10:41:04,0.0268295,0.02951245,0.0268295,0.02414655,0
BULLAUSDT,resident,新,1788576068000,09-05 10:41:08,0.0272035,0.02992385,0.0272035,0.02448315,0
BULLAUSDT,resident,新,1788576087000,09-05 10:41:27,0.026927,0.0296197,0.026927,0.0242343,0
BULLAUSDT,resident,新,1788576268000,09-05 10:44:28,0.0265955,0.02925505,0.0265955,0.02393595,0
BULLAUSDT,resident,新,1788576352000,09-05 10:45:52,0.0263085,0.02893935,0.0263085,0.02367765,0
BULLAUSDT,resident,新,1788576371000,09-05 10:46:11,0.0259865,0.02858515,0.0259865,0.02338785,0
BULLAUSDT,resident,新,1788576437000,09-05 10:47:17,0.0262465,0.02887115,0.0262465,0.02362185,0
BULLAUSDT,resident,新,1788576489000,09-05 10:48:09,0.025983,0.0285813,0.025983,0.0233847,0
BULLAUSDT,resident,新,1788576521000,09-05 10:48:41,0.0256725,0.02823975,0.0256725,0.02310525,0
BULLAUSDT,resident,新,1788576539000,09-05 10:48:59,0.025962,0.0285582,0.025962,0.0233658,0
BULLAUSDT,resident,新,1788576831000,09-05 10:53:51,0.026251,0.0288761,0.026251,0.0236259,0
BULLAUSDT,resident,新,1788576878000,09-05 10:54:38,0.0265155,0.02916705,0.0265155,0.02386395,0
BULLAUSDT,resident,新,1788576921000,09-05 10:55:21,0.0267905,0.02946955,0.0267905,0.02411145,0
BULLAUSDT,resident,新,1788576924000,09-05 10:55:24,0.0271525,0.02986775,0.0271525,0.02443725,0
BULLAUSDT,resident,新,1788576928000,09-05 10:55:28,0.0274905,0.03023955,0.0274905,0.02474145,0
BULLAUSDT,resident,新,1788576937000,09-05 10:55:37,0.0278375,0.03062125,0.0278375,0.02505375,0
BULLAUSDT,resident,新,1788576954000,09-05 10:55:54,0.028139,0.0309529,0.028139,0.0253251,0
BULLAUSDT,resident,新,1788576968000,09-05 10:56:08,0.028598,0.0314578,0.028598,0.0257382,0
BULLAUSDT,resident,新,1788576973000,09-05 10:56:13,0.0282805,0.03110855,0.0282805,0.02545245,0
BULLAUSDT,resident,新,1788576978000,09-05 10:56:18,0.027846,0.0306306,0.027846,0.0250614,0
BULLAUSDT,resident,新,1788577009000,09-05 10:56:49,0.0281255,0.03093805,0.0281255,0.02531295,0
BULLAUSDT,resident,新,1788577038000,09-05 10:57:18,0.0288785,0.03176635,0.0288785,0.02599065,0
BULLAUSDT,resident,新,1788577042000,09-05 10:57:22,0.029184,0.0321024,0.029184,0.0262656,0
BULLAUSDT,resident,新,1788577046000,09-05 10:57:26,0.030056,0.0330616,0.030056,0.0270504,0
BULLAUSDT,resident,新,1788577048000,09-05 10:57:28,0.0305195,0.03357145,0.0305195,0.02746755,0
BULLAUSDT,resident,新,1788577050000,09-05 10:57:30,0.0309235,0.03401585,0.0309235,0.02783115,0
BULLAUSDT,resident,新,1788577052000,09-05 10:57:32,0.030258,0.0332838,0.030258,0.0272322,0
BULLAUSDT,resident,新,1788577062000,09-05 10:57:42,0.03068,0.033748,0.03068,0.027612,0
BULLAUSDT,resident,新,1788577080000,09-05 10:58:00,0.031011,0.0341121,0.031011,0.0279099,0
BULLAUSDT,resident,新,1788577083000,09-05 10:58:03,0.0315575,0.03471325,0.0315575,0.02840175,0
BULLAUSDT,resident,新,1788577085000,09-05 10:58:05,0.0311205,0.03423255,0.0311205,0.02800845,0
BULLAUSDT,resident,新,1788577088000,09-05 10:58:08,0.0314945,0.03464395,0.0314945,0.02834505,0
BULLAUSDT,resident,新,1788577090000,09-05 10:58:10,0.0318565,0.03504215,0.0318565,0.02867085,0
BULLAUSDT,resident,新,1788577091000,09-05 10:58:11,0.032345,0.0355795,0.032345,0.0291105,0
BULLAUSDT,resident,新,1788577093000,09-05 10:58:13,0.032697,0.0359667,0.032697,0.0294273,0
BULLAUSDT,resident,新,1788577095000,09-05 10:58:15,0.032078,0.0352858,0.032078,0.0288702,0
BULLAUSDT,resident,新,1788577098000,09-05 10:58:18,0.033671,0.0370381,0.033671,0.0303039,0
BULLAUSDT,resident,新,1788577099000,09-05 10:58:19,0.0343005,0.03773055,0.0343005,0.03087045,0
BULLAUSDT,resident,新,1788577101000,09-05 10:58:21,0.033805,0.0371855,0.033805,0.0304245,0
BULLAUSDT,resident,新,1788577108000,09-05 10:58:28,0.03439,0.037829,0.03439,0.030951,0
BULLAUSDT,resident,新,1788577113000,09-05 10:58:33,0.0348845,0.03837295,0.0348845,0.03139605,0
BULLAUSDT,resident,新,1788577121000,09-05 10:58:41,0.034328,0.0377608,0.034328,0.0308952,0
BULLAUSDT,resident,新,1788577122000,09-05 10:58:42,0.033982,0.0373802,0.033982,0.0305838,0
BULLAUSDT,resident,新,1788577124000,09-05 10:58:44,0.03455,0.038005,0.03455,0.031095,0
BULLAUSDT,resident,新,1788577127000,09-05 10:58:47,0.0341285,0.03754135,0.0341285,0.03071565,0
BULLAUSDT,resident,新,1788577129000,09-05 10:58:49,0.0337315,0.03710465,0.0337315,0.03035835,0
BULLAUSDT,resident,新,1788577135000,09-05 10:58:55,0.034314,0.0377454,0.034314,0.0308826,0
BULLAUSDT,resident,新,1788577136000,09-05 10:58:56,0.034672,0.0381392,0.034672,0.0312048,0
BULLAUSDT,resident,新,1788577142000,09-05 10:59:02,0.0353855,0.03892405,0.0353855,0.03184695,0
BULLAUSDT,resident,新,1788577143000,09-05 10:59:03,0.0359345,0.03952795,0.0359345,0.03234105,0
BULLAUSDT,resident,新,1788577148000,09-05 10:59:08,0.035469,0.0390159,0.035469,0.0319221,0
BULLAUSDT,resident,新,1788577151000,09-05 10:59:11,0.0360685,0.03967535,0.0360685,0.03246165,0
BULLAUSDT,resident,新,1788577153000,09-05 10:59:13,0.0364555,0.04010105,0.0364555,0.03280995,0
BULLAUSDT,resident,新,1788577154000,09-05 10:59:14,0.040469,0.0445159,0.0364555,0.03280995,1
BULLAUSDT,resident,新,1788577160000,09-05 10:59:20,0.041141,0.0452551,0.041141,0.0370269,0
BULLAUSDT,resident,新,1788577163000,09-05 10:59:23,0.040639,0.0447029,0.040639,0.0365751,0
BULLAUSDT,resident,新,1788577167000,09-05 10:59:27,0.0400705,0.04407755,0.0400705,0.03606345,0
BULLAUSDT,resident,新,1788577172000,09-05 10:59:32,0.040492,0.0445412,0.040492,0.0364428,0
BULLAUSDT,resident,新,1788577178000,09-05 10:59:38,0.0410125,0.04511375,0.0410125,0.03691125,0
BULLAUSDT,resident,新,1788577181000,09-05 10:59:41,0.0415345,0.04568795,0.0415345,0.03738105,0
BULLAUSDT,resident,新,1788577183000,09-05 10:59:43,0.0407355,0.04480905,0.0407355,0.03666195,0
BULLAUSDT,resident,新,1788577185000,09-05 10:59:45,0.0411815,0.04529965,0.0411815,0.03706335,0
BULLAUSDT,resident,新,1788577186000,09-05 10:59:46,0.0417055,0.04587605,0.0417055,0.03753495,0
BULLAUSDT,resident,新,1788577200000,09-05 11:00:00,0.0412175,0.04533925,0.0412175,0.03709575,0
BULLAUSDT,resident,新,1788577201000,09-05 11:00:01,0.0421215,0.04633365,0.0421215,0.03790935,0
BULLAUSDT,resident,新,1788577202000,09-05 11:00:02,0.0426095,0.04687045,0.0426095,0.03834855,0
BULLAUSDT,resident,新,1788577207000,09-05 11:00:07,0.0435155,0.04786705,0.0435155,0.03916395,0
BULLAUSDT,resident,新,1788577209000,09-05 11:00:09,0.044152,0.0485672,0.044152,0.0397368,0
BULLAUSDT,resident,新,1788577210000,09-05 11:00:10,0.044643,0.0491073,0.044643,0.0401787,0
BULLAUSDT,resident,新,1788577212000,09-05 11:00:12,0.0437405,0.04811455,0.0437405,0.03936645,0
BULLAUSDT,resident,新,1788577215000,09-05 11:00:15,0.0447825,0.04926075,0.0447825,0.04030425,0
BULLAUSDT,resident,新,1788577225000,09-05 11:00:25,0.0453295,0.04986245,0.0453295,0.04079655,0
BULLAUSDT,resident,新,1788577226000,09-05 11:00:26,0.0459465,0.05054115,0.0459465,0.04135185,0
BULLAUSDT,resident,新,1788577227000,09-05 11:00:27,0.0464735,0.05112085,0.0464735,0.04182615,0
BULLAUSDT,resident,新,1788577229000,09-05 11:00:29,0.0457345,0.05030795,0.0457345,0.04116105,0
BULLAUSDT,resident,新,1788577230000,09-05 11:00:30,0.0449265,0.04941915,0.0449265,0.04043385,0
BULLAUSDT,resident,新,1788577232000,09-05 11:00:32,0.0443315,0.04876465,0.0443315,0.03989835,0
BULLAUSDT,resident,新,1788577233000,09-05 11:00:33,0.045194,0.0497134,0.045194,0.0406746,0
BULLAUSDT,resident,新,1788577234000,09-05 11:00:34,0.0462665,0.05089315,0.0462665,0.04163985,0
BULLAUSDT,resident,新,1788577235000,09-05 11:00:35,0.046875,0.0515625,0.046875,0.0421875,0
BULLAUSDT,resident,新,1788577237000,09-05 11:00:37,0.046008,0.0506088,0.046008,0.0414072,0
BULLAUSDT,resident,新,1788577238000,09-05 11:00:38,0.046556,0.0512116,0.046556,0.0419004,0
BULLAUSDT,resident,新,1788577241000,09-05 11:00:41,0.045956,0.0505516,0.045956,0.0413604,0
BULLAUSDT,resident,新,1788577244000,09-05 11:00:44,0.046437,0.0510807,0.046437,0.0417933,0
BULLAUSDT,resident,新,1788577245000,09-05 11:00:45,0.0471865,0.05190515,0.0471865,0.04246785,0
BULLAUSDT,resident,新,1788577246000,09-05 11:00:46,0.0478365,0.05262015,0.0478365,0.04305285,0
BULLAUSDT,resident,新,1788577248000,09-05 11:00:48,0.047283,0.0520113,0.047283,0.0425547,0
BULLAUSDT,resident,新,1788577250000,09-05 11:00:50,0.048167,0.0529837,0.048167,0.0433503,0
BULLAUSDT,resident,新,1788577253000,09-05 11:00:53,0.046915,0.0516065,0.046915,0.0422235,0
BULLAUSDT,resident,新,1788577256000,09-05 11:00:56,0.0475295,0.05228245,0.0475295,0.04277655,0
BULLAUSDT,resident,新,1788577258000,09-05 11:00:58,0.047014,0.0517154,0.047014,0.0423126,0
BULLAUSDT,resident,新,1788577263000,09-05 11:01:03,0.047676,0.0524436,0.047676,0.0429084,0
BULLAUSDT,resident,新,1788577264000,09-05 11:01:04,0.048393,0.0532323,0.048393,0.0435537,0
BULLAUSDT,resident,新,1788577266000,09-05 11:01:06,0.047729,0.0525019,0.047729,0.0429561,0
BULLAUSDT,resident,新,1788577273000,09-05 11:01:13,0.0482535,0.05307885,0.0482535,0.04342815,0
BULLAUSDT,resident,新,1788577275000,09-05 11:01:15,0.04901,0.053911,0.04901,0.044109,0
BULLAUSDT,resident,新,1788577278000,09-05 11:01:18,0.0483765,0.05321415,0.0483765,0.04353885,0
BULLAUSDT,resident,新,1788577280000,09-05 11:01:20,0.0489515,0.05384665,0.0489515,0.04405635,0
BULLAUSDT,resident,新,1788577283000,09-05 11:01:23,0.0495485,0.05450335,0.0495485,0.04459365,0
BULLAUSDT,resident,新,1788577300000,09-05 11:01:40,0.050083,0.0550913,0.050083,0.0450747,0
BULLAUSDT,resident,新,1788577303000,09-05 11:01:43,0.048921,0.0538131,0.048921,0.0440289,0
BULLAUSDT,resident,新,1788577304000,09-05 11:01:44,0.048419,0.0532609,0.048419,0.0435771,0
BULLAUSDT,resident,新,1788577306000,09-05 11:01:46,0.0472505,0.05197555,0.0472505,0.04252545,0
BULLAUSDT,resident,新,1788577307000,09-05 11:01:47,0.04482,0.049302,0.04482,0.040338,0
BULLAUSDT,resident,新,1788577309000,09-05 11:01:49,0.045978,0.0505758,0.045978,0.0413802,0
BULLAUSDT,resident,新,1788577310000,09-05 11:01:50,0.04519,0.049709,0.04519,0.040671,0
BULLAUSDT,resident,新,1788577311000,09-05 11:01:51,0.046176,0.0507936,0.046176,0.0415584,0
BULLAUSDT,resident,新,1788577312000,09-05 11:01:52,0.0470825,0.05179075,0.0470825,0.04237425,0
BULLAUSDT,resident,新,1788577313000,09-05 11:01:53,0.0479705,0.05276755,0.0479705,0.04317345,0
BULLAUSDT,resident,新,1788577317000,09-05 11:01:57,0.0485515,0.05340665,0.0485515,0.04369635,0
BULLAUSDT,resident,新,1788577320000,09-05 11:02:00,0.049365,0.0543015,0.049365,0.0444285,0
BULLAUSDT,resident,新,1788577321000,09-05 11:02:01,0.050102,0.0551122,0.050102,0.0450918,0
BULLAUSDT,resident,新,1788577322000,09-05 11:02:02,0.049161,0.0540771,0.049161,0.0442449,0
BULLAUSDT,resident,新,1788577328000,09-05 11:02:08,0.048549,0.0534039,0.048549,0.0436941,0
BULLAUSDT,resident,新,1788577333000,09-05 11:02:13,0.0479885,0.05278735,0.0479885,0.04318965,0
BULLAUSDT,resident,新,1788577334000,09-05 11:02:14,0.047391,0.0521301,0.047391,0.0426519,0
BULLAUSDT,resident,新,1788577335000,09-05 11:02:15,0.046613,0.0512743,0.046613,0.0419517,0
BULLAUSDT,resident,新,1788577344000,09-05 11:02:24,0.0471615,0.05187765,0.0471615,0.04244535,0
BULLAUSDT,resident,新,1788577346000,09-05 11:02:26,0.0480095,0.05281045,0.0480095,0.04320855,0
BULLAUSDT,resident,新,1788577348000,09-05 11:02:28,0.0488225,0.05370475,0.0488225,0.04394025,0
BULLAUSDT,resident,新,1788577349000,09-05 11:02:29,0.049341,0.0542751,0.049341,0.0444069,0
BULLAUSDT,resident,新,1788577350000,09-05 11:02:30,0.0485245,0.05337695,0.0485245,0.04367205,0
BULLAUSDT,resident,新,1788577351000,09-05 11:02:31,0.0476345,0.05239795,0.0476345,0.04287105,0
BULLAUSDT,resident,新,1788577359000,09-05 11:02:39,0.0481165,0.05292815,0.0481165,0.04330485,0
BULLAUSDT,resident,新,1788577364000,09-05 11:02:44,0.0486125,0.05347375,0.0486125,0.04375125,0
BULLAUSDT,resident,新,1788577367000,09-05 11:02:47,0.04933,0.054263,0.04933,0.044397,0
BULLAUSDT,resident,新,1788577373000,09-05 11:02:53,0.0484985,0.05334835,0.0484985,0.04364865,0
BULLAUSDT,resident,新,1788577378000,09-05 11:02:58,0.0491985,0.05411835,0.0491985,0.04427865,0
BULLAUSDT,resident,新,1788577381000,09-05 11:03:01,0.0497335,0.05470685,0.0497335,0.04476015,0
BULLAUSDT,resident,新,1788577387000,09-05 11:03:07,0.0491,0.05401,0.0491,0.04419,0
BULLAUSDT,resident,新,1788577389000,09-05 11:03:09,0.048532,0.0533852,0.048532,0.0436788,0
BULLAUSDT,resident,新,1788577392000,09-05 11:03:12,0.04914,0.054054,0.04914,0.044226,0
BULLAUSDT,resident,新,1788577402000,09-05 11:03:22,0.0497495,0.05472445,0.0497495,0.04477455,0
BULLAUSDT,resident,新,1788577409000,09-05 11:03:29,0.050457,0.0555027,0.050457,0.0454113,0
BULLAUSDT,resident,新,1788577417000,09-05 11:03:37,0.050982,0.0560802,0.050982,0.0458838,0
BULLAUSDT,resident,新,1788577418000,09-05 11:03:38,0.051567,0.0567237,0.051567,0.0464103,0
BULLAUSDT,resident,新,1788577424000,09-05 11:03:44,0.052285,0.0575135,0.052285,0.0470565,0
BULLAUSDT,resident,新,1788577426000,09-05 11:03:46,0.051271,0.0563981,0.051271,0.0461439,0
BULLAUSDT,resident,新,1788577427000,09-05 11:03:47,0.0507485,0.05582335,0.0507485,0.04567365,0
BULLAUSDT,resident,新,1788577428000,09-05 11:03:48,0.0500675,0.05507425,0.0500675,0.04506075,0
BULLAUSDT,resident,新,1788577429000,09-05 11:03:49,0.0487235,0.05359585,0.0487235,0.04385115,0
BULLAUSDT,resident,新,1788577430000,09-05 11:03:50,0.047676,0.0524436,0.047676,0.0429084,0
BULLAUSDT,resident,新,1788577432000,09-05 11:03:52,0.049106,0.0540166,0.049106,0.0441954,0
BULLAUSDT,resident,新,1788577440000,09-05 11:04:00,0.048376,0.0532136,0.048376,0.0435384,0
BULLAUSDT,resident,新,1788577441000,09-05 11:04:01,0.047477,0.0522247,0.047477,0.0427293,0
BULLAUSDT,resident,新,1788577443000,09-05 11:04:03,0.048234,0.0530574,0.048234,0.0434106,0
BULLAUSDT,resident,新,1788577445000,09-05 11:04:05,0.047468,0.0522148,0.047468,0.0427212,0
BULLAUSDT,resident,新,1788577449000,09-05 11:04:09,0.0482685,0.05309535,0.0482685,0.04344165,0
BULLAUSDT,resident,新,1788577463000,09-05 11:04:23,0.0492335,0.05415685,0.0492335,0.04431015,0
BULLAUSDT,resident,新,1788577483000,09-05 11:04:43,0.048487,0.0533357,0.048487,0.0436383,0
BULLAUSDT,resident,新,1788577484000,09-05 11:04:44,0.0479745,0.05277195,0.0479745,0.04317705,0
BULLAUSDT,resident,新,1788577495000,09-05 11:04:55,0.0485215,0.05337365,0.0485215,0.04366935,0
BULLAUSDT,resident,新,1788577501000,09-05 11:05:01,0.049332,0.0542652,0.049332,0.0443988,0
BULLAUSDT,resident,新,1788577515000,09-05 11:05:15,0.0487055,0.05357605,0.0487055,0.04383495,0
BULLAUSDT,resident,新,1788577518000,09-05 11:05:18,0.048168,0.0529848,0.048168,0.0433512,0
BULLAUSDT,resident,新,1788577525000,09-05 11:05:25,0.048682,0.0535502,0.048682,0.0438138,0
BULLAUSDT,resident,新,1788577543000,09-05 11:05:43,0.0492865,0.05421515,0.0492865,0.04435785,0
BULLAUSDT,resident,新,1788577562000,09-05 11:06:02,0.0499055,0.05489605,0.0499055,0.04491495,0
BULLAUSDT,resident,新,1788577569000,09-05 11:06:09,0.050524,0.0555764,0.050524,0.0454716,0
BULLAUSDT,resident,新,1788577571000,09-05 11:06:11,0.0511,0.05621,0.0511,0.04599,0
BULLAUSDT,resident,新,1788577574000,09-05 11:06:14,0.0516365,0.05680015,0.0516365,0.04647285,0
BULLAUSDT,resident,新,1788577577000,09-05 11:06:17,0.0510675,0.05617425,0.0510675,0.04596075,0
BULLAUSDT,resident,新,1788577580000,09-05 11:06:20,0.05185,0.057035,0.05185,0.046665,0
BULLAUSDT,resident,新,1788577598000,09-05 11:06:38,0.0512935,0.05642285,0.0512935,0.04616415,0
BULLAUSDT,resident,新,1788577600000,09-05 11:06:40,0.050627,0.0556897,0.050627,0.0455643,0
BULLAUSDT,resident,新,1788577610000,09-05 11:06:50,0.049931,0.0549241,0.049931,0.0449379,0
BULLAUSDT,resident,新,1788577611000,09-05 11:06:51,0.049418,0.0543598,0.049418,0.0444762,0
BULLAUSDT,resident,新,1788577614000,09-05 11:06:54,0.0499155,0.05490705,0.0499155,0.04492395,0
BULLAUSDT,resident,新,1788577619000,09-05 11:06:59,0.0492535,0.05417885,0.0492535,0.04432815,0
BULLAUSDT,resident,新,1788577621000,09-05 11:07:01,0.0497955,0.05477505,0.0497955,0.04481595,0
BULLAUSDT,resident,新,1788577634000,09-05 11:07:14,0.0492815,0.05420965,0.0492815,0.04435335,0
BULLAUSDT,resident,新,1788577643000,09-05 11:07:23,0.0498085,0.05478935,0.0498085,0.04482765,0
BULLAUSDT,resident,新,1788577653000,09-05 11:07:33,0.0492365,0.05416015,0.0492365,0.04431285,0
BULLAUSDT,resident,新,1788577723000,09-05 11:08:43,0.0497515,0.05472665,0.0497515,0.04477635,0
BULLAUSDT,resident,新,1788577780000,09-05 11:09:40,0.050302,0.0553322,0.050302,0.0452718,0
BULLAUSDT,resident,新,1788577787000,09-05 11:09:47,0.049766,0.0547426,0.049766,0.0447894,0
BULLAUSDT,resident,新,1788577792000,09-05 11:09:52,0.0490995,0.05400945,0.0490995,0.04418955,0
BULLAUSDT,resident,新,1788577796000,09-05 11:09:56,0.0496645,0.05463095,0.0496645,0.04469805,0
BULLAUSDT,resident,新,1788577807000,09-05 11:10:07,0.0501975,0.05521725,0.0501975,0.04517775,0
BULLAUSDT,resident,新,1788577817000,09-05 11:10:17,0.0496475,0.05461225,0.0496475,0.04468275,0
BULLAUSDT,resident,新,1788577862000,09-05 11:11:02,0.050334,0.0553674,0.050334,0.0453006,0
BULLAUSDT,resident,新,1788577888000,09-05 11:11:28,0.0497895,0.05476845,0.0497895,0.04481055,0
BULLAUSDT,resident,新,1788577901000,09-05 11:11:41,0.0503935,0.05543285,0.0503935,0.04535415,0
BULLAUSDT,resident,新,1788577912000,09-05 11:11:52,0.051155,0.0562705,0.051155,0.0460395,0
BULLAUSDT,resident,新,1788577939000,09-05 11:12:19,0.050375,0.0554125,0.050375,0.0453375,0
BULLAUSDT,resident,新,1788577954000,09-05 11:12:34,0.05105,0.056155,0.05105,0.045945,0
BULLAUSDT,resident,新,1788577962000,09-05 11:12:42,0.0503365,0.05537015,0.0503365,0.04530285,0
BULLAUSDT,resident,新,1788577986000,09-05 11:13:06,0.0510265,0.05612915,0.0510265,0.04592385,0
BULLAUSDT,resident,新,1788578012000,09-05 11:13:32,0.050489,0.0555379,0.050489,0.0454401,0
BULLAUSDT,resident,新,1788578040000,09-05 11:14:00,0.050998,0.0560978,0.050998,0.0458982,0
BULLAUSDT,resident,新,1788578056000,09-05 11:14:16,0.050438,0.0554818,0.050438,0.0453942,0
BULLAUSDT,resident,新,1788578069000,09-05 11:14:29,0.049721,0.0546931,0.049721,0.0447489,0
BULLAUSDT,resident,新,1788578170000,09-05 11:16:10,0.0491655,0.05408205,0.0491655,0.04424895,0
BULLAUSDT,resident,新,1788578189000,09-05 11:16:29,0.0497945,0.05477395,0.0497945,0.04481505,0
BULLAUSDT,resident,新,1788578194000,09-05 11:16:34,0.0492295,0.05415245,0.0492295,0.04430655,0
BULLAUSDT,resident,新,1788578202000,09-05 11:16:42,0.0497855,0.05476405,0.0497855,0.04480695,0
BULLAUSDT,resident,新,1788578206000,09-05 11:16:46,0.0503345,0.05536795,0.0503345,0.04530105,0
BULLAUSDT,resident,新,1788578224000,09-05 11:17:04,0.0508665,0.05595315,0.0508665,0.04577985,0
BULLAUSDT,resident,新,1788578230000,09-05 11:17:10,0.0502155,0.05523705,0.0502155,0.04519395,0
BULLAUSDT,resident,新,1788578236000,09-05 11:17:16,0.0495785,0.05453635,0.0495785,0.04462065,0
BULLAUSDT,resident,新,1788578281000,09-05 11:18:01,0.0501205,0.05513255,0.0501205,0.04510845,0
BULLAUSDT,resident,新,1788578285000,09-05 11:18:05,0.0506665,0.05573315,0.0506665,0.04559985,0
BULLAUSDT,resident,新,1788578298000,09-05 11:18:18,0.051449,0.0565939,0.051449,0.0463041,0
BULLAUSDT,resident,新,1788578313000,09-05 11:18:33,0.0509085,0.05599935,0.0509085,0.04581765,0
BULLAUSDT,resident,新,1788578318000,09-05 11:18:38,0.05038,0.055418,0.05038,0.045342,0
BULLAUSDT,resident,新,1788578326000,09-05 11:18:46,0.0508935,0.05598285,0.0508935,0.04580415,0
BULLAUSDT,resident,新,1788578379000,09-05 11:19:39,0.050305,0.0553355,0.050305,0.0452745,0
BULLAUSDT,resident,新,1788578400000,09-05 11:20:00,0.05084,0.055924,0.05084,0.045756,0
BULLAUSDT,resident,新,1788578479000,09-05 11:21:19,0.0513705,0.05650755,0.0513705,0.04623345,0
BULLAUSDT,resident,新,1788578482000,09-05 11:21:22,0.05234,0.057574,0.05234,0.047106,0
BULLAUSDT,resident,新,1788578484000,09-05 11:21:24,0.0536505,0.05901555,0.0536505,0.04828545,0
BULLAUSDT,resident,新,1788578487000,09-05 11:21:27,0.0542825,0.05971075,0.0542825,0.04885425,0
BULLAUSDT,resident,新,1788578492000,09-05 11:21:32,0.054855,0.0603405,0.054855,0.0493695,0
BULLAUSDT,resident,新,1788578495000,09-05 11:21:35,0.055573,0.0611303,0.055573,0.0500157,0
BULLAUSDT,resident,新,1788578497000,09-05 11:21:37,0.056157,0.0617727,0.056157,0.0505413,0
BULLAUSDT,resident,新,1788578506000,09-05 11:21:46,0.057675,0.0634425,0.057675,0.0519075,0
BULLAUSDT,resident,新,1788578507000,09-05 11:21:47,0.058685,0.0645535,0.058685,0.0528165,0
BULLAUSDT,resident,新,1788578508000,09-05 11:21:48,0.0577725,0.06354975,0.0577725,0.05199525,0
BULLAUSDT,resident,新,1788578509000,09-05 11:21:49,0.056903,0.0625933,0.056903,0.0512127,0
BULLAUSDT,resident,新,1788578523000,09-05 11:22:03,0.0560935,0.06170285,0.0560935,0.05048415,0
BULLAUSDT,resident,新,1788578524000,09-05 11:22:04,0.0555145,0.06106595,0.0555145,0.04996305,0
BULLAUSDT,resident,新,1788578526000,09-05 11:22:06,0.056522,0.0621742,0.056522,0.0508698,0
BULLAUSDT,resident,新,1788578527000,09-05 11:22:07,0.0571955,0.06291505,0.0571955,0.05147595,0
BULLAUSDT,resident,新,1788578531000,09-05 11:22:11,0.0564265,0.06206915,0.0564265,0.05078385,0
BULLAUSDT,resident,新,1788578537000,09-05 11:22:17,0.0570045,0.06270495,0.0570045,0.05130405,0
BULLAUSDT,resident,新,1788578540000,09-05 11:22:20,0.058335,0.0641685,0.058335,0.0525015,0
BULLAUSDT,resident,新,1788578546000,09-05 11:22:26,0.0591455,0.06506005,0.0591455,0.05323095,0
BULLAUSDT,resident,新,1788578547000,09-05 11:22:27,0.059901,0.0658911,0.059901,0.0539109,0
BULLAUSDT,resident,新,1788578557000,09-05 11:22:37,0.05921,0.065131,0.05921,0.053289,0
BULLAUSDT,resident,新,1788578571000,09-05 11:22:51,0.060107,0.0661177,0.060107,0.0540963,0
BULLAUSDT,resident,新,1788578577000,09-05 11:22:57,0.0607745,0.06685195,0.0607745,0.05469705,0
BULLAUSDT,resident,新,1788578581000,09-05 11:23:01,0.0614985,0.06764835,0.0614985,0.05534865,0
BULLAUSDT,resident,新,1788578584000,09-05 11:23:04,0.062295,0.0685245,0.062295,0.0560655,0
BULLAUSDT,resident,新,1788578585000,09-05 11:23:05,0.063238,0.0695618,0.063238,0.0569142,0
BULLAUSDT,resident,新,1788578591000,09-05 11:23:11,0.062495,0.0687445,0.062495,0.0562455,0
BULLAUSDT,resident,新,1788578596000,09-05 11:23:16,0.061553,0.0677083,0.061553,0.0553977,0
BULLAUSDT,resident,新,1788578597000,09-05 11:23:17,0.060581,0.0666391,0.060581,0.0545229,0
BULLAUSDT,resident,新,1788578599000,09-05 11:23:19,0.061404,0.0675444,0.061404,0.0552636,0
BULLAUSDT,resident,新,1788578601000,09-05 11:23:21,0.059615,0.0655765,0.059615,0.0536535,0
BULLAUSDT,resident,新,1788578602000,09-05 11:23:22,0.058151,0.0639661,0.058151,0.0523359,0
BULLAUSDT,resident,新,1788578605000,09-05 11:23:25,0.059863,0.0658493,0.059863,0.0538767,0
BULLAUSDT,resident,新,1788578606000,09-05 11:23:26,0.060762,0.0668382,0.060762,0.0546858,0
BULLAUSDT,resident,新,1788578607000,09-05 11:23:27,0.059903,0.0658933,0.059903,0.0539127,0
BULLAUSDT,resident,新,1788578611000,09-05 11:23:31,0.0593025,0.06523275,0.0593025,0.05337225,0
BULLAUSDT,resident,新,1788578614000,09-05 11:23:34,0.060152,0.0661672,0.060152,0.0541368,0
BULLAUSDT,resident,新,1788578615000,09-05 11:23:35,0.059452,0.0653972,0.059452,0.0535068,0
BULLAUSDT,resident,新,1788578625000,09-05 11:23:45,0.058777,0.0646547,0.058777,0.0528993,0
BULLAUSDT,resident,新,1788578630000,09-05 11:23:50,0.057679,0.0634469,0.057679,0.0519111,0
BULLAUSDT,resident,新,1788578635000,09-05 11:23:55,0.0583125,0.06414375,0.0583125,0.05248125,0
BULLAUSDT,resident,新,1788578637000,09-05 11:23:57,0.0592565,0.06518215,0.0592565,0.05333085,0
BULLAUSDT,resident,新,1788578639000,09-05 11:23:59,0.058519,0.0643709,0.058519,0.0526671,0
BULLAUSDT,resident,新,1788578647000,09-05 11:24:07,0.0576175,0.06337925,0.0576175,0.05185575,0
BULLAUSDT,resident,新,1788578656000,09-05 11:24:16,0.0569485,0.06264335,0.0569485,0.05125365,0
BULLAUSDT,resident,新,1788578664000,09-05 11:24:24,0.0575345,0.06328795,0.0575345,0.05178105,0
BULLAUSDT,resident,新,1788578671000,09-05 11:24:31,0.05691,0.062601,0.05691,0.051219,0
BULLAUSDT,resident,新,1788578674000,09-05 11:24:34,0.0577145,0.06348595,0.0577145,0.05194305,0
BULLAUSDT,resident,新,1788578682000,09-05 11:24:42,0.0570565,0.06276215,0.0570565,0.05135085,0
BULLAUSDT,resident,新,1788578687000,09-05 11:24:47,0.055963,0.0615593,0.055963,0.0503667,0
BULLAUSDT,resident,新,1788578689000,09-05 11:24:49,0.056812,0.0624932,0.056812,0.0511308,0
BULLAUSDT,resident,新,1788578693000,09-05 11:24:53,0.057626,0.0633886,0.057626,0.0518634,0
BULLAUSDT,resident,新,1788578697000,09-05 11:24:57,0.056935,0.0626285,0.056935,0.0512415,0
BULLAUSDT,resident,新,1788578706000,09-05 11:25:06,0.056264,0.0618904,0.056264,0.0506376,0
BULLAUSDT,resident,新,1788578716000,09-05 11:25:16,0.0552845,0.06081295,0.0552845,0.04975605,0
BULLAUSDT,resident,新,1788578718000,09-05 11:25:18,0.0545355,0.05998905,0.0545355,0.04908195,0
BULLAUSDT,resident,新,1788578721000,09-05 11:25:21,0.055131,0.0606441,0.055131,0.0496179,0
BULLAUSDT,resident,新,1788578725000,09-05 11:25:25,0.0545685,0.06002535,0.0545685,0.04911165,0
BULLAUSDT,resident,新,1788578732000,09-05 11:25:32,0.0538835,0.05927185,0.0538835,0.04849515,0
BULLAUSDT,resident,新,1788578742000,09-05 11:25:42,0.0532115,0.05853265,0.0532115,0.04789035,0
BULLAUSDT,resident,新,1788578760000,09-05 11:26:00,0.0521855,0.05740405,0.0521855,0.04696695,0
BULLAUSDT,resident,新,1788578761000,09-05 11:26:01,0.0510885,0.05619735,0.0510885,0.04597965,0
BULLAUSDT,resident,新,1788578762000,09-05 11:26:02,0.0504105,0.05545155,0.0504105,0.04536945,0
BULLAUSDT,resident,新,1788578764000,09-05 11:26:04,0.0498045,0.05478495,0.0498045,0.04482405,0
BULLAUSDT,resident,新,1788578767000,09-05 11:26:07,0.0491985,0.05411835,0.0491985,0.04427865,0
BULLAUSDT,resident,新,1788578768000,09-05 11:26:08,0.047426,0.0521686,0.047426,0.0426834,0
BULLAUSDT,resident,新,1788578770000,09-05 11:26:10,0.048594,0.0534534,0.048594,0.0437346,0
BULLAUSDT,resident,新,1788578773000,09-05 11:26:13,0.046961,0.0516571,0.046961,0.0422649,0
BULLAUSDT,resident,新,1788578774000,09-05 11:26:14,0.0461805,0.05079855,0.0461805,0.04156245,0
BULLAUSDT,resident,新,1788578775000,09-05 11:26:15,0.046851,0.0515361,0.046851,0.0421659,0
BULLAUSDT,resident,新,1788578780000,09-05 11:26:20,0.046109,0.0507199,0.046109,0.0414981,0
BULLAUSDT,resident,新,1788578781000,09-05 11:26:21,0.0455605,0.05011655,0.0455605,0.04100445,0
BULLAUSDT,resident,新,1788578783000,09-05 11:26:23,0.046131,0.0507441,0.046131,0.0415179,0
BULLAUSDT,resident,新,1788578786000,09-05 11:26:26,0.045382,0.0499202,0.045382,0.0408438,0
BULLAUSDT,resident,新,1788578787000,09-05 11:26:27,0.044716,0.0491876,0.044716,0.0402444,0
BULLAUSDT,resident,新,1788578788000,09-05 11:26:28,0.043974,0.0483714,0.043974,0.0395766,0
BULLAUSDT,resident,新,1788578790000,09-05 11:26:30,0.0448665,0.04935315,0.0448665,0.04037985,0
BULLAUSDT,resident,新,1788578793000,09-05 11:26:33,0.0455885,0.05014735,0.0455885,0.04102965,0
BULLAUSDT,resident,新,1788578794000,09-05 11:26:34,0.0469045,0.05159495,0.0469045,0.04221405,0
BULLAUSDT,resident,新,1788578805000,09-05 11:26:45,0.0462505,0.05087555,0.0462505,0.04162545,0
BULLAUSDT,resident,新,1788578807000,09-05 11:26:47,0.0470825,0.05179075,0.0470825,0.04237425,0
BULLAUSDT,resident,新,1788578808000,09-05 11:26:48,0.0466115,0.05127265,0.0466115,0.04195035,0
BULLAUSDT,resident,新,1788578809000,09-05 11:26:49,0.0470835,0.05179185,0.0470835,0.04237515,0
BULLAUSDT,resident,新,1788578814000,09-05 11:26:54,0.0483995,0.05323945,0.0483995,0.04355955,0
BULLAUSDT,resident,新,1788578815000,09-05 11:26:55,0.04932,0.054252,0.04932,0.044388,0
BULLAUSDT,resident,新,1788578818000,09-05 11:26:58,0.049852,0.0548372,0.049852,0.0448668,0
BULLAUSDT,resident,新,1788578820000,09-05 11:27:00,0.050772,0.0558492,0.050772,0.0456948,0
BULLAUSDT,resident,新,1788578821000,09-05 11:27:01,0.051355,0.0564905,0.051355,0.0462195,0
BULLAUSDT,resident,新,1788578822000,09-05 11:27:02,0.052074,0.0572814,0.052074,0.0468666,0
BULLAUSDT,resident,新,1788578826000,09-05 11:27:06,0.0533065,0.05863715,0.0533065,0.04797585,0
BULLAUSDT,resident,新,1788578827000,09-05 11:27:07,0.0547735,0.06025085,0.0547735,0.04929615,0
BULLAUSDT,resident,新,1788578828000,09-05 11:27:08,0.054009,0.0594099,0.054009,0.0486081,0
BULLAUSDT,resident,新,1788578832000,09-05 11:27:12,0.053447,0.0587917,0.053447,0.0481023,0
BULLAUSDT,resident,新,1788578838000,09-05 11:27:18,0.054262,0.0596882,0.054262,0.0488358,0
BULLAUSDT,resident,新,1788578840000,09-05 11:27:20,0.055052,0.0605572,0.055052,0.0495468,0
BULLAUSDT,resident,新,1788578842000,09-05 11:27:22,0.0537,0.05907,0.0537,0.04833,0
BULLAUSDT,resident,新,1788578848000,09-05 11:27:28,0.0543675,0.05980425,0.0543675,0.04893075,0
BULLAUSDT,resident,新,1788578850000,09-05 11:27:30,0.053412,0.0587532,0.053412,0.0480708,0
BULLAUSDT,resident,新,1788578858000,09-05 11:27:38,0.054227,0.0596497,0.054227,0.0488043,0
BULLAUSDT,resident,新,1788578860000,09-05 11:27:40,0.052709,0.0579799,0.052709,0.0474381,0
BULLAUSDT,resident,新,1788578862000,09-05 11:27:42,0.053323,0.0586553,0.053323,0.0479907,0
BULLAUSDT,resident,新,1788578865000,09-05 11:27:45,0.0526355,0.05789905,0.0526355,0.04737195,0
BULLAUSDT,resident,新,1788578883000,09-05 11:28:03,0.0519675,0.05716425,0.0519675,0.04677075,0
BULLAUSDT,resident,新,1788578898000,09-05 11:28:18,0.0525785,0.05783635,0.0525785,0.04732065,0
BULLAUSDT,resident,新,1788578903000,09-05 11:28:23,0.0519895,0.05718845,0.0519895,0.04679055,0
BULLAUSDT,resident,新,1788578906000,09-05 11:28:26,0.051343,0.0564773,0.051343,0.0462087,0
BULLAUSDT,resident,新,1788578931000,09-05 11:28:51,0.05187,0.057057,0.05187,0.046683,0
BULLAUSDT,resident,新,1788578968000,09-05 11:29:28,0.052706,0.0579766,0.052706,0.0474354,0
BULLAUSDT,resident,新,1788578971000,09-05 11:29:31,0.0533315,0.05866465,0.0533315,0.04799835,0
BULLAUSDT,resident,新,1788578975000,09-05 11:29:35,0.0525315,0.05778465,0.0525315,0.04727835,0
BULLAUSDT,resident,新,1788579001000,09-05 11:30:01,0.051852,0.0570372,0.051852,0.0466668,0
BULLAUSDT,resident,新,1788579069000,09-05 11:31:09,0.0512705,0.05639755,0.0512705,0.04614345,0
BULLAUSDT,resident,新,1788579076000,09-05 11:31:16,0.050679,0.0557469,0.050679,0.0456111,0
BULLAUSDT,resident,新,1788579085000,09-05 11:31:25,0.05133,0.056463,0.05133,0.046197,0
BULLAUSDT,resident,新,1788579094000,09-05 11:31:34,0.050771,0.0558481,0.050771,0.0456939,0
BULLAUSDT,resident,新,1788579098000,09-05 11:31:38,0.0513945,0.05653395,0.0513945,0.04625505,0
BULLAUSDT,resident,新,1788579112000,09-05 11:31:52,0.0508125,0.05589375,0.0508125,0.04573125,0
BULLAUSDT,resident,新,1788579122000,09-05 11:32:02,0.0503015,0.05533165,0.0503015,0.04527135,0
BULLAUSDT,resident,新,1788579153000,09-05 11:32:33,0.0497825,0.05476075,0.0497825,0.04480425,0
BULLAUSDT,resident,新,1788579163000,09-05 11:32:43,0.049157,0.0540727,0.049157,0.0442413,0
BULLAUSDT,resident,新,1788579177000,09-05 11:32:57,0.050518,0.0555698,0.050518,0.0454662,0
BULLAUSDT,resident,新,1788579180000,09-05 11:33:00,0.049907,0.0548977,0.049907,0.0449163,0
BULLAUSDT,resident,新,1788579187000,09-05 11:33:07,0.050496,0.0555456,0.050496,0.0454464,0
BULLAUSDT,resident,新,1788579194000,09-05 11:33:14,0.0498475,0.05483225,0.0498475,0.04486275,0
BULLAUSDT,resident,新,1788579203000,09-05 11:33:23,0.0492785,0.05420635,0.0492785,0.04435065,0
BULLAUSDT,resident,新,1788579257000,09-05 11:34:17,0.048731,0.0536041,0.048731,0.0438579,0
BULLAUSDT,resident,新,1788579302000,09-05 11:35:02,0.0493315,0.05426465,0.0493315,0.04439835,0
BULLAUSDT,resident,新,1788579309000,09-05 11:35:09,0.05062,0.055682,0.05062,0.045558,0
BULLAUSDT,resident,新,1788579314000,09-05 11:35:14,0.050038,0.0550418,0.050038,0.0450342,0
BULLAUSDT,resident,新,1788579320000,09-05 11:35:20,0.049524,0.0544764,0.049524,0.0445716,0
BULLAUSDT,resident,新,1788579322000,09-05 11:35:22,0.050828,0.0559108,0.050828,0.0457452,0
BULLAUSDT,resident,新,1788579323000,09-05 11:35:23,0.051777,0.0569547,0.051777,0.0465993,0
BULLAUSDT,resident,新,1788579326000,09-05 11:35:26,0.0510705,0.05617755,0.0510705,0.04596345,0
BULLAUSDT,resident,新,1788579328000,09-05 11:35:28,0.0525435,0.05779785,0.0525435,0.04728915,0
BULLAUSDT,resident,新,1788579329000,09-05 11:35:29,0.0531385,0.05845235,0.0531385,0.04782465,0
BULLAUSDT,resident,新,1788579332000,09-05 11:35:32,0.0545045,0.05995495,0.0545045,0.04905405,0
BULLAUSDT,resident,新,1788579333000,09-05 11:35:33,0.0558495,0.06143445,0.0558495,0.05026455,0
BULLAUSDT,resident,新,1788579336000,09-05 11:35:36,0.058053,0.0638583,0.058053,0.0522477,0
BULLAUSDT,resident,新,1788579337000,09-05 11:35:37,0.0591035,0.06501385,0.0591035,0.05319315,0
BULLAUSDT,resident,新,1788579338000,09-05 11:35:38,0.058081,0.0638891,0.058081,0.0522729,0
BULLAUSDT,resident,新,1788579347000,09-05 11:35:47,0.05735,0.063085,0.05735,0.051615,0
BULLAUSDT,resident,新,1788579363000,09-05 11:36:03,0.0580615,0.06386765,0.0580615,0.05225535,0
BULLAUSDT,resident,新,1788579370000,09-05 11:36:10,0.057288,0.0630168,0.057288,0.0515592,0
BULLAUSDT,resident,新,1788579371000,09-05 11:36:11,0.0566775,0.06234525,0.0566775,0.05100975,0
BULLAUSDT,resident,新,1788579376000,09-05 11:36:16,0.0573485,0.06308335,0.0573485,0.05161365,0
BULLAUSDT,resident,新,1788579386000,09-05 11:36:26,0.0566435,0.06230785,0.0566435,0.05097915,0
BULLAUSDT,resident,新,1788579389000,09-05 11:36:29,0.0574435,0.06318785,0.0574435,0.05169915,0
BULLAUSDT,resident,新,1788579419000,09-05 11:36:59,0.058687,0.0645557,0.058687,0.0528183,0
BULLAUSDT,resident,新,1788579421000,09-05 11:37:01,0.0579,0.06369,0.0579,0.05211,0
BULLAUSDT,resident,新,1788579426000,09-05 11:37:06,0.0587565,0.06463215,0.0587565,0.05288085,0
BULLAUSDT,resident,新,1788579428000,09-05 11:37:08,0.0594625,0.06540875,0.0594625,0.05351625,0
BULLAUSDT,resident,新,1788579455000,09-05 11:37:35,0.0603765,0.06641415,0.0603765,0.05433885,0
BULLAUSDT,resident,新,1788579472000,09-05 11:37:52,0.0596925,0.06566175,0.0596925,0.05372325,0
BULLAUSDT,resident,新,1788579480000,09-05 11:38:00,0.0588305,0.06471355,0.0588305,0.05294745,0
BULLAUSDT,resident,新,1788579491000,09-05 11:38:11,0.0594555,0.06540105,0.0594555,0.05350995,0
BULLAUSDT,resident,新,1788579497000,09-05 11:38:17,0.0588285,0.06471135,0.0588285,0.05294565,0
BULLAUSDT,resident,新,1788579506000,09-05 11:38:26,0.05953,0.065483,0.05953,0.053577,0
BULLAUSDT,resident,新,1788579540000,09-05 11:39:00,0.060211,0.0662321,0.060211,0.0541899,0
BULLAUSDT,resident,新,1788579606000,09-05 11:40:06,0.0609715,0.06706865,0.0609715,0.05487435,0
BULLAUSDT,resident,新,1788579617000,09-05 11:40:17,0.0615925,0.06775175,0.0615925,0.05543325,0
BULLAUSDT,resident,新,1788579619000,09-05 11:40:19,0.0626635,0.06892985,0.0626635,0.05639715,0
BULLAUSDT,resident,新,1788579625000,09-05 11:40:25,0.061986,0.0681846,0.061986,0.0557874,0
BULLAUSDT,resident,新,1788579629000,09-05 11:40:29,0.0612045,0.06732495,0.0612045,0.05508405,0
BULLAUSDT,resident,新,1788579637000,09-05 11:40:37,0.0620355,0.06823905,0.0620355,0.05583195,0
BULLAUSDT,resident,新,1788579684000,09-05 11:41:24,0.061396,0.0675356,0.061396,0.0552564,0
BULLAUSDT,resident,新,1788579710000,09-05 11:41:50,0.0606025,0.06666275,0.0606025,0.05454225,0
BULLAUSDT,resident,新,1788579773000,09-05 11:42:53,0.061305,0.0674355,0.061305,0.0551745,0
BULLAUSDT,resident,新,1788579828000,09-05 11:43:48,0.060664,0.0667304,0.060664,0.0545976,0
BULLAUSDT,resident,新,1788579871000,09-05 11:44:31,0.0595275,0.06548025,0.0595275,0.05357475,0
BULLAUSDT,resident,新,1788579906000,09-05 11:45:06,0.0604725,0.06651975,0.0604725,0.05442525,0
BULLAUSDT,resident,新,1788579913000,09-05 11:45:13,0.059655,0.0656205,0.059655,0.0536895,0
BULLAUSDT,resident,新,1788579918000,09-05 11:45:18,0.059051,0.0649561,0.059051,0.0531459,0
BULLAUSDT,resident,新,1788579989000,09-05 11:46:29,0.0584165,0.06425815,0.0584165,0.05257485,0
BULLAUSDT,resident,新,1788579997000,09-05 11:46:37,0.0590535,0.06495885,0.0590535,0.05314815,0
BULLAUSDT,resident,新,1788580010000,09-05 11:46:50,0.0596465,0.06561115,0.0596465,0.05368185,0
BULLAUSDT,resident,新,1788580029000,09-05 11:47:09,0.0603275,0.06636025,0.0603275,0.05429475,0
BULLAUSDT,resident,新,1788580031000,09-05 11:47:11,0.0609795,0.06707745,0.0609795,0.05488155,0
BULLAUSDT,resident,新,1788580042000,09-05 11:47:22,0.061716,0.0678876,0.061716,0.0555444,0
BULLAUSDT,resident,新,1788580050000,09-05 11:47:30,0.061049,0.0671539,0.061049,0.0549441,0
BULLAUSDT,resident,新,1788580082000,09-05 11:48:02,0.060419,0.0664609,0.060419,0.0543771,0
BULLAUSDT,resident,新,1788580094000,09-05 11:48:14,0.0610695,0.06717645,0.0610695,0.05496255,0
BULLAUSDT,resident,新,1788580138000,09-05 11:48:58,0.060334,0.0663674,0.060334,0.0543006,0
BULLAUSDT,resident,新,1788580204000,09-05 11:50:04,0.061147,0.0672617,0.061147,0.0550323,0
BULLAUSDT,resident,新,1788580227000,09-05 11:50:27,0.060394,0.0664334,0.060394,0.0543546,0
BULLAUSDT,resident,新,1788580324000,09-05 11:52:04,0.0597845,0.06576295,0.0597845,0.05380605,0
BULLAUSDT,resident,新,1788580337000,09-05 11:52:17,0.0591335,0.06504685,0.0591335,0.05322015,0
BULLAUSDT,resident,新,1788580349000,09-05 11:52:29,0.0585385,0.06439235,0.0585385,0.05268465,0
BULLAUSDT,resident,新,1788580362000,09-05 11:52:42,0.059171,0.0650881,0.059171,0.0532539,0
BULLAUSDT,resident,新,1788580372000,09-05 11:52:52,0.0598305,0.06581355,0.0598305,0.05384745,0
BULLAUSDT,resident,新,1788580375000,09-05 11:52:55,0.0591665,0.06508315,0.0591665,0.05324985,0
BULLAUSDT,resident,新,1788580415000,09-05 11:53:35,0.058563,0.0644193,0.058563,0.0527067,0
BULLAUSDT,resident,新,1788580423000,09-05 11:53:43,0.0592975,0.06522725,0.0592975,0.05336775,0
BULLAUSDT,resident,新,1788580481000,09-05 11:54:41,0.058697,0.0645667,0.058697,0.0528273,0
BULLAUSDT,resident,新,1788580563000,09-05 11:56:03,0.059319,0.0652509,0.059319,0.0533871,0
BULLAUSDT,resident,新,1788580568000,09-05 11:56:08,0.058688,0.0645568,0.058688,0.0528192,0
BULLAUSDT,resident,新,1788580623000,09-05 11:57:03,0.0593665,0.06530315,0.0593665,0.05342985,0
BULLAUSDT,resident,新,1788580659000,09-05 11:57:39,0.060095,0.0661045,0.060095,0.0540855,0
BULLAUSDT,resident,新,1788580691000,09-05 11:58:11,0.059444,0.0653884,0.059444,0.0534996,0
BULLAUSDT,resident,新,1788580743000,09-05 11:59:03,0.06006,0.066066,0.06006,0.054054,0
BULLAUSDT,resident,新,1788580792000,09-05 11:59:52,0.0607715,0.06684865,0.0607715,0.05469435,0
BULLAUSDT,resident,新,1788580810000,09-05 12:00:10,0.060129,0.0661419,0.060129,0.0541161,0
BULLAUSDT,resident,新,1788580828000,09-05 12:00:28,0.0607735,0.06685085,0.0607735,0.05469615,0
BULLAUSDT,resident,新,1788580839000,09-05 12:00:39,0.061458,0.0676038,0.061458,0.0553122,0
BULLAUSDT,resident,新,1788580848000,09-05 12:00:48,0.0608175,0.06689925,0.0608175,0.05473575,0
BULLAUSDT,resident,新,1788580860000,09-05 12:01:00,0.0601605,0.06617655,0.0601605,0.05414445,0
BULLAUSDT,resident,新,1788580986000,09-05 12:03:06,0.0607685,0.06684535,0.0607685,0.05469165,0
BULLAUSDT,resident,新,1788581005000,09-05 12:03:25,0.0614365,0.06758015,0.0614365,0.05529285,0
BULLAUSDT,resident,新,1788581029000,09-05 12:03:49,0.060082,0.0660902,0.060082,0.0540738,0
BULLAUSDT,resident,新,1788581060000,09-05 12:04:20,0.060796,0.0668756,0.060796,0.0547164,0
BULLAUSDT,resident,新,1788581077000,09-05 12:04:37,0.061428,0.0675708,0.061428,0.0552852,0
BULLAUSDT,resident,新,1788581099000,09-05 12:04:59,0.0621085,0.06831935,0.0621085,0.05589765,0
BULLAUSDT,resident,新,1788581113000,09-05 12:05:13,0.061265,0.0673915,0.061265,0.0551385,0
BULLAUSDT,resident,新,1788581116000,09-05 12:05:16,0.06194,0.068134,0.06194,0.055746,0
BULLAUSDT,resident,新,1788581143000,09-05 12:05:43,0.064995,0.0714945,0.064995,0.0584955,0
BULLAUSDT,resident,新,1788581144000,09-05 12:05:44,0.066005,0.0726055,0.066005,0.0594045,0
BULLAUSDT,resident,新,1788581146000,09-05 12:05:46,0.0651125,0.07162375,0.0651125,0.05860125,0
BULLAUSDT,resident,新,1788581149000,09-05 12:05:49,0.0642355,0.07065905,0.0642355,0.05781195,0
BULLAUSDT,resident,新,1788581152000,09-05 12:05:52,0.0634345,0.06977795,0.0634345,0.05709105,0
BULLAUSDT,resident,新,1788581162000,09-05 12:06:02,0.0625795,0.06883745,0.0625795,0.05632155,0
BULLAUSDT,resident,新,1788581290000,09-05 12:08:10,0.063237,0.0695607,0.063237,0.0569133,0
BULLAUSDT,resident,新,1788581292000,09-05 12:08:12,0.0623965,0.06863615,0.0623965,0.05615685,0
BULLAUSDT,resident,新,1788581355000,09-05 12:09:15,0.063113,0.0694243,0.063113,0.0568017,0
BULLAUSDT,resident,新,1788581373000,09-05 12:09:33,0.06237,0.068607,0.06237,0.056133,0
BULLAUSDT,resident,新,1788581425000,09-05 12:10:25,0.0630725,0.06937975,0.0630725,0.05676525,0
BULLAUSDT,resident,新,1788581549000,09-05 12:12:29,0.0623655,0.06860205,0.0623655,0.05612895,0
BULLAUSDT,resident,新,1788581763000,09-05 12:16:03,0.061738,0.0679118,0.061738,0.0555642,0
BULLAUSDT,resident,新,1788581775000,09-05 12:16:15,0.060635,0.0666985,0.060635,0.0545715,0
BULLAUSDT,resident,新,1788581788000,09-05 12:16:28,0.061287,0.0674157,0.061287,0.0551583,0
BULLAUSDT,resident,新,1788581795000,09-05 12:16:35,0.0598675,0.06585425,0.0598675,0.05388075,0
BULLAUSDT,resident,新,1788581821000,09-05 12:17:01,0.0606005,0.06666055,0.0606005,0.05454045,0
BULLAUSDT,resident,新,1788581842000,09-05 12:17:22,0.061347,0.0674817,0.061347,0.0552123,0
BULLAUSDT,resident,新,1788581890000,09-05 12:18:10,0.061966,0.0681626,0.061966,0.0557694,0
BULLAUSDT,resident,新,1788581897000,09-05 12:18:17,0.061223,0.0673453,0.061223,0.0551007,0
BULLAUSDT,resident,新,1788581996000,09-05 12:19:56,0.060509,0.0665599,0.060509,0.0544581,0
BULLAUSDT,resident,新,1788582013000,09-05 12:20:13,0.0611385,0.06725235,0.0611385,0.05502465,0
BULLAUSDT,resident,新,1788582077000,09-05 12:21:17,0.0618255,0.06800805,0.0618255,0.05564295,0
BULLAUSDT,resident,新,1788582127000,09-05 12:22:07,0.0625765,0.06883415,0.0625765,0.05631885,0
BULLAUSDT,resident,新,1788582315000,09-05 12:25:15,0.0632115,0.06953265,0.0632115,0.05689035,0
BULLAUSDT,resident,新,1788582383000,09-05 12:26:23,0.0625625,0.06881875,0.0625625,0.05630625,0
BULLAUSDT,resident,新,1788582452000,09-05 12:27:32,0.063211,0.0695321,0.063211,0.0568899,0
BULLAUSDT,resident,新,1788582674000,09-05 12:31:14,0.0625505,0.06880555,0.0625505,0.05629545,0
BULLAUSDT,resident,新,1788582810000,09-05 12:33:30,0.0618695,0.06805645,0.0618695,0.05568255,0
BULLAUSDT,resident,新,1788582873000,09-05 12:34:33,0.062609,0.0688699,0.062609,0.0563481,0
BULLAUSDT,resident,新,1788583169000,09-05 12:39:29,0.0619495,0.06814445,0.0619495,0.05575455,0
BULLAUSDT,resident,新,1788583251000,09-05 12:40:51,0.062594,0.0688534,0.062594,0.0563346,0
BULLAUSDT,resident,新,1788583427000,09-05 12:43:47,0.0619285,0.06812135,0.0619285,0.05573565,0
BULLAUSDT,resident,新,1788583568000,09-05 12:46:08,0.0612975,0.06742725,0.0612975,0.05516775,0
BULLAUSDT,resident,新,1788583656000,09-05 12:47:36,0.061936,0.0681296,0.061936,0.0557424,0
BULLAUSDT,resident,新,1788583805000,09-05 12:50:05,0.062643,0.0689073,0.062643,0.0563787,0
BULLAUSDT,resident,新,1788583817000,09-05 12:50:17,0.0619855,0.06818405,0.0619855,0.05578695,0
BULLAUSDT,resident,新,1788584034000,09-05 12:53:54,0.0611975,0.06731725,0.0611975,0.05507775,0
BULLAUSDT,resident,新,1788584045000,09-05 12:54:05,0.062004,0.0682044,0.062004,0.0558036,0
BULLAUSDT,resident,新,1788584086000,09-05 12:54:46,0.0613145,0.06744595,0.0613145,0.05518305,0
BULLAUSDT,resident,新,1788584262000,09-05 12:57:42,0.0619715,0.06816865,0.0619715,0.05577435,0
BULLAUSDT,resident,新,1788584574000,09-05 13:02:54,0.0625925,0.06885175,0.0625925,0.05633325,0
BULLAUSDT,resident,新,1788584774000,09-05 13:06:14,0.06636,0.072996,0.0625925,0.05633325,1
BULLAUSDT,resident,新,1788584776000,09-05 13:06:16,0.066684,0.0733524,0.066684,0.0600156,0
BULLAUSDT,resident,新,1788584778000,09-05 13:06:18,0.068259,0.0750849,0.068259,0.0614331,0
BULLAUSDT,resident,新,1788584783000,09-05 13:06:23,0.067131,0.0738441,0.067131,0.0604179,0
BULLAUSDT,resident,新,1788584785000,09-05 13:06:25,0.065905,0.0724955,0.065905,0.0593145,0
BULLAUSDT,resident,新,1788584839000,09-05 13:07:19,0.06509,0.071599,0.06509,0.058581,0
BULLAUSDT,resident,新,1788584927000,09-05 13:08:47,0.064435,0.0708785,0.064435,0.0579915,0
BULLAUSDT,resident,新,1788584961000,09-05 13:09:21,0.065201,0.0717211,0.065201,0.0586809,0
BULLAUSDT,resident,新,1788584971000,09-05 13:09:31,0.0660925,0.07270175,0.0660925,0.05948325,0
BULLAUSDT,resident,新,1788585094000,09-05 13:11:34,0.065425,0.0719675,0.065425,0.0588825,0
BULLAUSDT,resident,新,1788585136000,09-05 13:12:16,0.0661295,0.07274245,0.0661295,0.05951655,0
BULLAUSDT,resident,新,1788585229000,09-05 13:13:49,0.0653225,0.07185475,0.0653225,0.05879025,0
BULLAUSDT,resident,新,1788585236000,09-05 13:13:56,0.0646255,0.07108805,0.0646255,0.05816295,0
BULLAUSDT,resident,新,1788585277000,09-05 13:14:37,0.0631665,0.06948315,0.0631665,0.05684985,0
BULLAUSDT,resident,新,1788585288000,09-05 13:14:48,0.063859,0.0702449,0.063859,0.0574731,0
BULLAUSDT,resident,新,1788585318000,09-05 13:15:18,0.0631905,0.06950955,0.0631905,0.05687145,0
BULLAUSDT,resident,新,1788585333000,09-05 13:15:33,0.0624615,0.06870765,0.0624615,0.05621535,0
BULLAUSDT,resident,新,1788585344000,09-05 13:15:44,0.0615955,0.06775505,0.0615955,0.05543595,0
BULLAUSDT,resident,新,1788585347000,09-05 13:15:47,0.060776,0.0668536,0.060776,0.0546984,0
BULLAUSDT,resident,新,1788585354000,09-05 13:15:54,0.0615045,0.06765495,0.0615045,0.05535405,0
BULLAUSDT,resident,新,1788585361000,09-05 13:16:01,0.0624705,0.06871755,0.0624705,0.05622345,0
BULLAUSDT,resident,新,1788585384000,09-05 13:16:24,0.063377,0.0697147,0.063377,0.0570393,0
BULLAUSDT,resident,新,1788585405000,09-05 13:16:45,0.0641495,0.07056445,0.0641495,0.05773455,0
BULLAUSDT,resident,新,1788585452000,09-05 13:17:32,0.063486,0.0698346,0.063486,0.0571374,0
BULLAUSDT,resident,新,1788585657000,09-05 13:20:57,0.0641365,0.07055015,0.0641365,0.05772285,0
BULLAUSDT,resident,新,1788585693000,09-05 13:21:33,0.0655835,0.07214185,0.0655835,0.05902515,0
BULLAUSDT,resident,新,1788585715000,09-05 13:21:55,0.064881,0.0713691,0.064881,0.0583929,0
BULLAUSDT,resident,新,1788585862000,09-05 13:24:22,0.065539,0.0720929,0.065539,0.0589851,0
BULLAUSDT,resident,新,1788586129000,09-05 13:28:49,0.0647875,0.07126625,0.0647875,0.05830875,0
BULLAUSDT,resident,新,1788586337000,09-05 13:32:17,0.064007,0.0704077,0.064007,0.0576063,0
BULLAUSDT,resident,新,1788586363000,09-05 13:32:43,0.064713,0.0711843,0.064713,0.0582417,0
BULLAUSDT,resident,新,1788586504000,09-05 13:35:04,0.06545,0.071995,0.06545,0.058905,0
BULLAUSDT,resident,新,1788586528000,09-05 13:35:28,0.0647425,0.07121675,0.0647425,0.05826825,0
BULLAUSDT,resident,新,1788586690000,09-05 13:38:10,0.065446,0.0719906,0.065446,0.0589014,0
BULLAUSDT,resident,新,1788586780000,09-05 13:39:40,0.0647245,0.07119695,0.0647245,0.05825205,0
BULLAUSDT,resident,新,1788586804000,09-05 13:40:04,0.0654095,0.07195045,0.0654095,0.05886855,0
BULLAUSDT,resident,新,1788586852000,09-05 13:40:52,0.0660775,0.07268525,0.0660775,0.05946975,0
BULLAUSDT,resident,新,1788586906000,09-05 13:41:46,0.065411,0.0719521,0.065411,0.0588699,0
BULLAUSDT,resident,新,1788586994000,09-05 13:43:14,0.0660925,0.07270175,0.0660925,0.05948325,0
BULLAUSDT,resident,新,1788587266000,09-05 13:47:46,0.0653845,0.07192295,0.0653845,0.05884605,0
BULLAUSDT,resident,新,1788587268000,09-05 13:47:48,0.066088,0.0726968,0.066088,0.0594792,0
BULLAUSDT,resident,新,1788587382000,09-05 13:49:42,0.067516,0.0742676,0.067516,0.0607644,0
BULLAUSDT,resident,新,1788587387000,09-05 13:49:47,0.066813,0.0734943,0.066813,0.0601317,0
BULLAUSDT,resident,新,1788587472000,09-05 13:51:12,0.0675435,0.07429785,0.0675435,0.06078915,0
BULLAUSDT,resident,新,1788587574000,09-05 13:52:54,0.0682595,0.07508545,0.0682595,0.06143355,0
BULLAUSDT,resident,新,1788587649000,09-05 13:54:09,0.069047,0.0759517,0.069047,0.0621423,0
BULLAUSDT,resident,新,1788587667000,09-05 13:54:27,0.0683435,0.07517785,0.0683435,0.06150915,0
BULLAUSDT,resident,新,1788587731000,09-05 13:55:31,0.0675545,0.07430995,0.0675545,0.06079905,0
BULLAUSDT,resident,新,1788587739000,09-05 13:55:39,0.068708,0.0755788,0.068708,0.0618372,0
BULLAUSDT,resident,新,1788587761000,09-05 13:56:01,0.0695005,0.07645055,0.0695005,0.06255045,0
BULLAUSDT,resident,新,1788587762000,09-05 13:56:02,0.070639,0.0777029,0.070639,0.0635751,0
BULLAUSDT,resident,新,1788587765000,09-05 13:56:05,0.0698365,0.07682015,0.0698365,0.06285285,0
BULLAUSDT,resident,新,1788587774000,09-05 13:56:14,0.069016,0.0759176,0.069016,0.0621144,0
BULLAUSDT,resident,新,1788587783000,09-05 13:56:23,0.070091,0.0771001,0.070091,0.0630819,0
BULLAUSDT,resident,新,1788587839000,09-05 13:57:19,0.069355,0.0762905,0.069355,0.0624195,0
BULLAUSDT,resident,新,1788587931000,09-05 13:58:51,0.0701245,0.07713695,0.0701245,0.06311205,0
BULLAUSDT,resident,新,1788587933000,09-05 13:58:53,0.0715525,0.07870775,0.0715525,0.06439725,0
BULLAUSDT,resident,新,1788587935000,09-05 13:58:55,0.073255,0.0805805,0.073255,0.0659295,0
BULLAUSDT,resident,新,1788587936000,09-05 13:58:56,0.0746005,0.08206055,0.0746005,0.06714045,0
BULLAUSDT,resident,新,1788587941000,09-05 13:59:01,0.0735885,0.08094735,0.0735885,0.06622965,0
BULLAUSDT,resident,新,1788587943000,09-05 13:59:03,0.0724155,0.07965705,0.0724155,0.06517395,0
BULLAUSDT,resident,新,1788587974000,09-05 13:59:34,0.0731545,0.08046995,0.0731545,0.06583905,0
BULLAUSDT,resident,新,1788587979000,09-05 13:59:39,0.0723865,0.07962515,0.0723865,0.06514785,0
BULLAUSDT,resident,新,1788588002000,09-05 14:00:02,0.0713325,0.07846575,0.0713325,0.06419925,0
BULLAUSDT,resident,新,1788588007000,09-05 14:00:07,0.072064,0.0792704,0.072064,0.0648576,0
BULLAUSDT,resident,新,1788588027000,09-05 14:00:27,0.072792,0.0800712,0.072792,0.0655128,0
BULLAUSDT,resident,新,1788588042000,09-05 14:00:42,0.071983,0.0791813,0.071983,0.0647847,0
BULLAUSDT,resident,新,1788588072000,09-05 14:01:12,0.071248,0.0783728,0.071248,0.0641232,0
BULLAUSDT,resident,新,1788588140000,09-05 14:02:20,0.0720065,0.07920715,0.0720065,0.06480585,0
BULLAUSDT,resident,新,1788588145000,09-05 14:02:25,0.072795,0.0800745,0.072795,0.0655155,0
BULLAUSDT,resident,新,1788588179000,09-05 14:02:59,0.0735715,0.08092865,0.0735715,0.06621435,0
BULLAUSDT,resident,新,1788588255000,09-05 14:04:15,0.074424,0.0818664,0.074424,0.0669816,0
BULLAUSDT,resident,新,1788588258000,09-05 14:04:18,0.0735455,0.08090005,0.0735455,0.06619095,0
BULLAUSDT,resident,新,1788588291000,09-05 14:04:51,0.072803,0.0800833,0.072803,0.0655227,0
BULLAUSDT,resident,新,1788588299000,09-05 14:04:59,0.0720555,0.07926105,0.0720555,0.06484995,0
BULLAUSDT,resident,新,1788588318000,09-05 14:05:18,0.072826,0.0801086,0.072826,0.0655434,0
BULLAUSDT,resident,新,1788588375000,09-05 14:06:15,0.0735915,0.08095065,0.0735915,0.06623235,0
BULLAUSDT,resident,新,1788588391000,09-05 14:06:31,0.0726195,0.07988145,0.0726195,0.06535755,0
BULLAUSDT,resident,新,1788588453000,09-05 14:07:33,0.0734275,0.08077025,0.0734275,0.06608475,0
BULLAUSDT,resident,新,1788588462000,09-05 14:07:42,0.074844,0.0823284,0.074844,0.0673596,0
BULLAUSDT,resident,新,1788588463000,09-05 14:07:43,0.0760435,0.08364785,0.0760435,0.06843915,0
BULLAUSDT,resident,新,1788588466000,09-05 14:07:46,0.0748815,0.08236965,0.0748815,0.06739335,0
BULLAUSDT,resident,新,1788588482000,09-05 14:08:02,0.0738245,0.08120695,0.0738245,0.06644205,0
BULLAUSDT,resident,新,1788588519000,09-05 14:08:39,0.074605,0.0820655,0.074605,0.0671445,0
BULLAUSDT,resident,新,1788588550000,09-05 14:09:10,0.075421,0.0829631,0.075421,0.0678789,0
BULLAUSDT,resident,新,1788588554000,09-05 14:09:14,0.0762355,0.08385905,0.0762355,0.06861195,0
BULLAUSDT,resident,新,1788588561000,09-05 14:09:21,0.0752185,0.08274035,0.0752185,0.06769665,0
BULLAUSDT,resident,新,1788588631000,09-05 14:10:31,0.074201,0.0816211,0.074201,0.0667809,0
BULLAUSDT,resident,新,1788588639000,09-05 14:10:39,0.0734265,0.08076915,0.0734265,0.06608385,0
BULLAUSDT,resident,新,1788588643000,09-05 14:10:43,0.074184,0.0816024,0.074184,0.0667656,0
BULLAUSDT,resident,新,1788588646000,09-05 14:10:46,0.0734,0.08074,0.0734,0.06606,0
BULLAUSDT,resident,新,1788588732000,09-05 14:12:12,0.0720585,0.07926435,0.0720585,0.06485265,0
BULLAUSDT,resident,新,1788588736000,09-05 14:12:16,0.0712205,0.07834255,0.0712205,0.06409845,0
BULLAUSDT,resident,新,1788588741000,09-05 14:12:21,0.0704935,0.07754285,0.0704935,0.06344415,0
BULLAUSDT,resident,新,1788588747000,09-05 14:12:27,0.071251,0.0783761,0.071251,0.0641259,0
BULLAUSDT,resident,新,1788588753000,09-05 14:12:33,0.0719855,0.07918405,0.0719855,0.06478695,0
BULLAUSDT,resident,新,1788588768000,09-05 14:12:48,0.072752,0.0800272,0.072752,0.0654768,0
BULLAUSDT,resident,新,1788588811000,09-05 14:13:31,0.0734835,0.08083185,0.0734835,0.06613515,0
BULLAUSDT,resident,新,1788588904000,09-05 14:15:04,0.074368,0.0818048,0.074368,0.0669312,0
BULLAUSDT,resident,新,1788588919000,09-05 14:15:19,0.0755,0.08305,0.0755,0.06795,0
BULLAUSDT,resident,新,1788588927000,09-05 14:15:27,0.0747165,0.08218815,0.0747165,0.06724485,0
BULLAUSDT,resident,新,1788588942000,09-05 14:15:42,0.073851,0.0812361,0.073851,0.0664659,0
BULLAUSDT,resident,新,1788589100000,09-05 14:18:20,0.0729085,0.08019935,0.0729085,0.06561765,0
BULLAUSDT,resident,新,1788589202000,09-05 14:20:02,0.0736665,0.08103315,0.0736665,0.06629985,0
BULLAUSDT,resident,新,1788589362000,09-05 14:22:42,0.0744685,0.08191535,0.0744685,0.06702165,0
BULLAUSDT,resident,新,1788589372000,09-05 14:22:52,0.0737015,0.08107165,0.0737015,0.06633135,0
BULLAUSDT,resident,新,1788589641000,09-05 14:27:21,0.074445,0.0818895,0.074445,0.0670005,0
BULLAUSDT,resident,新,1788589910000,09-05 14:31:50,0.073684,0.0810524,0.073684,0.0663156,0
BULLAUSDT,resident,新,1788590021000,09-05 14:33:41,0.0744345,0.08187795,0.0744345,0.06699105,0
BULLAUSDT,resident,新,1788590066000,09-05 14:34:26,0.0752585,0.08278435,0.0752585,0.06773265,0
BULLAUSDT,resident,新,1788590084000,09-05 14:34:44,0.0744995,0.08194945,0.0744995,0.06704955,0
BULLAUSDT,resident,新,1788590123000,09-05 14:35:23,0.0752485,0.08277335,0.0752485,0.06772365,0
BULLAUSDT,resident,新,1788590130000,09-05 14:35:30,0.076499,0.0841489,0.076499,0.0688491,0
BULLAUSDT,resident,新,1788590135000,09-05 14:35:35,0.075703,0.0832733,0.075703,0.0681327,0
BULLAUSDT,resident,新,1788590142000,09-05 14:35:42,0.0749185,0.08241035,0.0749185,0.06742665,0
BULLAUSDT,resident,新,1788590260000,09-05 14:37:40,0.0757325,0.08330575,0.0757325,0.06815925,0
BULLAUSDT,resident,新,1788590277000,09-05 14:37:57,0.076629,0.0842919,0.076629,0.0689661,0
BULLAUSDT,resident,新,1788590285000,09-05 14:38:05,0.075812,0.0833932,0.075812,0.0682308,0
BULLAUSDT,resident,新,1788590305000,09-05 14:38:25,0.074958,0.0824538,0.074958,0.0674622,0
BULLAUSDT,resident,新,1788590554000,09-05 14:42:34,0.0741505,0.08156555,0.0741505,0.06673545,0
BULLAUSDT,resident,新,1788590915000,09-05 14:48:35,0.0733425,0.08067675,0.0733425,0.06600825,0
BULLAUSDT,resident,新,1788590966000,09-05 14:49:26,0.072231,0.0794541,0.072231,0.0650079,0
BULLAUSDT,resident,新,1788590971000,09-05 14:49:31,0.072971,0.0802681,0.072971,0.0656739,0
BULLAUSDT,resident,新,1788591297000,09-05 14:54:57,0.0721745,0.07939195,0.0721745,0.06495705,0
BULLAUSDT,resident,新,1788591313000,09-05 14:55:13,0.07294,0.080234,0.07294,0.065646,0
BULLAUSDT,resident,新,1788591607000,09-05 15:00:07,0.0737485,0.08112335,0.0737485,0.06637365,0
BULLAUSDT,resident,新,1788591704000,09-05 15:01:44,0.075005,0.0825055,0.075005,0.0675045,0
BULLAUSDT,resident,新,1788591720000,09-05 15:02:00,0.07425,0.081675,0.07425,0.066825,0
BULLAUSDT,resident,新,1788591922000,09-05 15:05:22,0.0751535,0.08266885,0.0751535,0.06763815,0
BULLAUSDT,resident,新,1788592018000,09-05 15:06:58,0.07436,0.081796,0.07436,0.066924,0
BULLAUSDT,resident,新,1788592225000,09-05 15:10:25,0.0751285,0.08264135,0.0751285,0.06761565,0
BULLAUSDT,resident,新,1788592802000,09-05 15:20:02,0.074373,0.0818103,0.074373,0.0669357,0
BULLAUSDT,resident,新,1788592813000,09-05 15:20:13,0.0758995,0.08348945,0.0758995,0.06830955,0
BULLAUSDT,resident,新,1788592918000,09-05 15:21:58,0.075139,0.0826529,0.075139,0.0676251,0
BULLAUSDT,resident,新,1788592996000,09-05 15:23:16,0.075926,0.0835186,0.075926,0.0683334,0
BULLAUSDT,resident,新,1788593031000,09-05 15:23:51,0.075157,0.0826727,0.075157,0.0676413,0
BULLAUSDT,resident,新,1788593490000,09-05 15:31:30,0.0759925,0.08359175,0.0759925,0.06839325,0
BULLAUSDT,resident,新,1788594006000,09-05 15:40:06,0.0751905,0.08270955,0.0751905,0.06767145,0
BULLAUSDT,resident,新,1788594031000,09-05 15:40:31,0.076003,0.0836033,0.076003,0.0684027,0
BULLAUSDT,resident,新,1788594048000,09-05 15:40:48,0.0752215,0.08274365,0.0752215,0.06769935,0
BULLAUSDT,resident,新,1788594092000,09-05 15:41:32,0.075978,0.0835758,0.075978,0.0683802,0
BULLAUSDT,resident,新,1788594221000,09-05 15:43:41,0.0752075,0.08272825,0.0752075,0.06768675,0
BULLAUSDT,resident,新,1788594642000,09-05 15:50:42,0.075977,0.0835747,0.075977,0.0683793,0
BULLAUSDT,resident,新,1788594922000,09-05 15:55:22,0.079258,0.0871838,0.079258,0.0713322,0
BULLAUSDT,resident,新,1788594923000,09-05 15:55:23,0.0783935,0.08623285,0.0783935,0.07055415,0
BULLAUSDT,resident,新,1788594929000,09-05 15:55:29,0.077513,0.0852643,0.077513,0.0697617,0
BULLAUSDT,resident,新,1788594943000,09-05 15:55:43,0.0783515,0.08618665,0.0783515,0.07051635,0
BULLAUSDT,resident,新,1788594946000,09-05 15:55:46,0.0792535,0.08717885,0.0792535,0.07132815,0
BULLAUSDT,resident,新,1788594950000,09-05 15:55:50,0.0803635,0.08839985,0.0803635,0.07232715,0
BULLAUSDT,resident,新,1788594953000,09-05 15:55:53,0.079376,0.0873136,0.079376,0.0714384,0
BULLAUSDT,resident,新,1788594955000,09-05 15:55:55,0.078482,0.0863302,0.078482,0.0706338,0
BULLAUSDT,resident,新,1788594971000,09-05 15:56:11,0.0776935,0.08546285,0.0776935,0.06992415,0
BULLAUSDT,resident,新,1788595009000,09-05 15:56:49,0.076708,0.0843788,0.076708,0.0690372,0
BULLAUSDT,resident,新,1788595024000,09-05 15:57:04,0.0758105,0.08339155,0.0758105,0.06822945,0
BULLAUSDT,resident,新,1788595043000,09-05 15:57:23,0.076601,0.0842611,0.076601,0.0689409,0
BULLAUSDT,resident,新,1788595098000,09-05 15:58:18,0.07582,0.083402,0.07582,0.068238,0
BULLAUSDT,resident,新,1788595121000,09-05 15:58:41,0.076928,0.0846208,0.076928,0.0692352,0
BULLAUSDT,resident,新,1788595515000,09-05 16:05:15,0.0761385,0.08375235,0.0761385,0.06852465,0
BULLAUSDT,resident,新,1788595565000,09-05 16:06:05,0.076925,0.0846175,0.076925,0.0692325,0
BULLAUSDT,resident,新,1788595718000,09-05 16:08:38,0.076108,0.0837188,0.076108,0.0684972,0
BULLAUSDT,resident,新,1788596013000,09-05 16:13:33,0.0768825,0.08457075,0.0768825,0.06919425,0
BULLAUSDT,resident,新,1788596075000,09-05 16:14:35,0.0760655,0.08367205,0.0760655,0.06845895,0
BULLAUSDT,resident,新,1788596204000,09-05 16:16:44,0.0770895,0.08479845,0.0770895,0.06938055,0
BULLAUSDT,resident,新,1788596356000,09-05 16:19:16,0.0762475,0.08387225,0.0762475,0.06862275,0
BULLAUSDT,resident,新,1788596364000,09-05 16:19:24,0.07542,0.082962,0.07542,0.067878,0
BULLAUSDT,resident,新,1788596452000,09-05 16:20:52,0.0746045,0.08206495,0.0746045,0.06714405,0
BULLAUSDT,resident,新,1788596463000,09-05 16:21:03,0.073629,0.0809919,0.073629,0.0662661,0
BULLAUSDT,resident,新,1788596500000,09-05 16:21:40,0.072786,0.0800646,0.072786,0.0655074,0
BULLAUSDT,resident,新,1788596507000,09-05 16:21:47,0.073542,0.0808962,0.073542,0.0661878,0
BULLAUSDT,resident,新,1788596549000,09-05 16:22:29,0.0744955,0.08194505,0.0744955,0.06704595,0
BULLAUSDT,resident,新,1788596613000,09-05 16:23:33,0.0737235,0.08109585,0.0737235,0.06635115,0
BULLAUSDT,resident,新,1788596636000,09-05 16:23:56,0.0728495,0.08013445,0.0728495,0.06556455,0
BULLAUSDT,resident,新,1788596661000,09-05 16:24:21,0.0736105,0.08097155,0.0736105,0.06624945,0
BULLAUSDT,resident,新,1788596703000,09-05 16:25:03,0.0743645,0.08180095,0.0743645,0.06692805,0
BULLAUSDT,resident,新,1788596712000,09-05 16:25:12,0.0753525,0.08288775,0.0753525,0.06781725,0
BULLAUSDT,resident,新,1788596924000,09-05 16:28:44,0.074524,0.0819764,0.074524,0.0670716,0
BULLAUSDT,resident,新,1788596994000,09-05 16:29:54,0.0736705,0.08103755,0.0736705,0.06630345,0
BULLAUSDT,resident,新,1788597061000,09-05 16:31:01,0.0744165,0.08185815,0.0744165,0.06697485,0
BULLAUSDT,resident,新,1788597415000,09-05 16:36:55,0.073652,0.0810172,0.073652,0.0662868,0
BULLAUSDT,resident,新,1788597539000,09-05 16:38:59,0.0728645,0.08015095,0.0728645,0.06557805,0
BULLAUSDT,resident,新,1788597946000,09-05 16:45:46,0.073725,0.0810975,0.073725,0.0663525,0
BULLAUSDT,resident,新,1788597951000,09-05 16:45:51,0.075755,0.0833305,0.075755,0.0681795,0
BULLAUSDT,resident,新,1788597955000,09-05 16:45:55,0.0748255,0.08230805,0.0748255,0.06734295,0
BULLAUSDT,resident,新,1788598004000,09-05 16:46:44,0.0756115,0.08317265,0.0756115,0.06805035,0
BULLAUSDT,resident,新,1788598091000,09-05 16:48:11,0.074806,0.0822866,0.074806,0.0673254,0
BULLAUSDT,resident,新,1788598870000,09-05 17:01:10,0.0756385,0.08320235,0.0756385,0.06807465,0
BULLAUSDT,resident,新,1788598901000,09-05 17:01:41,0.074856,0.0823416,0.074856,0.0673704,0
BULLAUSDT,resident,新,1788598983000,09-05 17:03:03,0.0740835,0.08149185,0.0740835,0.06667515,0
BULLAUSDT,resident,新,1788599700000,09-05 17:15:00,0.0733255,0.08065805,0.0733255,0.06599295,0
BULLAUSDT,resident,新,1788599821000,09-05 17:17:01,0.074095,0.0815045,0.074095,0.0666855,0
BULLAUSDT,resident,新,1788600522000,09-05 17:28:42,0.073354,0.0806894,0.073354,0.0660186,0
BULLAUSDT,resident,新,1788600737000,09-05 17:32:17,0.0741145,0.08152595,0.0741145,0.06670305,0
BULLAUSDT,resident,新,1788600979000,09-05 17:36:19,0.073356,0.0806916,0.073356,0.0660204,0
BULLAUSDT,resident,新,1788601218000,09-05 17:40:18,0.074153,0.0815683,0.074153,0.0667377,0
BULLAUSDT,resident,新,1788601986000,09-05 17:53:06,0.0734015,0.08074165,0.0734015,0.06606135,0
BULLAUSDT,resident,新,1788602006000,09-05 17:53:26,0.0726405,0.07990455,0.0726405,0.06537645,0
BULLAUSDT,resident,新,1788602024000,09-05 17:53:44,0.0717875,0.07896625,0.0717875,0.06460875,0
BULLAUSDT,resident,新,1788602054000,09-05 17:54:14,0.0710525,0.07815775,0.0710525,0.06394725,0
BULLAUSDT,resident,新,1788602063000,09-05 17:54:23,0.070335,0.0773685,0.070335,0.0633015,0
BULLAUSDT,resident,新,1788602092000,09-05 17:54:52,0.0694935,0.07644285,0.0694935,0.06254415,0
BULLAUSDT,resident,新,1788602105000,09-05 17:55:05,0.0687165,0.07558815,0.0687165,0.06184485,0
BULLAUSDT,resident,新,1788602115000,09-05 17:55:15,0.0695875,0.07654625,0.0695875,0.06262875,0
BULLAUSDT,resident,新,1788602141000,09-05 17:55:41,0.070318,0.0773498,0.070318,0.0632862,0
BULLAUSDT,resident,新,1788602194000,09-05 17:56:34,0.0711295,0.07824245,0.0711295,0.06401655,0
BULLAUSDT,resident,新,1788602240000,09-05 17:57:20,0.070334,0.0773674,0.070334,0.0633006,0
BULLAUSDT,resident,新,1788602350000,09-05 17:59:10,0.069619,0.0765809,0.069619,0.0626571,0
BULLAUSDT,resident,新,1788602532000,09-05 18:02:12,0.068885,0.0757735,0.068885,0.0619965,0
BULLAUSDT,resident,新,1788602539000,09-05 18:02:19,0.0677845,0.07456295,0.0677845,0.06100605,0
BULLAUSDT,resident,新,1788602549000,09-05 18:02:29,0.06706,0.073766,0.06706,0.060354,0
BULLAUSDT,resident,新,1788602553000,09-05 18:02:33,0.066263,0.0728893,0.066263,0.0596367,0
BULLAUSDT,resident,新,1788602604000,09-05 18:03:24,0.0670115,0.07371265,0.0670115,0.06031035,0
BULLAUSDT,resident,新,1788602607000,09-05 18:03:27,0.0677905,0.07456955,0.0677905,0.06101145,0
BULLAUSDT,resident,新,1788602619000,09-05 18:03:39,0.067024,0.0737264,0.067024,0.0603216,0
BULLAUSDT,resident,新,1788602647000,09-05 18:04:07,0.066281,0.0729091,0.066281,0.0596529,0
BULLAUSDT,resident,新,1788602668000,09-05 18:04:28,0.06703,0.073733,0.06703,0.060327,0
BULLAUSDT,resident,新,1788602681000,09-05 18:04:41,0.067702,0.0744722,0.067702,0.0609318,0
BULLAUSDT,resident,新,1788602694000,09-05 18:04:54,0.066994,0.0736934,0.066994,0.0602946,0
BULLAUSDT,resident,新,1788602793000,09-05 18:06:33,0.066297,0.0729267,0.066297,0.0596673,0
BULLAUSDT,resident,新,1788602818000,09-05 18:06:58,0.067094,0.0738034,0.067094,0.0603846,0
BULLAUSDT,resident,新,1788602861000,09-05 18:07:41,0.067799,0.0745789,0.067799,0.0610191,0
BULLAUSDT,resident,新,1788602894000,09-05 18:08:14,0.069098,0.0760078,0.069098,0.0621882,0
BULLAUSDT,resident,新,1788602906000,09-05 18:08:26,0.068217,0.0750387,0.068217,0.0613953,0
BULLAUSDT,resident,新,1788602929000,09-05 18:08:49,0.0675305,0.07428355,0.0675305,0.06077745,0
BULLAUSDT,resident,新,1788602933000,09-05 18:08:53,0.066851,0.0735361,0.066851,0.0601659,0
BULLAUSDT,resident,新,1788602958000,09-05 18:09:18,0.065964,0.0725604,0.065964,0.0593676,0
BULLAUSDT,resident,新,1788602989000,09-05 18:09:49,0.066728,0.0734008,0.066728,0.0600552,0
BULLAUSDT,resident,新,1788603002000,09-05 18:10:02,0.065976,0.0725736,0.065976,0.0593784,0
BULLAUSDT,resident,新,1788603028000,09-05 18:10:28,0.0667225,0.07339475,0.0667225,0.06005025,0
BULLAUSDT,resident,新,1788603034000,09-05 18:10:34,0.0675045,0.07425495,0.0675045,0.06075405,0
BULLAUSDT,resident,新,1788603037000,09-05 18:10:37,0.068418,0.0752598,0.068418,0.0615762,0
BULLAUSDT,resident,新,1788603099000,09-05 18:11:39,0.06755,0.074305,0.06755,0.060795,0
BULLAUSDT,resident,新,1788603122000,09-05 18:12:02,0.0682525,0.07507775,0.0682525,0.06142725,0
BULLAUSDT,resident,新,1788603128000,09-05 18:12:08,0.067502,0.0742522,0.067502,0.0607518,0
BULLAUSDT,resident,新,1788603159000,09-05 18:12:39,0.0668205,0.07350255,0.0668205,0.06013845,0
BULLAUSDT,resident,新,1788603208000,09-05 18:13:28,0.067501,0.0742511,0.067501,0.0607509,0
BULLAUSDT,resident,新,1788603378000,09-05 18:16:18,0.066619,0.0732809,0.066619,0.0599571,0
BULLAUSDT,resident,新,1788603484000,09-05 18:18:04,0.0658945,0.07248395,0.0658945,0.05930505,0
BULLAUSDT,resident,新,1788603487000,09-05 18:18:07,0.064854,0.0713394,0.064854,0.0583686,0
BULLAUSDT,resident,新,1788603554000,09-05 18:19:14,0.0656245,0.07218695,0.0656245,0.05906205,0
BULLAUSDT,resident,新,1788603602000,09-05 18:20:02,0.0649545,0.07144995,0.0649545,0.05845905,0
BULLAUSDT,resident,新,1788603675000,09-05 18:21:15,0.0638935,0.07028285,0.0638935,0.05750415,0
BULLAUSDT,resident,新,1788603676000,09-05 18:21:16,0.0627415,0.06901565,0.0627415,0.05646735,0
BULLAUSDT,resident,新,1788603702000,09-05 18:21:42,0.0618695,0.06805645,0.0618695,0.05568255,0
BULLAUSDT,resident,新,1788603704000,09-05 18:21:44,0.061157,0.0672727,0.061157,0.0550413,0
BULLAUSDT,resident,新,1788603721000,09-05 18:22:01,0.0604025,0.06644275,0.0604025,0.05436225,0
BULLAUSDT,resident,新,1788603745000,09-05 18:22:25,0.0610555,0.06716105,0.0610555,0.05494995,0
BULLAUSDT,resident,新,1788603785000,09-05 18:23:05,0.0602645,0.06629095,0.0602645,0.05423805,0
BULLAUSDT,resident,新,1788603792000,09-05 18:23:12,0.060938,0.0670318,0.060938,0.0548442,0
BULLAUSDT,resident,新,1788603816000,09-05 18:23:36,0.0615545,0.06770995,0.0615545,0.05539905,0
BULLAUSDT,resident,新,1788603845000,09-05 18:24:05,0.0609175,0.06700925,0.0609175,0.05482575,0
BULLAUSDT,resident,新,1788603871000,09-05 18:24:31,0.0616115,0.06777265,0.0616115,0.05545035,0
BULLAUSDT,resident,新,1788603904000,09-05 18:25:04,0.060922,0.0670142,0.060922,0.0548298,0
BULLAUSDT,resident,新,1788603919000,09-05 18:25:19,0.0602645,0.06629095,0.0602645,0.05423805,0
BULLAUSDT,resident,新,1788603923000,09-05 18:25:23,0.0591155,0.06502705,0.0591155,0.05320395,0
BULLAUSDT,resident,新,1788603928000,09-05 18:25:28,0.059742,0.0657162,0.059742,0.0537678,0
BULLAUSDT,resident,新,1788603948000,09-05 18:25:48,0.0605595,0.06661545,0.0605595,0.05450355,0
BULLAUSDT,resident,新,1788604016000,09-05 18:26:56,0.0598295,0.06581245,0.0598295,0.05384655,0
BULLAUSDT,resident,新,1788604051000,09-05 18:27:31,0.0606965,0.06676615,0.0606965,0.05462685,0
BULLAUSDT,resident,新,1788604053000,09-05 18:27:33,0.0615605,0.06771655,0.0615605,0.05540445,0
BULLAUSDT,resident,新,1788604059000,09-05 18:27:39,0.060929,0.0670219,0.060929,0.0548361,0
BULLAUSDT,resident,新,1788604131000,09-05 18:28:51,0.061568,0.0677248,0.061568,0.0554112,0
BULLAUSDT,resident,新,1788604177000,09-05 18:29:37,0.0609275,0.06702025,0.0609275,0.05483475,0
BULLAUSDT,resident,新,1788604207000,09-05 18:30:07,0.060296,0.0663256,0.060296,0.0542664,0
BULLAUSDT,resident,新,1788604276000,09-05 18:31:16,0.060906,0.0669966,0.060906,0.0548154,0
BULLAUSDT,resident,新,1788604352000,09-05 18:32:32,0.0616485,0.06781335,0.0616485,0.05548365,0
BULLAUSDT,resident,新,1788604361000,09-05 18:32:41,0.0609815,0.06707965,0.0609815,0.05488335,0
BULLAUSDT,resident,新,1788604476000,09-05 18:34:36,0.0616005,0.06776055,0.0616005,0.05544045,0
BULLAUSDT,resident,新,1788604503000,09-05 18:35:03,0.0608765,0.06696415,0.0608765,0.05478885,0
BULLAUSDT,resident,新,1788604521000,09-05 18:35:21,0.061499,0.0676489,0.061499,0.0553491,0
BULLAUSDT,resident,新,1788604593000,09-05 18:36:33,0.060717,0.0667887,0.060717,0.0546453,0
BULLAUSDT,resident,新,1788604625000,09-05 18:37:05,0.060041,0.0660451,0.060041,0.0540369,0
BULLAUSDT,resident,新,1788604633000,09-05 18:37:13,0.0607135,0.06678485,0.0607135,0.05464215,0
BULLAUSDT,resident,新,1788604808000,09-05 18:40:08,0.0596445,0.06560895,0.0596445,0.05368005,0
BULLAUSDT,resident,新,1788604811000,09-05 18:40:11,0.060277,0.0663047,0.060277,0.0542493,0
BULLAUSDT,resident,新,1788604827000,09-05 18:40:27,0.0594985,0.06544835,0.0594985,0.05354865,0
BULLAUSDT,resident,新,1788604840000,09-05 18:40:40,0.060112,0.0661232,0.060112,0.0541008,0
BULLAUSDT,resident,新,1788604868000,09-05 18:41:08,0.060769,0.0668459,0.060769,0.0546921,0
BULLAUSDT,resident,新,1788604925000,09-05 18:42:05,0.05991,0.065901,0.05991,0.053919,0
BULLAUSDT,resident,新,1788604936000,09-05 18:42:16,0.05904,0.064944,0.05904,0.053136,0
BULLAUSDT,resident,新,1788604941000,09-05 18:42:21,0.0596315,0.06559465,0.0596315,0.05366835,0
BULLAUSDT,resident,新,1788604966000,09-05 18:42:46,0.05899,0.064889,0.05899,0.053091,0
BULLAUSDT,resident,新,1788604992000,09-05 18:43:12,0.0595805,0.06553855,0.0595805,0.05362245,0
BULLAUSDT,resident,新,1788605000000,09-05 18:43:20,0.05898,0.064878,0.05898,0.053082,0
BULLAUSDT,resident,新,1788605017000,09-05 18:43:37,0.0582825,0.06411075,0.0582825,0.05245425,0
BULLAUSDT,resident,新,1788605028000,09-05 18:43:48,0.0588765,0.06476415,0.0588765,0.05298885,0
BULLAUSDT,resident,新,1788605101000,09-05 18:45:01,0.05824,0.064064,0.05824,0.052416,0
BULLAUSDT,resident,新,1788605113000,09-05 18:45:13,0.057599,0.0633589,0.057599,0.0518391,0
BULLAUSDT,resident,新,1788605115000,09-05 18:45:15,0.058357,0.0641927,0.058357,0.0525213,0
BULLAUSDT,resident,新,1788605120000,09-05 18:45:20,0.059063,0.0649693,0.059063,0.0531567,0
BULLAUSDT,resident,新,1788605144000,09-05 18:45:44,0.0583485,0.06418335,0.0583485,0.05251365,0
BULLAUSDT,resident,新,1788605161000,09-05 18:46:01,0.0590395,0.06494345,0.0590395,0.05313555,0
BULLAUSDT,resident,新,1788605185000,09-05 18:46:25,0.0596585,0.06562435,0.0596585,0.05369265,0
BULLAUSDT,resident,新,1788605199000,09-05 18:46:39,0.0602905,0.06631955,0.0602905,0.05426145,0
BULLAUSDT,resident,新,1788605223000,09-05 18:47:03,0.060966,0.0670626,0.060966,0.0548694,0
BULLAUSDT,resident,新,1788605234000,09-05 18:47:14,0.062652,0.0689172,0.062652,0.0563868,0
BULLAUSDT,resident,新,1788605236000,09-05 18:47:16,0.063362,0.0696982,0.063362,0.0570258,0
BULLAUSDT,resident,新,1788605238000,09-05 18:47:18,0.06261,0.068871,0.06261,0.056349,0
BULLAUSDT,resident,新,1788605255000,09-05 18:47:35,0.0634955,0.06984505,0.0634955,0.05714595,0
BULLAUSDT,resident,新,1788605263000,09-05 18:47:43,0.065135,0.0716485,0.065135,0.0586215,0
BULLAUSDT,resident,新,1788605267000,09-05 18:47:47,0.0643015,0.07073165,0.0643015,0.05787135,0
BULLAUSDT,resident,新,1788605271000,09-05 18:47:51,0.0649685,0.07146535,0.0649685,0.05847165,0
BULLAUSDT,resident,新,1788605281000,09-05 18:48:01,0.0642565,0.07068215,0.0642565,0.05783085,0
BULLAUSDT,resident,新,1788605285000,09-05 18:48:05,0.06496,0.071456,0.06496,0.058464,0
BULLAUSDT,resident,新,1788605297000,09-05 18:48:17,0.064167,0.0705837,0.064167,0.0577503,0
BULLAUSDT,resident,新,1788605303000,09-05 18:48:23,0.0634615,0.06980765,0.0634615,0.05711535,0
BULLAUSDT,resident,新,1788605315000,09-05 18:48:35,0.0642245,0.07064695,0.0642245,0.05780205,0
BULLAUSDT,resident,新,1788605344000,09-05 18:49:04,0.063535,0.0698885,0.063535,0.0571815,0
BULLAUSDT,resident,新,1788605496000,09-05 18:51:36,0.0628465,0.06913115,0.0628465,0.05656185,0
BULLAUSDT,resident,新,1788605504000,09-05 18:51:44,0.062085,0.0682935,0.062085,0.0558765,0
BULLAUSDT,resident,新,1788605527000,09-05 18:52:07,0.062735,0.0690085,0.062735,0.0564615,0
BULLAUSDT,resident,新,1788605553000,09-05 18:52:33,0.0633625,0.06969875,0.0633625,0.05702625,0
BULLAUSDT,resident,新,1788605577000,09-05 18:52:57,0.0627205,0.06899255,0.0627205,0.05644845,0
BULLAUSDT,resident,新,1788605656000,09-05 18:54:16,0.063478,0.0698258,0.063478,0.0571302,0
BULLAUSDT,resident,新,1788605659000,09-05 18:54:19,0.064455,0.0709005,0.064455,0.0580095,0
BULLAUSDT,resident,新,1788605693000,09-05 18:54:53,0.0637845,0.07016295,0.0637845,0.05740605,0
BULLAUSDT,resident,新,1788605824000,09-05 18:57:04,0.0644965,0.07094615,0.0644965,0.05804685,0
BULLAUSDT,resident,新,1788605850000,09-05 18:57:30,0.0636825,0.07005075,0.0636825,0.05731425,0
BULLAUSDT,resident,新,1788605881000,09-05 18:58:01,0.0644675,0.07091425,0.0644675,0.05802075,0
BULLAUSDT,resident,新,1788605967000,09-05 18:59:27,0.0652235,0.07174585,0.0652235,0.05870115,0
BULLAUSDT,resident,新,1788605975000,09-05 18:59:35,0.0645445,0.07099895,0.0645445,0.05809005,0
BULLAUSDT,resident,新,1788606014000,09-05 19:00:14,0.063808,0.0701888,0.063808,0.0574272,0
BULLAUSDT,resident,新,1788606043000,09-05 19:00:43,0.062972,0.0692692,0.062972,0.0566748,0
BULLAUSDT,resident,新,1788606077000,09-05 19:01:17,0.063683,0.0700513,0.063683,0.0573147,0
BULLAUSDT,resident,新,1788606123000,09-05 19:02:03,0.064397,0.0708367,0.064397,0.0579573,0
BULLAUSDT,resident,新,1788606144000,09-05 19:02:24,0.063632,0.0699952,0.063632,0.0572688,0
BULLAUSDT,resident,新,1788606246000,09-05 19:04:06,0.0629695,0.06926645,0.0629695,0.05667255,0
BULLAUSDT,resident,新,1788606379000,09-05 19:06:19,0.06229,0.068519,0.06229,0.056061,0
BULLAUSDT,resident,新,1788606388000,09-05 19:06:28,0.06165,0.067815,0.06165,0.055485,0
BULLAUSDT,resident,新,1788606396000,09-05 19:06:36,0.062346,0.0685806,0.062346,0.0561114,0
BULLAUSDT,resident,新,1788606579000,09-05 19:09:39,0.061578,0.0677358,0.061578,0.0554202,0
BULLAUSDT,resident,新,1788606591000,09-05 19:09:51,0.060841,0.0669251,0.060841,0.0547569,0
BULLAUSDT,resident,新,1788606630000,09-05 19:10:30,0.059694,0.0656634,0.059694,0.0537246,0
BULLAUSDT,resident,新,1788606647000,09-05 19:10:47,0.0589675,0.06486425,0.0589675,0.05307075,0
BULLAUSDT,resident,新,1788606660000,09-05 19:11:00,0.0583455,0.06418005,0.0583455,0.05251095,0
BULLAUSDT,resident,新,1788606662000,09-05 19:11:02,0.057649,0.0634139,0.057649,0.0518841,0
BULLAUSDT,resident,新,1788606668000,09-05 19:11:08,0.0583615,0.06419765,0.0583615,0.05252535,0
BULLAUSDT,resident,新,1788606721000,09-05 19:12:01,0.057738,0.0635118,0.057738,0.0519642,0
BULLAUSDT,resident,新,1788606732000,09-05 19:12:12,0.0570835,0.06279185,0.0570835,0.05137515,0
BULLAUSDT,resident,新,1788606743000,09-05 19:12:23,0.0578315,0.06361465,0.0578315,0.05204835,0
BULLAUSDT,resident,新,1788606773000,09-05 19:12:53,0.0584215,0.06426365,0.0584215,0.05257935,0
BULLAUSDT,resident,新,1788606780000,09-05 19:13:00,0.057828,0.0636108,0.057828,0.0520452,0
BULLAUSDT,resident,新,1788606799000,09-05 19:13:19,0.057249,0.0629739,0.057249,0.0515241,0
BULLAUSDT,resident,新,1788606812000,09-05 19:13:32,0.0562715,0.06189865,0.0562715,0.05064435,0
BULLAUSDT,resident,新,1788606817000,09-05 19:13:37,0.055652,0.0612172,0.055652,0.0500868,0
BULLAUSDT,resident,新,1788606821000,09-05 19:13:41,0.054954,0.0604494,0.054954,0.0494586,0
BULLAUSDT,resident,新,1788606825000,09-05 19:13:45,0.0543975,0.05983725,0.0543975,0.04895775,0
BULLAUSDT,resident,新,1788606838000,09-05 19:13:58,0.0549465,0.06044115,0.0549465,0.04945185,0
BULLAUSDT,resident,新,1788606841000,09-05 19:14:01,0.054371,0.0598081,0.054371,0.0489339,0
BULLAUSDT,resident,新,1788606858000,09-05 19:14:18,0.05514,0.060654,0.05514,0.049626,0
BULLAUSDT,resident,新,1788606869000,09-05 19:14:29,0.054498,0.0599478,0.054498,0.0490482,0
BULLAUSDT,resident,新,1788606920000,09-05 19:15:20,0.053879,0.0592669,0.053879,0.0484911,0
BULLAUSDT,resident,新,1788606985000,09-05 19:16:25,0.054462,0.0599082,0.054462,0.0490158,0
BULLAUSDT,resident,新,1788606990000,09-05 19:16:30,0.05533,0.060863,0.05533,0.049797,0
BULLAUSDT,resident,新,1788606993000,09-05 19:16:33,0.0562005,0.06182055,0.0562005,0.05058045,0
BULLAUSDT,resident,新,1788606997000,09-05 19:16:37,0.0555835,0.06114185,0.0555835,0.05002515,0
BULLAUSDT,resident,新,1788607012000,09-05 19:16:52,0.05621,0.061831,0.05621,0.050589,0
BULLAUSDT,resident,新,1788607125000,09-05 19:18:45,0.055596,0.0611556,0.055596,0.0500364,0
BULLAUSDT,resident,新,1788607205000,09-05 19:20:05,0.05629,0.061919,0.05629,0.050661,0
BULLAUSDT,resident,新,1788607207000,09-05 19:20:07,0.057343,0.0630773,0.057343,0.0516087,0
BULLAUSDT,resident,新,1788607290000,09-05 19:21:30,0.056741,0.0624151,0.056741,0.0510669,0
BULLAUSDT,resident,新,1788607431000,09-05 19:23:51,0.056093,0.0617023,0.056093,0.0504837,0
BULLAUSDT,resident,新,1788607515000,09-05 19:25:15,0.056663,0.0623293,0.056663,0.0509967,0
BULLAUSDT,resident,新,1788607604000,09-05 19:26:44,0.0560955,0.06170505,0.0560955,0.05048595,0
BULLAUSDT,resident,新,1788607615000,09-05 19:26:55,0.0554625,0.06100875,0.0554625,0.04991625,0
BULLAUSDT,resident,新,1788607640000,09-05 19:27:20,0.056049,0.0616539,0.056049,0.0504441,0
BULLAUSDT,resident,新,1788607719000,09-05 19:28:39,0.0554735,0.06102085,0.0554735,0.04992615,0
BULLAUSDT,resident,新,1788607739000,09-05 19:28:59,0.0547575,0.06023325,0.0547575,0.04928175,0
BULLAUSDT,resident,新,1788607775000,09-05 19:29:35,0.055313,0.0608443,0.055313,0.0497817,0
BULLAUSDT,resident,新,1788607814000,09-05 19:30:14,0.0559395,0.06153345,0.0559395,0.05034555,0
BULLAUSDT,resident,新,1788607820000,09-05 19:30:20,0.056753,0.0624283,0.056753,0.0510777,0
BULLAUSDT,resident,新,1788607821000,09-05 19:30:21,0.057415,0.0631565,0.057415,0.0516735,0
BULLAUSDT,resident,新,1788607831000,09-05 19:30:31,0.0580195,0.06382145,0.0580195,0.05221755,0
BULLAUSDT,resident,新,1788607851000,09-05 19:30:51,0.0572715,0.06299865,0.0572715,0.05154435,0
BULLAUSDT,resident,新,1788608102000,09-05 19:35:02,0.0566915,0.06236065,0.0566915,0.05102235,0
BULLAUSDT,resident,新,1788608179000,09-05 19:36:19,0.057265,0.0629915,0.057265,0.0515385,0
BULLAUSDT,resident,新,1788608196000,09-05 19:36:36,0.056635,0.0622985,0.056635,0.0509715,0
BULLAUSDT,resident,新,1788608217000,09-05 19:36:57,0.056068,0.0616748,0.056068,0.0504612,0
BULLAUSDT,resident,新,1788608245000,09-05 19:37:25,0.056722,0.0623942,0.056722,0.0510498,0
BULLAUSDT,resident,新,1788608442000,09-05 19:40:42,0.0561335,0.06174685,0.0561335,0.05052015,0
BULLAUSDT,resident,新,1788608595000,09-05 19:43:15,0.0566955,0.06236505,0.0566955,0.05102595,0
BULLAUSDT,resident,新,1788608690000,09-05 19:44:50,0.0572775,0.06300525,0.0572775,0.05154975,0
BULLAUSDT,resident,新,1788608703000,09-05 19:45:03,0.0565715,0.06222865,0.0565715,0.05091435,0
BULLAUSDT,resident,新,1788608723000,09-05 19:45:23,0.055938,0.0615318,0.055938,0.0503442,0
BULLAUSDT,resident,新,1788608737000,09-05 19:45:37,0.0565505,0.06220555,0.0565505,0.05089545,0
BULLAUSDT,resident,新,1788608793000,09-05 19:46:33,0.055975,0.0615725,0.055975,0.0503775,0
BULLAUSDT,resident,新,1788608812000,09-05 19:46:52,0.056574,0.0622314,0.056574,0.0509166,0
BULLAUSDT,resident,新,1788608837000,09-05 19:47:17,0.0571585,0.06287435,0.0571585,0.05144265,0
BULLAUSDT,resident,新,1788608859000,09-05 19:47:39,0.057804,0.0635844,0.057804,0.0520236,0
BULLAUSDT,resident,新,1788608911000,09-05 19:48:31,0.0568055,0.06248605,0.0568055,0.05112495,0
BULLAUSDT,resident,新,1788609257000,09-05 19:54:17,0.0573855,0.06312405,0.0573855,0.05164695,0
BULLAUSDT,resident,新,1788609360000,09-05 19:56:00,0.058143,0.0639573,0.058143,0.0523287,0
BULLAUSDT,resident,新,1788609361000,09-05 19:56:01,0.0590395,0.06494345,0.0590395,0.05313555,0
BULLAUSDT,resident,新,1788609387000,09-05 19:56:27,0.059672,0.0656392,0.059672,0.0537048,0
BULLAUSDT,resident,新,1788609453000,09-05 19:57:33,0.0588715,0.06475865,0.0588715,0.05298435,0
BULLAUSDT,resident,新,1788609615000,09-05 20:00:15,0.057994,0.0637934,0.057994,0.0521946,0
BULLAUSDT,resident,新,1788609632000,09-05 20:00:32,0.058577,0.0644347,0.058577,0.0527193,0
BULLAUSDT,resident,新,1788609690000,09-05 20:01:30,0.0592165,0.06513815,0.0592165,0.05329485,0
BULLAUSDT,resident,新,1788609829000,09-05 20:03:49,0.059812,0.0657932,0.059812,0.0538308,0
BULLAUSDT,resident,新,1788609833000,09-05 20:03:53,0.060412,0.0664532,0.060412,0.0543708,0
BULLAUSDT,resident,新,1788609842000,09-05 20:04:02,0.0614925,0.06764175,0.0614925,0.05534325,0
BULLAUSDT,resident,新,1788609868000,09-05 20:04:28,0.0608145,0.06689595,0.0608145,0.05473305,0
BULLAUSDT,resident,新,1788610142000,09-05 20:09:02,0.061427,0.0675697,0.061427,0.0552843,0
BULLAUSDT,resident,新,1788610211000,09-05 20:10:11,0.062043,0.0682473,0.062043,0.0558387,0
BULLAUSDT,resident,新,1788610383000,09-05 20:13:03,0.0613005,0.06743055,0.0613005,0.05517045,0
BULLAUSDT,resident,新,1788610585000,09-05 20:16:25,0.0620985,0.06830835,0.0620985,0.05588865,0
BULLAUSDT,resident,新,1788610654000,09-05 20:17:34,0.0614475,0.06759225,0.0614475,0.05530275,0
BULLAUSDT,resident,新,1788610699000,09-05 20:18:19,0.062066,0.0682726,0.062066,0.0558594,0
BULLAUSDT,resident,新,1788611108000,09-05 20:25:08,0.0614255,0.06756805,0.0614255,0.05528295,0
BULLAUSDT,resident,新,1788611119000,09-05 20:25:19,0.062045,0.0682495,0.062045,0.0558405,0
BULLAUSDT,resident,新,1788611367000,09-05 20:29:27,0.0628095,0.06909045,0.0628095,0.05652855,0
BULLAUSDT,resident,新,1788611380000,09-05 20:29:40,0.063837,0.0702207,0.063837,0.0574533,0
BULLAUSDT,resident,新,1788611417000,09-05 20:30:17,0.063119,0.0694309,0.063119,0.0568071,0
BULLAUSDT,resident,新,1788611538000,09-05 20:32:18,0.0624575,0.06870325,0.0624575,0.05621175,0
BULLAUSDT,resident,新,1788611592000,09-05 20:33:12,0.0631985,0.06951835,0.0631985,0.05687865,0
BULLAUSDT,resident,新,1788611650000,09-05 20:34:10,0.0625575,0.06881325,0.0625575,0.05630175,0
BULLAUSDT,resident,新,1788612252000,09-05 20:44:12,0.0619265,0.06811915,0.0619265,0.05573385,0
BULLAUSDT,resident,新,1788612262000,09-05 20:44:22,0.0626285,0.06889135,0.0626285,0.05636565,0
BULLAUSDT,resident,新,1788612284000,09-05 20:44:44,0.063497,0.0698467,0.063497,0.0571473,0
BULLAUSDT,resident,新,1788612293000,09-05 20:44:53,0.065534,0.0720874,0.065534,0.0589806,0
BULLAUSDT,resident,新,1788612366000,09-05 20:46:06,0.0648195,0.07130145,0.0648195,0.05833755,0
BULLAUSDT,resident,新,1788612378000,09-05 20:46:18,0.0639315,0.07032465,0.0639315,0.05753835,0
BULLAUSDT,resident,新,1788612561000,09-05 20:49:21,0.0646655,0.07113205,0.0646655,0.05819895,0
BULLAUSDT,resident,新,1788612720000,09-05 20:52:00,0.0640065,0.07040715,0.0640065,0.05760585,0
BULLAUSDT,resident,新,1788612926000,09-05 20:55:26,0.0647415,0.07121565,0.0647415,0.05826735,0
BULLAUSDT,resident,新,1788613184000,09-05 20:59:44,0.0639705,0.07036755,0.0639705,0.05757345,0
BULLAUSDT,resident,新,1788613193000,09-05 20:59:53,0.0632595,0.06958545,0.0632595,0.05693355,0
BULLAUSDT,resident,新,1788613229000,09-05 21:00:29,0.0638925,0.07028175,0.0638925,0.05750325,0
BULLAUSDT,resident,新,1788613670000,09-05 21:07:50,0.063246,0.0695706,0.063246,0.0569214,0
BULLAUSDT,resident,新,1788613684000,09-05 21:08:04,0.062543,0.0687973,0.062543,0.0562887,0
BULLAUSDT,resident,新,1788613714000,09-05 21:08:34,0.0632,0.06952,0.0632,0.05688,0
BULLAUSDT,resident,新,1788614017000,09-05 21:13:37,0.0638325,0.07021575,0.0638325,0.05744925,0
BULLAUSDT,resident,新,1788614358000,09-05 21:19:18,0.0645985,0.07105835,0.0645985,0.05813865,0
BULLAUSDT,resident,新,1788614593000,09-05 21:23:13,0.063944,0.0703384,0.063944,0.0575496,0
BULLAUSDT,resident,新,1788614691000,09-05 21:24:51,0.064594,0.0710534,0.064594,0.0581346,0
BULLAUSDT,resident,新,1788614869000,09-05 21:27:49,0.0637765,0.07015415,0.0637765,0.05739885,0
BULLAUSDT,resident,新,1788615026000,09-05 21:30:26,0.0631375,0.06945125,0.0631375,0.05682375,0
BULLAUSDT,resident,新,1788615121000,09-05 21:32:01,0.062432,0.0686752,0.062432,0.0561888,0
BULLAUSDT,resident,新,1788615122000,09-05 21:32:02,0.061194,0.0673134,0.061194,0.0550746,0
BULLAUSDT,resident,新,1788615126000,09-05 21:32:06,0.0603995,0.06643945,0.0603995,0.05435955,0
BULLAUSDT,resident,新,1788615132000,09-05 21:32:12,0.059748,0.0657228,0.059748,0.0537732,0
BULLAUSDT,resident,新,1788615140000,09-05 21:32:20,0.060353,0.0663883,0.060353,0.0543177,0
BULLAUSDT,resident,新,1788615147000,09-05 21:32:27,0.059745,0.0657195,0.059745,0.0537705,0
BULLAUSDT,resident,新,1788615185000,09-05 21:33:05,0.059005,0.0649055,0.059005,0.0531045,0
BULLAUSDT,resident,新,1788615213000,09-05 21:33:33,0.059601,0.0655611,0.059601,0.0536409,0
BULLAUSDT,resident,新,1788615380000,09-05 21:36:20,0.0602265,0.06624915,0.0602265,0.05420385,0
BULLAUSDT,resident,新,1788615783000,09-05 21:43:03,0.059552,0.0655072,0.059552,0.0535968,0
BULLAUSDT,resident,新,1788615811000,09-05 21:43:31,0.060148,0.0661628,0.060148,0.0541332,0
BULLAUSDT,resident,新,1788615847000,09-05 21:44:07,0.059056,0.0649616,0.059056,0.0531504,0
BULLAUSDT,resident,新,1788615967000,09-05 21:46:07,0.059714,0.0656854,0.059714,0.0537426,0
BULLAUSDT,resident,新,1788615995000,09-05 21:46:35,0.0590995,0.06500945,0.0590995,0.05318955,0
BULLAUSDT,resident,新,1788616390000,09-05 21:53:10,0.0597175,0.06568925,0.0597175,0.05374575,0
BULLAUSDT,resident,新,1788616455000,09-05 21:54:15,0.0605455,0.06660005,0.0605455,0.05449095,0
BULLAUSDT,resident,新,1788616501000,09-05 21:55:01,0.059857,0.0658427,0.059857,0.0538713,0
BULLAUSDT,resident,新,1788616641000,09-05 21:57:21,0.060461,0.0665071,0.060461,0.0544149,0
BULLAUSDT,resident,新,1788617026000,09-05 22:03:46,0.059838,0.0658218,0.059838,0.0538542,0
BULLAUSDT,resident,新,1788617706000,09-05 22:15:06,0.0591925,0.06511175,0.0591925,0.05327325,0
BULLAUSDT,resident,新,1788617761000,09-05 22:16:01,0.059816,0.0657976,0.059816,0.0538344,0
BULLAUSDT,resident,新,1788618364000,09-05 22:26:04,0.0606995,0.06676945,0.0606995,0.05462955,0
BULLAUSDT,resident,新,1788618377000,09-05 22:26:17,0.0617485,0.06792335,0.0617485,0.05557365,0
BULLAUSDT,resident,新,1788618403000,09-05 22:26:43,0.0628925,0.06918175,0.0628925,0.05660325,0
BULLAUSDT,resident,新,1788618406000,09-05 22:26:46,0.0646805,0.07114855,0.0646805,0.05821245,0
BULLAUSDT,resident,新,1788618409000,09-05 22:26:49,0.063928,0.0703208,0.063928,0.0575352,0
BULLAUSDT,resident,新,1788618429000,09-05 22:27:09,0.0631775,0.06949525,0.0631775,0.05685975,0
BULLAUSDT,resident,新,1788618564000,09-05 22:29:24,0.0638275,0.07021025,0.0638275,0.05744475,0
BULLAUSDT,resident,新,1788618585000,09-05 22:29:45,0.063029,0.0693319,0.063029,0.0567261,0
BULLAUSDT,resident,新,1788618610000,09-05 22:30:10,0.0636725,0.07003975,0.0636725,0.05730525,0
BULLAUSDT,resident,新,1788618617000,09-05 22:30:17,0.064543,0.0709973,0.064543,0.0580887,0
BULLAUSDT,resident,新,1788618620000,09-05 22:30:20,0.0654615,0.07200765,0.0654615,0.05891535,0
BULLAUSDT,resident,新,1788618625000,09-05 22:30:25,0.0646445,0.07110895,0.0646445,0.05818005,0
BULLAUSDT,resident,新,1788618643000,09-05 22:30:43,0.065425,0.0719675,0.065425,0.0588825,0
BULLAUSDT,resident,新,1788618659000,09-05 22:30:59,0.0662095,0.07283045,0.0662095,0.05958855,0
BULLAUSDT,resident,新,1788618661000,09-05 22:31:01,0.067575,0.0743325,0.067575,0.0608175,0
BULLAUSDT,resident,新,1788618684000,09-05 22:31:24,0.0682585,0.07508435,0.0682585,0.06143265,0
BULLAUSDT,resident,新,1788618695000,09-05 22:31:35,0.067553,0.0743083,0.067553,0.0607977,0
BULLAUSDT,resident,新,1788618702000,09-05 22:31:42,0.0685235,0.07537585,0.0685235,0.06167115,0
BULLAUSDT,resident,新,1788618739000,09-05 22:32:19,0.069247,0.0761717,0.069247,0.0623223,0
BULLAUSDT,resident,新,1788618782000,09-05 22:33:02,0.0703455,0.07738005,0.0703455,0.06331095,0
BULLAUSDT,resident,新,1788618784000,09-05 22:33:04,0.0695965,0.07655615,0.0695965,0.06263685,0
BULLAUSDT,resident,新,1788618812000,09-05 22:33:32,0.068874,0.0757614,0.068874,0.0619866,0
BULLAUSDT,resident,新,1788618965000,09-05 22:36:05,0.069573,0.0765303,0.069573,0.0626157,0
BULLAUSDT,resident,新,1788618980000,09-05 22:36:20,0.0687235,0.07559585,0.0687235,0.06185115,0
BULLAUSDT,resident,新,1788619026000,09-05 22:37:06,0.069476,0.0764236,0.069476,0.0625284,0
BULLAUSDT,resident,新,1788619047000,09-05 22:37:27,0.0701795,0.07719745,0.0701795,0.06316155,0
BULLAUSDT,resident,新,1788619076000,09-05 22:37:56,0.070896,0.0779856,0.070896,0.0638064,0
BULLAUSDT,resident,新,1788619081000,09-05 22:38:01,0.0700105,0.07701155,0.0700105,0.06300945,0
BULLAUSDT,resident,新,1788619088000,09-05 22:38:08,0.0708525,0.07793775,0.0708525,0.06376725,0
BULLAUSDT,resident,新,1788619127000,09-05 22:38:47,0.0699725,0.07696975,0.0699725,0.06297525,0
BULLAUSDT,resident,新,1788619157000,09-05 22:39:17,0.070763,0.0778393,0.070763,0.0636867,0
BULLAUSDT,resident,新,1788619275000,09-05 22:41:15,0.0715965,0.07875615,0.0715965,0.06443685,0
BULLAUSDT,resident,新,1788619379000,09-05 22:42:59,0.0724135,0.07965485,0.0724135,0.06517215,0
BULLAUSDT,resident,新,1788619536000,09-05 22:45:36,0.071656,0.0788216,0.071656,0.0644904,0
BULLAUSDT,resident,新,1788619595000,09-05 22:46:35,0.0724105,0.07965155,0.0724105,0.06516945,0
BULLAUSDT,resident,新,1788619624000,09-05 22:47:04,0.073189,0.0805079,0.073189,0.0658701,0
BULLAUSDT,resident,新,1788619643000,09-05 22:47:23,0.072398,0.0796378,0.072398,0.0651582,0
BULLAUSDT,resident,新,1788619804000,09-05 22:50:04,0.073191,0.0805101,0.073191,0.0658719,0
BULLAUSDT,resident,新,1788619805000,09-05 22:50:05,0.073977,0.0813747,0.073977,0.0665793,0
BULLAUSDT,resident,新,1788619819000,09-05 22:50:19,0.0747615,0.08223765,0.0747615,0.06728535,0
BULLAUSDT,resident,新,1788619824000,09-05 22:50:24,0.0738625,0.08124875,0.0738625,0.06647625,0
BULLAUSDT,resident,新,1788620068000,09-05 22:54:28,0.07308,0.080388,0.07308,0.065772,0
BULLAUSDT,resident,新,1788620148000,09-05 22:55:48,0.073847,0.0812317,0.073847,0.0664623,0
BULLAUSDT,resident,新,1788620192000,09-05 22:56:32,0.073033,0.0803363,0.073033,0.0657297,0
BULLAUSDT,resident,新,1788620203000,09-05 22:56:43,0.0722725,0.07949975,0.0722725,0.06504525,0
BULLAUSDT,resident,新,1788620210000,09-05 22:56:50,0.0730705,0.08037755,0.0730705,0.06576345,0
BULLAUSDT,resident,新,1788620249000,09-05 22:57:29,0.073828,0.0812108,0.073828,0.0664452,0
BULLAUSDT,resident,新,1788620409000,09-05 23:00:09,0.074614,0.0820754,0.074614,0.0671526,0
BULLAUSDT,resident,新,1788620445000,09-05 23:00:45,0.0737565,0.08113215,0.0737565,0.06638085,0
BULLAUSDT,resident,新,1788620584000,09-05 23:03:04,0.072917,0.0802087,0.072917,0.0656253,0
BULLAUSDT,resident,新,1788620675000,09-05 23:04:35,0.0737055,0.08107605,0.0737055,0.06633495,0
BULLAUSDT,resident,新,1788620703000,09-05 23:05:03,0.0746655,0.08213205,0.0746655,0.06719895,0
BULLAUSDT,resident,新,1788621098000,09-05 23:11:38,0.0754885,0.08303735,0.0754885,0.06793965,0
BULLAUSDT,resident,新,1788621168000,09-05 23:12:48,0.074694,0.0821634,0.074694,0.0672246,0
BULLAUSDT,resident,新,1788621421000,09-05 23:17:01,0.073612,0.0809732,0.073612,0.0662508,0
BULLAUSDT,resident,新,1788621688000,09-05 23:21:28,0.072865,0.0801515,0.072865,0.0655785,0
BULLAUSDT,resident,新,1788621850000,09-05 23:24:10,0.0717775,0.07895525,0.0717775,0.06459975,0
BULLAUSDT,resident,新,1788621900000,09-05 23:25:00,0.0725345,0.07978795,0.0725345,0.06528105,0
BULLAUSDT,resident,新,1788621905000,09-05 23:25:05,0.073417,0.0807587,0.073417,0.0660753,0
BULLAUSDT,resident,新,1788622146000,09-05 23:29:06,0.072319,0.0795509,0.072319,0.0650871,0
BULLAUSDT,resident,新,1788622170000,09-05 23:29:30,0.0714485,0.07859335,0.0714485,0.06430365,0
BULLAUSDT,resident,新,1788622203000,09-05 23:30:03,0.072252,0.0794772,0.072252,0.0650268,0
BULLAUSDT,resident,新,1788622232000,09-05 23:30:32,0.073021,0.0803231,0.073021,0.0657189,0
BULLAUSDT,resident,新,1788622532000,09-05 23:35:32,0.073792,0.0811712,0.073792,0.0664128,0
BULLAUSDT,resident,新,1788622723000,09-05 23:38:43,0.0746155,0.08207705,0.0746155,0.06715395,0
BULLAUSDT,resident,新,1788622748000,09-05 23:39:08,0.0738625,0.08124875,0.0738625,0.06647625,0
BULLAUSDT,resident,新,1788622959000,09-05 23:42:39,0.0729925,0.08029175,0.0729925,0.06569325,0
BULLAUSDT,resident,新,1788623034000,09-05 23:43:54,0.0737845,0.08116295,0.0737845,0.06640605,0
BULLAUSDT,resident,新,1788623151000,09-05 23:45:51,0.074596,0.0820556,0.074596,0.0671364,0
BULLAUSDT,resident,新,1788623157000,09-05 23:45:57,0.076658,0.0843238,0.076658,0.0689922,0
BULLAUSDT,resident,新,1788623167000,09-05 23:46:07,0.0779305,0.08572355,0.0779305,0.07013745,0
BULLAUSDT,resident,新,1788623169000,09-05 23:46:09,0.078905,0.0867955,0.078905,0.0710145,0
BULLAUSDT,resident,新,1788623171000,09-05 23:46:11,0.080775,0.0888525,0.080775,0.0726975,0
BULLAUSDT,resident,新,1788623174000,09-05 23:46:14,0.0818875,0.09007625,0.0818875,0.07369875,0
BULLAUSDT,resident,新,1788623178000,09-05 23:46:18,0.0832265,0.09154915,0.0832265,0.07490385,0
BULLAUSDT,resident,新,1788623181000,09-05 23:46:21,0.0818485,0.09003335,0.0818485,0.07366365,0
BULLAUSDT,resident,新,1788623184000,09-05 23:46:24,0.0809425,0.08903675,0.0809425,0.07284825,0
BULLAUSDT,resident,新,1788623194000,09-05 23:46:34,0.0794625,0.08740875,0.0794625,0.07151625,0
BULLAUSDT,resident,新,1788623252000,09-05 23:47:32,0.0785775,0.08643525,0.0785775,0.07071975,0
BULLAUSDT,resident,新,1788623415000,09-05 23:50:15,0.079404,0.0873444,0.079404,0.0714636,0
BULLAUSDT,resident,新,1788623432000,09-05 23:50:32,0.0802835,0.08831185,0.0802835,0.07225515,0
BULLAUSDT,resident,新,1788623468000,09-05 23:51:08,0.0793895,0.08732845,0.0793895,0.07145055,0
BULLAUSDT,resident,新,1788623521000,09-05 23:52:01,0.080508,0.0885588,0.080508,0.0724572,0
BULLAUSDT,resident,新,1788623628000,09-05 23:53:48,0.08132,0.089452,0.08132,0.073188,0
BULLAUSDT,resident,新,1788623645000,09-05 23:54:05,0.080214,0.0882354,0.080214,0.0721926,0
BULLAUSDT,resident,新,1788623717000,09-05 23:55:17,0.0811005,0.08921055,0.0811005,0.07299045,0
BULLAUSDT,resident,新,1788623878000,09-05 23:57:58,0.0802475,0.08827225,0.0802475,0.07222275,0
BULLAUSDT,resident,新,1788624005000,09-06 00:00:05,0.0810975,0.08920725,0.0810975,0.07298775,0
BULLAUSDT,resident,新,1788624035000,09-06 00:00:35,0.080222,0.0882442,0.080222,0.0721998,0
BULLAUSDT,resident,新,1788624087000,09-06 00:01:27,0.079409,0.0873499,0.079409,0.0714681,0
BULLAUSDT,resident,新,1788624097000,09-06 00:01:37,0.080284,0.0883124,0.080284,0.0722556,0
BULLAUSDT,resident,新,1788624111000,09-06 00:01:51,0.08115,0.089265,0.08115,0.073035,0
BULLAUSDT,resident,新,1788624229000,09-06 00:03:49,0.082033,0.0902363,0.082033,0.0738297,0
BULLAUSDT,resident,新,1788624358000,09-06 00:05:58,0.082936,0.0912296,0.082936,0.0746424,0
BULLAUSDT,resident,新,1788624362000,09-06 00:06:02,0.085162,0.0936782,0.085162,0.0766458,0
BULLAUSDT,resident,新,1788624364000,09-06 00:06:04,0.0862635,0.09488985,0.0862635,0.07763715,0
BULLAUSDT,resident,新,1788624370000,09-06 00:06:10,0.0871965,0.09591615,0.0871965,0.07847685,0
BULLAUSDT,resident,新,1788624381000,09-06 00:06:21,0.085875,0.0944625,0.085875,0.0772875,0
BULLAUSDT,resident,新,1788624389000,09-06 00:06:29,0.08678,0.095458,0.08678,0.078102,0
BULLAUSDT,resident,新,1788624392000,09-06 00:06:32,0.088008,0.0968088,0.088008,0.0792072,0
BULLAUSDT,resident,新,1788624397000,09-06 00:06:37,0.0870075,0.09570825,0.0870075,0.07830675,0
BULLAUSDT,resident,新,1788624414000,09-06 00:06:54,0.0879625,0.09675875,0.0879625,0.07916625,0
BULLAUSDT,resident,新,1788624423000,09-06 00:07:03,0.0870495,0.09575445,0.0870495,0.07834455,0
BULLAUSDT,resident,新,1788624434000,09-06 00:07:14,0.086144,0.0947584,0.086144,0.0775296,0
BULLAUSDT,resident,新,1788624740000,09-06 00:12:20,0.0872655,0.09599205,0.0872655,0.07853895,0
BULLAUSDT,resident,新,1788624770000,09-06 00:12:50,0.086333,0.0949663,0.086333,0.0776997,0
BULLAUSDT,resident,新,1788624889000,09-06 00:14:49,0.0873375,0.09607125,0.0873375,0.07860375,0
BULLAUSDT,resident,新,1788624892000,09-06 00:14:52,0.088392,0.0972312,0.088392,0.0795528,0
BULLAUSDT,resident,新,1788624905000,09-06 00:15:05,0.0873625,0.09609875,0.0873625,0.07862625,0
BULLAUSDT,resident,新,1788624917000,09-06 00:15:17,0.086365,0.0950015,0.086365,0.0777285,0
BULLAUSDT,resident,新,1788624999000,09-06 00:16:39,0.085358,0.0938938,0.085358,0.0768222,0
BULLAUSDT,resident,新,1788625013000,09-06 00:16:53,0.0844945,0.09294395,0.0844945,0.07604505,0
BULLAUSDT,resident,新,1788625087000,09-06 00:18:07,0.0855745,0.09413195,0.0855745,0.07701705,0
BULLAUSDT,resident,新,1788625527000,09-06 00:25:27,0.086448,0.0950928,0.086448,0.0778032,0
BULLAUSDT,resident,新,1788625570000,09-06 00:26:10,0.0855825,0.09414075,0.0855825,0.07702425,0
BULLAUSDT,resident,新,1788625765000,09-06 00:29:25,0.084702,0.0931722,0.084702,0.0762318,0
BULLAUSDT,resident,新,1788625843000,09-06 00:30:43,0.085576,0.0941336,0.085576,0.0770184,0
BULLAUSDT,resident,新,1788625969000,09-06 00:32:49,0.0846835,0.09315185,0.0846835,0.07621515,0
BULLAUSDT,resident,新,1788626037000,09-06 00:33:57,0.083779,0.0921569,0.083779,0.0754011,0
BULLAUSDT,resident,新,1788626039000,09-06 00:33:59,0.081685,0.0898535,0.081685,0.0735165,0
BULLAUSDT,resident,新,1788626045000,09-06 00:34:05,0.082502,0.0907522,0.082502,0.0742518,0
BULLAUSDT,resident,新,1788626048000,09-06 00:34:08,0.081645,0.0898095,0.081645,0.0734805,0
BULLAUSDT,resident,新,1788626059000,09-06 00:34:19,0.0807525,0.08882775,0.0807525,0.07267725,0
BULLAUSDT,resident,新,1788626103000,09-06 00:35:03,0.081648,0.0898128,0.081648,0.0734832,0
BULLAUSDT,resident,新,1788626131000,09-06 00:35:31,0.082604,0.0908644,0.082604,0.0743436,0
BULLAUSDT,resident,新,1788626164000,09-06 00:36:04,0.081742,0.0899162,0.081742,0.0735678,0
BULLAUSDT,resident,新,1788626221000,09-06 00:37:01,0.083261,0.0915871,0.083261,0.0749349,0
BULLAUSDT,resident,新,1788626252000,09-06 00:37:32,0.082204,0.0904244,0.082204,0.0739836,0
BULLAUSDT,resident,新,1788626429000,09-06 00:40:29,0.0830595,0.09136545,0.0830595,0.07475355,0
BULLAUSDT,resident,新,1788626740000,09-06 00:45:40,0.0822045,0.09042495,0.0822045,0.07398405,0
BULLAUSDT,resident,新,1788626814000,09-06 00:46:54,0.083074,0.0913814,0.083074,0.0747666,0
BULLAUSDT,resident,新,1788626991000,09-06 00:49:51,0.082218,0.0904398,0.082218,0.0739962,0
BULLAUSDT,resident,新,1788627163000,09-06 00:52:43,0.083101,0.0914111,0.083101,0.0747909,0
BULLAUSDT,resident,新,1788627182000,09-06 00:53:02,0.0820845,0.09029295,0.0820845,0.07387605,0
BULLAUSDT,resident,新,1788627262000,09-06 00:54:22,0.081224,0.0893464,0.081224,0.0731016,0
BULLAUSDT,resident,新,1788627266000,09-06 00:54:26,0.0792255,0.08714805,0.0792255,0.07130295,0
BULLAUSDT,resident,新,1788627277000,09-06 00:54:37,0.07836,0.086196,0.07836,0.070524,0
BULLAUSDT,resident,新,1788627289000,09-06 00:54:49,0.0796315,0.08759465,0.0796315,0.07166835,0
BULLAUSDT,resident,新,1788627296000,09-06 00:54:56,0.078771,0.0866481,0.078771,0.0708939,0
BULLAUSDT,resident,新,1788627302000,09-06 00:55:02,0.0777965,0.08557615,0.0777965,0.07001685,0
BULLAUSDT,resident,新,1788627308000,09-06 00:55:08,0.078592,0.0864512,0.078592,0.0707328,0
BULLAUSDT,resident,新,1788627425000,09-06 00:57:05,0.0775995,0.08535945,0.0775995,0.06983955,0
BULLAUSDT,resident,新,1788627580000,09-06 00:59:40,0.0783785,0.08621635,0.0783785,0.07054065,0
BULLAUSDT,resident,新,1788627605000,09-06 01:00:05,0.079557,0.0875127,0.079557,0.0716013,0
BULLAUSDT,resident,新,1788627619000,09-06 01:00:19,0.080523,0.0885753,0.080523,0.0724707,0
BULLAUSDT,resident,新,1788627625000,09-06 01:00:25,0.079505,0.0874555,0.079505,0.0715545,0
BULLAUSDT,resident,新,1788627933000,09-06 01:05:33,0.0776555,0.08542105,0.0776555,0.06988995,0
BULLAUSDT,resident,新,1788627981000,09-06 01:06:21,0.078528,0.0863808,0.078528,0.0706752,0
BULLAUSDT,resident,新,1788628192000,09-06 01:09:52,0.079354,0.0872894,0.079354,0.0714186,0
BULLAUSDT,resident,新,1788628303000,09-06 01:11:43,0.0784105,0.08625155,0.0784105,0.07056945,0
BULLAUSDT,resident,新,1788628344000,09-06 01:12:24,0.079223,0.0871453,0.079223,0.0713007,0
BULLAUSDT,resident,新,1788628444000,09-06 01:14:04,0.0822945,0.09052395,0.0822945,0.07406505,0
BULLAUSDT,resident,新,1788628446000,09-06 01:14:06,0.083402,0.0917422,0.083402,0.0750618,0
BULLAUSDT,resident,新,1788628469000,09-06 01:14:29,0.0824635,0.09070985,0.0824635,0.07421715,0
BULLAUSDT,resident,新,1788628508000,09-06 01:15:08,0.083385,0.0917235,0.083385,0.0750465,0
BULLAUSDT,resident,新,1788628547000,09-06 01:15:47,0.0842285,0.09265135,0.0842285,0.07580565,0
BULLAUSDT,resident,新,1788628548000,09-06 01:15:48,0.0859695,0.09456645,0.0859695,0.07737255,0
BULLAUSDT,resident,新,1788628550000,09-06 01:15:50,0.08696,0.095656,0.08696,0.078264,0
BULLAUSDT,resident,新,1788628561000,09-06 01:16:01,0.086052,0.0946572,0.086052,0.0774468,0
BULLAUSDT,resident,新,1788628579000,09-06 01:16:19,0.086968,0.0956648,0.086968,0.0782712,0
BULLAUSDT,resident,新,1788628649000,09-06 01:17:29,0.087886,0.0966746,0.087886,0.0790974,0
BULLAUSDT,resident,新,1788628660000,09-06 01:17:40,0.0889675,0.09786425,0.0889675,0.08007075,0
BULLAUSDT,resident,新,1788628661000,09-06 01:17:41,0.087516,0.0962676,0.087516,0.0787644,0
BULLAUSDT,resident,新,1788628666000,09-06 01:17:46,0.0860665,0.09467315,0.0860665,0.07745985,0
BULLAUSDT,resident,新,1788628687000,09-06 01:18:07,0.087014,0.0957154,0.087014,0.0783126,0
BULLAUSDT,resident,新,1788628764000,09-06 01:19:24,0.086006,0.0946066,0.086006,0.0774054,0
BULLAUSDT,resident,新,1788628806000,09-06 01:20:06,0.085055,0.0935605,0.085055,0.0765495,0
BULLAUSDT,resident,新,1788628926000,09-06 01:22:06,0.0836545,0.09201995,0.0836545,0.07528905,0
BULLAUSDT,resident,新,1788629002000,09-06 01:23:22,0.0846185,0.09308035,0.0846185,0.07615665,0
BULLAUSDT,resident,新,1788629522000,09-06 01:32:02,0.085729,0.0943019,0.085729,0.0771561,0
BULLAUSDT,resident,新,1788629523000,09-06 01:32:03,0.0868725,0.09555975,0.0868725,0.07818525,0
BULLAUSDT,resident,新,1788629524000,09-06 01:32:04,0.085446,0.0939906,0.085446,0.0769014,0
BULLAUSDT,resident,新,1788630076000,09-06 01:41:16,0.084578,0.0930358,0.084578,0.0761202,0
BULLAUSDT,resident,新,1788630301000,09-06 01:45:01,0.0854525,0.09399775,0.0854525,0.07690725,0
BULLAUSDT,resident,新,1788630305000,09-06 01:45:05,0.086315,0.0949465,0.086315,0.0776835,0
BULLAUSDT,resident,新,1788630338000,09-06 01:45:38,0.0853975,0.09393725,0.0853975,0.07685775,0
BULLAUSDT,resident,新,1788630513000,09-06 01:48:33,0.086355,0.0949905,0.086355,0.0777195,0
BULLAUSDT,resident,新,1788630750000,09-06 01:52:30,0.085479,0.0940269,0.085479,0.0769311,0
BULLAUSDT,resident,新,1788630842000,09-06 01:54:02,0.0864465,0.09509115,0.0864465,0.07780185,0
BULLAUSDT,resident,新,1788630908000,09-06 01:55:08,0.08533,0.093863,0.08533,0.076797,0
BULLAUSDT,resident,新,1788631096000,09-06 01:58:16,0.0861955,0.09481505,0.0861955,0.07757595,0
BULLAUSDT,resident,新,1788631178000,09-06 01:59:38,0.085246,0.0937706,0.085246,0.0767214,0
BULLAUSDT,resident,新,1788631212000,09-06 02:00:12,0.0862005,0.09482055,0.0862005,0.07758045,0
BULLAUSDT,resident,新,1788631292000,09-06 02:01:32,0.083355,0.0916905,0.083355,0.0750195,0
BULLAUSDT,resident,新,1788631293000,09-06 02:01:33,0.081549,0.0897039,0.081549,0.0733941,0
BULLAUSDT,resident,新,1788631295000,09-06 02:01:35,0.0794865,0.08743515,0.0794865,0.07153785,0
BULLAUSDT,resident,新,1788631297000,09-06 02:01:37,0.0802825,0.08831075,0.0802825,0.07225425,0
BULLAUSDT,resident,新,1788631300000,09-06 02:01:40,0.078479,0.0863269,0.078479,0.0706311,0
BULLAUSDT,resident,新,1788631301000,09-06 02:01:41,0.076858,0.0845438,0.076858,0.0691722,0
BULLAUSDT,resident,新,1788631304000,09-06 02:01:44,0.077739,0.0855129,0.077739,0.0699651,0
BULLAUSDT,resident,新,1788631315000,09-06 02:01:55,0.078568,0.0864248,0.078568,0.0707112,0
BULLAUSDT,resident,新,1788631326000,09-06 02:02:06,0.077402,0.0851422,0.077402,0.0696618,0
BULLAUSDT,resident,新,1788631328000,09-06 02:02:08,0.0764725,0.08411975,0.0764725,0.06882525,0
BULLAUSDT,resident,新,1788631333000,09-06 02:02:13,0.07535,0.082885,0.07535,0.067815,0
BULLAUSDT,resident,新,1788631338000,09-06 02:02:18,0.0763625,0.08399875,0.0763625,0.06872625,0
BULLAUSDT,resident,新,1788631340000,09-06 02:02:20,0.0772375,0.08496125,0.0772375,0.06951375,0
BULLAUSDT,resident,新,1788631342000,09-06 02:02:22,0.0754015,0.08294165,0.0754015,0.06786135,0
BULLAUSDT,resident,新,1788631345000,09-06 02:02:25,0.0740305,0.08143355,0.0740305,0.06662745,0
BULLAUSDT,resident,新,1788631350000,09-06 02:02:30,0.0749305,0.08242355,0.0749305,0.06743745,0
BULLAUSDT,resident,新,1788631360000,09-06 02:02:40,0.076113,0.0837243,0.076113,0.0685017,0
BULLAUSDT,resident,新,1788631362000,09-06 02:02:42,0.0769555,0.08465105,0.0769555,0.06925995,0
BULLAUSDT,resident,新,1788631385000,09-06 02:03:05,0.076156,0.0837716,0.076156,0.0685404,0
BULLAUSDT,resident,新,1788631401000,09-06 02:03:21,0.0770795,0.08478745,0.0770795,0.06937155,0
BULLAUSDT,resident,新,1788631494000,09-06 02:04:54,0.078056,0.0858616,0.078056,0.0702504,0
BULLAUSDT,resident,新,1788631507000,09-06 02:05:07,0.07905,0.086955,0.07905,0.071145,0
BULLAUSDT,resident,新,1788631516000,09-06 02:05:16,0.078246,0.0860706,0.078246,0.0704214,0
BULLAUSDT,resident,新,1788631592000,09-06 02:06:32,0.077458,0.0852038,0.077458,0.0697122,0
BULLAUSDT,resident,新,1788631742000,09-06 02:09:02,0.078353,0.0861883,0.078353,0.0705177,0
BULLAUSDT,resident,新,1788631752000,09-06 02:09:12,0.0774315,0.08517465,0.0774315,0.06968835,0
BULLAUSDT,resident,新,1788631821000,09-06 02:10:21,0.076449,0.0840939,0.076449,0.0688041,0
BULLAUSDT,resident,新,1788631844000,09-06 02:10:44,0.07722,0.084942,0.07722,0.069498,0
BULLAUSDT,resident,新,1788631928000,09-06 02:12:08,0.078009,0.0858099,0.078009,0.0702081,0
BULLAUSDT,resident,新,1788631990000,09-06 02:13:10,0.07718,0.084898,0.07718,0.069462,0
BULLAUSDT,resident,新,1788632277000,09-06 02:17:57,0.077969,0.0857659,0.077969,0.0701721,0
BULLAUSDT,resident,新,1788632386000,09-06 02:19:46,0.078859,0.0867449,0.078859,0.0709731,0
BULLAUSDT,resident,新,1788632451000,09-06 02:20:51,0.078067,0.0858737,0.078067,0.0702603,0
BULLAUSDT,resident,新,1788632530000,09-06 02:22:10,0.077099,0.0848089,0.077099,0.0693891,0
BULLAUSDT,resident,新,1788632639000,09-06 02:23:59,0.077972,0.0857692,0.077972,0.0701748,0
BULLAUSDT,resident,新,1788632658000,09-06 02:24:18,0.0771545,0.08486995,0.0771545,0.06943905,0
BULLAUSDT,resident,新,1788632754000,09-06 02:25:54,0.076309,0.0839399,0.076309,0.0686781,0
BULLAUSDT,resident,新,1788632770000,09-06 02:26:10,0.077146,0.0848606,0.077146,0.0694314,0
BULLAUSDT,resident,新,1788632909000,09-06 02:28:29,0.0780355,0.08583905,0.0780355,0.07023195,0
BULLAUSDT,resident,新,1788632912000,09-06 02:28:32,0.0800165,0.08801815,0.0800165,0.07201485,0
BULLAUSDT,resident,新,1788632915000,09-06 02:28:35,0.0812825,0.08941075,0.0812825,0.07315425,0
BULLAUSDT,resident,新,1788632923000,09-06 02:28:43,0.082544,0.0907984,0.082544,0.0742896,0
BULLAUSDT,resident,新,1788632928000,09-06 02:28:48,0.084074,0.0924814,0.084074,0.0756666,0
BULLAUSDT,resident,新,1788632932000,09-06 02:28:52,0.085023,0.0935253,0.085023,0.0765207,0
BULLAUSDT,resident,新,1788632937000,09-06 02:28:57,0.0839915,0.09239065,0.0839915,0.07559235,0
BULLAUSDT,resident,新,1788632946000,09-06 02:29:06,0.082721,0.0909931,0.082721,0.0744489,0
BULLAUSDT,resident,新,1788633031000,09-06 02:30:31,0.081801,0.0899811,0.081801,0.0736209,0
BULLAUSDT,resident,新,1788633046000,09-06 02:30:46,0.0829005,0.09119055,0.0829005,0.07461045,0
BULLAUSDT,resident,新,1788633071000,09-06 02:31:11,0.08376,0.092136,0.08376,0.075384,0
BULLAUSDT,resident,新,1788633074000,09-06 02:31:14,0.0849625,0.09345875,0.0849625,0.07646625,0
BULLAUSDT,resident,新,1788633077000,09-06 02:31:17,0.084059,0.0924649,0.084059,0.0756531,0
BULLAUSDT,resident,新,1788633087000,09-06 02:31:27,0.083211,0.0915321,0.083211,0.0748899,0
BULLAUSDT,resident,新,1788633235000,09-06 02:33:55,0.0823175,0.09054925,0.0823175,0.07408575,0
BULLAUSDT,resident,新,1788633325000,09-06 02:35:25,0.083545,0.0918995,0.083545,0.0751905,0
BULLAUSDT,resident,新,1788633476000,09-06 02:37:56,0.081999,0.0901989,0.081999,0.0737991,0
BULLAUSDT,resident,新,1788633495000,09-06 02:38:15,0.082895,0.0911845,0.082895,0.0746055,0
BULLAUSDT,resident,新,1788633602000,09-06 02:40:02,0.084167,0.0925837,0.084167,0.0757503,0
BULLAUSDT,resident,新,1788633740000,09-06 02:42:20,0.0884075,0.09724825,0.0884075,0.07956675,0
BULLAUSDT,resident,新,1788633744000,09-06 02:42:24,0.0894795,0.09842745,0.0894795,0.08053155,0
BULLAUSDT,resident,新,1788633746000,09-06 02:42:26,0.08846,0.097306,0.08846,0.079614,0
BULLAUSDT,resident,新,1788633748000,09-06 02:42:28,0.0900205,0.09902255,0.0900205,0.08101845,0
BULLAUSDT,resident,新,1788633751000,09-06 02:42:31,0.0888915,0.09778065,0.0888915,0.08000235,0
BULLAUSDT,resident,新,1788633755000,09-06 02:42:35,0.087994,0.0967934,0.087994,0.0791946,0
BULLAUSDT,resident,新,1788633774000,09-06 02:42:54,0.0889925,0.09789175,0.0889925,0.08009325,0
BULLAUSDT,resident,新,1788633781000,09-06 02:43:01,0.0901245,0.09913695,0.0901245,0.08111205,0
BULLAUSDT,resident,新,1788633782000,09-06 02:43:02,0.0911745,0.10029195,0.0911745,0.08205705,0
BULLAUSDT,resident,新,1788633785000,09-06 02:43:05,0.089613,0.0985743,0.089613,0.0806517,0
BULLAUSDT,resident,新,1788633792000,09-06 02:43:12,0.0886835,0.09755185,0.0886835,0.07981515,0
BULLAUSDT,resident,新,1788633843000,09-06 02:44:03,0.0876675,0.09643425,0.0876675,0.07890075,0
BULLAUSDT,resident,新,1788633887000,09-06 02:44:47,0.088565,0.0974215,0.088565,0.0797085,0
BULLAUSDT,resident,新,1788633906000,09-06 02:45:06,0.087624,0.0963864,0.087624,0.0788616,0
BULLAUSDT,resident,新,1788634081000,09-06 02:48:01,0.08673,0.095403,0.08673,0.078057,0
BULLAUSDT,resident,新,1788634200000,09-06 02:50:00,0.087737,0.0965107,0.087737,0.0789633,0
BULLAUSDT,resident,新,1788634226000,09-06 02:50:26,0.088854,0.0977394,0.088854,0.0799686,0
BULLAUSDT,resident,新,1788634233000,09-06 02:50:33,0.0877555,0.09653105,0.0877555,0.07897995,0
BULLAUSDT,resident,新,1788634268000,09-06 02:51:08,0.0897335,0.09870685,0.0897335,0.08076015,0
BULLAUSDT,resident,新,1788634279000,09-06 02:51:19,0.088712,0.0975832,0.088712,0.0798408,0
BULLAUSDT,resident,新,1788634382000,09-06 02:53:02,0.0876765,0.09644415,0.0876765,0.07890885,0
BULLAUSDT,resident,新,1788634596000,09-06 02:56:36,0.0890935,0.09800285,0.0890935,0.08018415,0
BULLAUSDT,resident,新,1788634678000,09-06 02:57:58,0.088189,0.0970079,0.088189,0.0793701,0
BULLAUSDT,resident,新,1788634915000,09-06 03:01:55,0.0873025,0.09603275,0.0873025,0.07857225,0
BULLAUSDT,resident,新,1788634946000,09-06 03:02:26,0.088192,0.0970112,0.088192,0.0793728,0
BULLAUSDT,resident,新,1788635271000,09-06 03:07:51,0.08715,0.095865,0.08715,0.078435,0
BULLAUSDT,resident,新,1788635414000,09-06 03:10:14,0.088047,0.0968517,0.088047,0.0792423,0
BULLAUSDT,resident,新,1788636067000,09-06 03:21:07,0.089043,0.0979473,0.089043,0.0801387,0
BULLAUSDT,resident,新,1788636223000,09-06 03:23:43,0.0880985,0.09690835,0.0880985,0.07928865,0
BULLAUSDT,resident,新,1788636404000,09-06 03:26:44,0.0891755,0.09809305,0.0891755,0.08025795,0
BULLAUSDT,resident,新,1788636541000,09-06 03:29:01,0.090494,0.0995434,0.090494,0.0814446,0
BULLAUSDT,resident,新,1788636554000,09-06 03:29:14,0.089529,0.0984819,0.089529,0.0805761,0
BULLAUSDT,resident,新,1788636573000,09-06 03:29:33,0.090536,0.0995896,0.090536,0.0814824,0
BULLAUSDT,resident,新,1788636579000,09-06 03:29:39,0.0896075,0.09856825,0.0896075,0.08064675,0
BULLAUSDT,resident,新,1788636653000,09-06 03:30:53,0.0906065,0.09966715,0.0906065,0.08154585,0
BULLAUSDT,resident,新,1788636681000,09-06 03:31:21,0.08963,0.098593,0.08963,0.080667,0
BULLAUSDT,resident,新,1788636693000,09-06 03:31:33,0.08853,0.097383,0.08853,0.079677,0
BULLAUSDT,resident,新,1788636947000,09-06 03:35:47,0.0894175,0.09835925,0.0894175,0.08047575,0
BULLAUSDT,resident,新,1788636987000,09-06 03:36:27,0.0884875,0.09733625,0.0884875,0.07963875,0
BULLAUSDT,resident,新,1788637062000,09-06 03:37:42,0.085745,0.0943195,0.085745,0.0771705,0
BULLAUSDT,resident,新,1788637140000,09-06 03:39:00,0.086653,0.0953183,0.086653,0.0779877,0
BULLAUSDT,resident,新,1788637141000,09-06 03:39:01,0.087649,0.0964139,0.087649,0.0788841,0
BULLAUSDT,resident,新,1788637144000,09-06 03:39:04,0.08673,0.095403,0.08673,0.078057,0
BULLAUSDT,resident,新,1788637227000,09-06 03:40:27,0.085765,0.0943415,0.085765,0.0771885,0
BULLAUSDT,resident,新,1788637510000,09-06 03:45:10,0.083924,0.0923164,0.083924,0.0755316,0
BULLAUSDT,resident,新,1788637513000,09-06 03:45:13,0.082965,0.0912615,0.082965,0.0746685,0
BULLAUSDT,resident,新,1788637522000,09-06 03:45:22,0.0839925,0.09239175,0.0839925,0.07559325,0
BULLAUSDT,resident,新,1788638011000,09-06 03:53:31,0.08487,0.093357,0.08487,0.076383,0
BULLAUSDT,resident,新,1788638166000,09-06 03:56:06,0.08694,0.095634,0.08694,0.078246,0
BULLAUSDT,resident,新,1788638220000,09-06 03:57:00,0.085483,0.0940313,0.085483,0.0769347,0
BULLAUSDT,resident,新,1788638232000,09-06 03:57:12,0.086381,0.0950191,0.086381,0.0777429,0
BULLAUSDT,resident,新,1788638471000,09-06 04:01:11,0.0848115,0.09329265,0.0848115,0.07633035,0
BULLAUSDT,resident,新,1788638559000,09-06 04:02:39,0.0857525,0.09432775,0.0857525,0.07717725,0
BULLAUSDT,resident,新,1788638764000,09-06 04:06:04,0.086623,0.0952853,0.086623,0.0779607,0
BULLAUSDT,resident,新,1788638871000,09-06 04:07:51,0.085649,0.0942139,0.085649,0.0770841,0
BULLAUSDT,resident,新,1788638901000,09-06 04:08:21,0.086634,0.0952974,0.086634,0.0779706,0
BULLAUSDT,resident,新,1788639010000,09-06 04:10:10,0.0856815,0.09424965,0.0856815,0.07711335,0
BULLAUSDT,resident,新,1788639531000,09-06 04:18:51,0.0847915,0.09327065,0.0847915,0.07631235,0
BULLAUSDT,resident,新,1788639574000,09-06 04:19:34,0.083891,0.0922801,0.083891,0.0755019,0
BULLAUSDT,resident,新,1788639599000,09-06 04:19:59,0.082825,0.0911075,0.082825,0.0745425,0
BULLAUSDT,resident,新,1788639603000,09-06 04:20:03,0.0837865,0.09216515,0.0837865,0.07540785,0
BULLAUSDT,resident,新,1788639617000,09-06 04:20:17,0.082786,0.0910646,0.082786,0.0745074,0
BULLAUSDT,resident,新,1788639660000,09-06 04:21:00,0.0838365,0.09222015,0.0838365,0.07545285,0
BULLAUSDT,resident,新,1788639708000,09-06 04:21:48,0.0847715,0.09324865,0.0847715,0.07629435,0
BULLAUSDT,resident,新,1788640068000,09-06 04:27:48,0.085664,0.0942304,0.085664,0.0770976,0
BULLAUSDT,resident,新,1788640145000,09-06 04:29:05,0.0866785,0.09534635,0.0866785,0.07801065,0
BULLAUSDT,resident,新,1788640323000,09-06 04:32:03,0.085608,0.0941688,0.085608,0.0770472,0
BULLAUSDT,resident,新,1788640340000,09-06 04:32:20,0.084729,0.0932019,0.084729,0.0762561,0
BULLAUSDT,resident,新,1788640365000,09-06 04:32:45,0.0855795,0.09413745,0.0855795,0.07702155,0
BULLAUSDT,resident,新,1788640588000,09-06 04:36:28,0.084644,0.0931084,0.084644,0.0761796,0
BULLAUSDT,resident,新,1788641350000,09-06 04:49:10,0.085561,0.0941171,0.085561,0.0770049,0
BULLAUSDT,resident,新,1788641353000,09-06 04:49:13,0.0867515,0.09542665,0.0867515,0.07807635,0
BULLAUSDT,resident,新,1788642244000,09-06 05:04:04,0.08586,0.094446,0.08586,0.077274,0
BULLAUSDT,resident,新,1788642422000,09-06 05:07:02,0.086732,0.0954052,0.086732,0.0780588,0
BULLAUSDT,resident,新,1788642433000,09-06 05:07:13,0.088934,0.0978274,0.088934,0.0800406,0
BULLAUSDT,resident,新,1788642434000,09-06 05:07:14,0.0876015,0.09636165,0.0876015,0.07884135,0
BULLAUSDT,resident,新,1788642682000,09-06 05:11:22,0.086694,0.0953634,0.086694,0.0780246,0
BULLAUSDT,resident,新,1788643329000,09-06 05:22:09,0.085769,0.0943459,0.085769,0.0771921,0
BULLAUSDT,resident,新,1788643502000,09-06 05:25:02,0.0848545,0.09333995,0.0848545,0.07636905,0
BULLAUSDT,resident,新,1788643519000,09-06 05:25:19,0.0857485,0.09432335,0.0857485,0.07717365,0
BULLAUSDT,resident,新,1788643995000,09-06 05:33:15,0.0848875,0.09337625,0.0848875,0.07639875,0
BULLAUSDT,resident,新,1788644094000,09-06 05:34:54,0.0839175,0.09230925,0.0839175,0.07552575,0
BULLAUSDT,resident,新,1788644130000,09-06 05:35:30,0.0847935,0.09327285,0.0847935,0.07631415,0
BULLAUSDT,resident,新,1788644223000,09-06 05:37:03,0.08391,0.092301,0.08391,0.075519,0
BULLAUSDT,resident,新,1788644445000,09-06 05:40:45,0.0848985,0.09338835,0.0848985,0.07640865,0
BULLAUSDT,resident,新,1788644509000,09-06 05:41:49,0.0840435,0.09244785,0.0840435,0.07563915,0
BULLAUSDT,resident,新,1788644836000,09-06 05:47:16,0.084907,0.0933977,0.084907,0.0764163,0
BULLAUSDT,resident,新,1788645072000,09-06 05:51:12,0.083972,0.0923692,0.083972,0.0755748,0
BULLAUSDT,resident,新,1788645361000,09-06 05:56:01,0.08482,0.093302,0.08482,0.076338,0
BULLAUSDT,resident,新,1788645573000,09-06 05:59:33,0.0839495,0.09234445,0.0839495,0.07555455,0
BULLAUSDT,resident,新,1788645948000,09-06 06:05:48,0.0848365,0.09332015,0.0848365,0.07635285,0
BULLAUSDT,resident,新,1788645990000,09-06 06:06:30,0.0863845,0.09502295,0.0863845,0.07774605,0
BULLAUSDT,resident,新,1788645991000,09-06 06:06:31,0.0876385,0.09640235,0.0876385,0.07887465,0
BULLAUSDT,resident,新,1788645997000,09-06 06:06:37,0.08668,0.095348,0.08668,0.078012,0
BULLAUSDT,resident,新,1788646004000,09-06 06:06:44,0.0876415,0.09640565,0.0876415,0.07887735,0
BULLAUSDT,resident,新,1788646022000,09-06 06:07:02,0.086743,0.0954173,0.086743,0.0780687,0
BULLAUSDT,resident,新,1788646041000,09-06 06:07:21,0.085804,0.0943844,0.085804,0.0772236,0
BULLAUSDT,resident,新,1788646051000,09-06 06:07:31,0.084259,0.0926849,0.084259,0.0758331,0
BULLAUSDT,resident,新,1788646059000,09-06 06:07:39,0.0819045,0.09009495,0.0819045,0.07371405,0
BULLAUSDT,resident,新,1788646060000,09-06 06:07:40,0.080958,0.0890538,0.080958,0.0728622,0
BULLAUSDT,resident,新,1788646061000,09-06 06:07:41,0.0799315,0.08792465,0.0799315,0.07193835,0
BULLAUSDT,resident,新,1788646066000,09-06 06:07:46,0.0811605,0.08927655,0.0811605,0.07304445,0
BULLAUSDT,resident,新,1788646082000,09-06 06:08:02,0.0802675,0.08829425,0.0802675,0.07224075,0
BULLAUSDT,resident,新,1788646098000,09-06 06:08:18,0.079411,0.0873521,0.079411,0.0714699,0
BULLAUSDT,resident,新,1788646110000,09-06 06:08:30,0.080841,0.0889251,0.080841,0.0727569,0
BULLAUSDT,resident,新,1788646117000,09-06 06:08:37,0.08177,0.089947,0.08177,0.073593,0
BULLAUSDT,resident,新,1788647106000,09-06 06:25:06,0.0826615,0.09092765,0.0826615,0.07439535,0
BULLAUSDT,resident,新,1788647167000,09-06 06:26:07,0.081801,0.0899811,0.081801,0.0736209,0
BULLAUSDT,resident,新,1788647450000,09-06 06:30:50,0.0827165,0.09098815,0.0827165,0.07444485,0
BULLAUSDT,resident,新,1788647522000,09-06 06:32:02,0.081888,0.0900768,0.081888,0.0736992,0
BULLAUSDT,resident,新,1788647584000,09-06 06:33:04,0.082771,0.0910481,0.082771,0.0744939,0
BULLAUSDT,resident,新,1788647589000,09-06 06:33:09,0.0838665,0.09225315,0.0838665,0.07547985,0
BULLAUSDT,resident,新,1788647614000,09-06 06:33:34,0.082971,0.0912681,0.082971,0.0746739,0
BULLAUSDT,resident,新,1788649024000,09-06 06:57:04,0.0838905,0.09227955,0.0838905,0.07550145,0
BULLAUSDT,resident,新,1788649085000,09-06 06:58:05,0.082917,0.0912087,0.082917,0.0746253,0
BULLAUSDT,resident,新,1788649537000,09-06 07:05:37,0.0837645,0.09214095,0.0837645,0.07538805,0
BULLAUSDT,resident,新,1788649921000,09-06 07:12:01,0.08463,0.093093,0.08463,0.076167,0
BULLAUSDT,resident,新,1788649924000,09-06 07:12:04,0.086025,0.0946275,0.086025,0.0774225,0
BULLAUSDT,resident,新,1788649981000,09-06 07:13:01,0.084999,0.0934989,0.084999,0.0764991,0
BULLAUSDT,resident,新,1788650174000,09-06 07:16:14,0.0841365,0.09255015,0.0841365,0.07572285,0
BULLAUSDT,resident,新,1788650626000,09-06 07:23:46,0.083289,0.0916179,0.083289,0.0749601,0
BULLAUSDT,resident,新,1788650817000,09-06 07:26:57,0.084132,0.0925452,0.084132,0.0757188,0
BULLAUSDT,resident,新,1788651890000,09-06 07:44:50,0.083253,0.0915783,0.083253,0.0749277,0
BULLAUSDT,resident,新,1788652078000,09-06 07:47:58,0.084104,0.0925144,0.084104,0.0756936,0
BULLAUSDT,resident,新,1788653107000,09-06 08:05:07,0.084959,0.0934549,0.084959,0.0764631,0
BULLAUSDT,resident,新,1788653153000,09-06 08:05:53,0.085853,0.0944383,0.085853,0.0772677,0
BULLAUSDT,resident,新,1788653261000,09-06 08:07:41,0.0849525,0.09344775,0.0849525,0.07645725,0
BULLAUSDT,resident,新,1788653716000,09-06 08:15:16,0.0840675,0.09247425,0.0840675,0.07566075,0
BULLAUSDT,resident,新,1788653730000,09-06 08:15:30,0.0831135,0.09142485,0.0831135,0.07480215,0
BULLAUSDT,resident,新,1788653746000,09-06 08:15:46,0.081987,0.0901857,0.081987,0.0737883,0
BULLAUSDT,resident,新,1788653750000,09-06 08:15:50,0.082856,0.0911416,0.082856,0.0745704,0
BULLAUSDT,resident,新,1788653861000,09-06 08:17:41,0.083801,0.0921811,0.083801,0.0754209,0
BULLAUSDT,resident,新,1788653883000,09-06 08:18:03,0.0828715,0.09115865,0.0828715,0.07458435,0
BULLAUSDT,resident,新,1788654545000,09-06 08:29:05,0.0820115,0.09021265,0.0820115,0.07381035,0
BULLAUSDT,resident,新,1788654617000,09-06 08:30:17,0.081102,0.0892122,0.081102,0.0729918,0
BULLAUSDT,resident,新,1788654643000,09-06 08:30:43,0.0802665,0.08829315,0.0802665,0.07223985,0
BULLAUSDT,resident,新,1788654646000,09-06 08:30:46,0.0793745,0.08731195,0.0793745,0.07143705,0
BULLAUSDT,resident,新,1788654686000,09-06 08:31:26,0.080187,0.0882057,0.080187,0.0721683,0
BULLAUSDT,resident,新,1788654707000,09-06 08:31:47,0.0793485,0.08728335,0.0793485,0.07141365,0
BULLAUSDT,resident,新,1788654724000,09-06 08:32:04,0.078322,0.0861542,0.078322,0.0704898,0
BULLAUSDT,resident,新,1788654737000,09-06 08:32:17,0.0791255,0.08703805,0.0791255,0.07121295,0
BULLAUSDT,resident,新,1788654891000,09-06 08:34:51,0.0799605,0.08795655,0.0799605,0.07196445,0
BULLAUSDT,resident,新,1788654934000,09-06 08:35:34,0.079137,0.0870507,0.079137,0.0712233,0
BULLAUSDT,resident,新,1788654992000,09-06 08:36:32,0.0783085,0.08613935,0.0783085,0.07047765,0
BULLAUSDT,resident,新,1788655033000,09-06 08:37:13,0.077521,0.0852731,0.077521,0.0697689,0
BULLAUSDT,resident,新,1788655278000,09-06 08:41:18,0.0784125,0.08625375,0.0784125,0.07057125,0
BULLAUSDT,resident,新,1788655287000,09-06 08:41:27,0.0775425,0.08529675,0.0775425,0.06978825,0
BULLAUSDT,resident,新,1788655325000,09-06 08:42:05,0.0767525,0.08442775,0.0767525,0.06907725,0
BULLAUSDT,resident,新,1788655339000,09-06 08:42:19,0.078051,0.0858561,0.078051,0.0702459,0
BULLAUSDT,resident,新,1788655441000,09-06 08:44:01,0.0791285,0.08704135,0.0791285,0.07121565,0
BULLAUSDT,resident,新,1788655452000,09-06 08:44:12,0.078337,0.0861707,0.078337,0.0705033,0
BULLAUSDT,resident,新,1788655641000,09-06 08:47:21,0.0792845,0.08721295,0.0792845,0.07135605,0
BULLAUSDT,resident,新,1788655676000,09-06 08:47:56,0.078424,0.0862664,0.078424,0.0705816,0
BULLAUSDT,resident,新,1788655769000,09-06 08:49:29,0.0792225,0.08714475,0.0792225,0.07130025,0
BULLAUSDT,resident,新,1788655805000,09-06 08:50:05,0.0783175,0.08614925,0.0783175,0.07048575,0
BULLAUSDT,resident,新,1788655896000,09-06 08:51:36,0.0791525,0.08706775,0.0791525,0.07123725,0
BULLAUSDT,resident,新,1788656343000,09-06 08:59:03,0.078264,0.0860904,0.078264,0.0704376,0
BULLAUSDT,resident,新,1788656508000,09-06 09:01:48,0.079093,0.0870023,0.079093,0.0711837,0
BULLAUSDT,resident,新,1788656585000,09-06 09:03:05,0.0800455,0.08805005,0.0800455,0.07204095,0
BULLAUSDT,resident,新,1788656589000,09-06 09:03:09,0.0815215,0.08967365,0.0815215,0.07336935,0
BULLAUSDT,resident,新,1788656591000,09-06 09:03:11,0.082525,0.0907775,0.082525,0.0742725,0
BULLAUSDT,resident,新,1788656595000,09-06 09:03:15,0.0815985,0.08975835,0.0815985,0.07343865,0
BULLAUSDT,resident,新,1788656603000,09-06 09:03:23,0.082692,0.0909612,0.082692,0.0744228,0
BULLAUSDT,resident,新,1788656668000,09-06 09:04:28,0.0817755,0.08995305,0.0817755,0.07359795,0
BULLAUSDT,resident,新,1788656670000,09-06 09:04:30,0.0806365,0.08870015,0.0806365,0.07257285,0
BULLAUSDT,resident,新,1788656808000,09-06 09:06:48,0.081453,0.0895983,0.081453,0.0733077,0
BULLAUSDT,resident,新,1788656873000,09-06 09:07:53,0.080588,0.0886468,0.080588,0.0725292,0
BULLAUSDT,resident,新,1788656918000,09-06 09:08:38,0.0815165,0.08966815,0.0815165,0.07336485,0
BULLAUSDT,resident,新,1788657037000,09-06 09:10:37,0.082338,0.0905718,0.082338,0.0741042,0
BULLAUSDT,resident,新,1788657267000,09-06 09:14:27,0.083231,0.0915541,0.083231,0.0749079,0
BULLAUSDT,resident,新,1788657362000,09-06 09:16:02,0.0822945,0.09052395,0.0822945,0.07406505,0
BULLAUSDT,resident,新,1788657450000,09-06 09:17:30,0.0808645,0.08895095,0.0808645,0.07277805,0
BULLAUSDT,resident,新,1788657531000,09-06 09:18:51,0.081742,0.0899162,0.081742,0.0735678,0
BULLAUSDT,resident,新,1788658129000,09-06 09:28:49,0.0826625,0.09092875,0.0826625,0.07439625,0
BULLAUSDT,resident,新,1788658314000,09-06 09:31:54,0.0835565,0.09191215,0.0835565,0.07520085,0
BULLAUSDT,resident,新,1788658369000,09-06 09:32:49,0.084635,0.0930985,0.084635,0.0761715,0
BULLAUSDT,resident,新,1788658433000,09-06 09:33:53,0.085642,0.0942062,0.085642,0.0770778,0
BULLAUSDT,resident,新,1788658449000,09-06 09:34:09,0.0846795,0.09314745,0.0846795,0.07621155,0
BULLAUSDT,resident,新,1788658633000,09-06 09:37:13,0.0838175,0.09219925,0.0838175,0.07543575,0
BULLAUSDT,resident,新,1788658921000,09-06 09:42:01,0.0829225,0.09121475,0.0829225,0.07463025,0
BULLAUSDT,resident,新,1788658955000,09-06 09:42:35,0.0818485,0.09003335,0.0818485,0.07366365,0
BULLAUSDT,resident,新,1788659114000,09-06 09:45:14,0.0826815,0.09094965,0.0826815,0.07441335,0
BULLAUSDT,resident,新,1788659704000,09-06 09:55:04,0.0816315,0.08979465,0.0816315,0.07346835,0
BULLAUSDT,resident,新,1788659782000,09-06 09:56:22,0.0825395,0.09079345,0.0825395,0.07428555,0
BULLAUSDT,resident,新,1788660545000,09-06 10:09:05,0.081678,0.0898458,0.081678,0.0735102,0
BULLAUSDT,resident,新,1788661157000,09-06 10:19:17,0.0825225,0.09077475,0.0825225,0.07427025,0
BULLAUSDT,resident,新,1788661261000,09-06 10:21:01,0.0835595,0.09191545,0.0835595,0.07520355,0
BULLAUSDT,resident,新,1788661486000,09-06 10:24:46,0.0827045,0.09097495,0.0827045,0.07443405,0
BULLAUSDT,resident,新,1788662147000,09-06 10:35:47,0.0835665,0.09192315,0.0835665,0.07520985,0
BULLAUSDT,resident,新,1788662766000,09-06 10:46:06,0.0827185,0.09099035,0.0827185,0.07444665,0
BULLAUSDT,resident,新,1788662911000,09-06 10:48:31,0.081888,0.0900768,0.081888,0.0736992,0
BULLAUSDT,resident,新,1788663014000,09-06 10:50:14,0.082726,0.0909986,0.082726,0.0744534,0
BULLAUSDT,resident,新,1788663137000,09-06 10:52:17,0.080684,0.0887524,0.080684,0.0726156,0
BULLAUSDT,resident,新,1788663184000,09-06 10:53:04,0.0815435,0.08969785,0.0815435,0.07338915,0
BULLAUSDT,resident,新,1788663212000,09-06 10:53:32,0.0807155,0.08878705,0.0807155,0.07264395,0
BULLAUSDT,resident,新,1788663653000,09-06 11:00:53,0.081546,0.0897006,0.081546,0.0733914,0
BULLAUSDT,resident,新,1788663704000,09-06 11:01:44,0.0824225,0.09066475,0.0824225,0.07418025,0
BULLAUSDT,resident,新,1788663917000,09-06 11:05:17,0.083299,0.0916289,0.083299,0.0749691,0
BULLAUSDT,resident,新,1788663998000,09-06 11:06:38,0.082386,0.0906246,0.082386,0.0741474,0
BULLAUSDT,resident,新,1788664501000,09-06 11:15:01,0.0815065,0.08965715,0.0815065,0.07335585,0
BULLAUSDT,resident,新,1788665067000,09-06 11:24:27,0.0823385,0.09057235,0.0823385,0.07410465,0
BULLAUSDT,resident,新,1788665240000,09-06 11:27:20,0.0831845,0.09150295,0.0831845,0.07486605,0
BULLAUSDT,resident,新,1788665332000,09-06 11:28:52,0.082273,0.0905003,0.082273,0.0740457,0
BULLAUSDT,resident,新,1788665637000,09-06 11:33:57,0.081284,0.0894124,0.081284,0.0731556,0
BULLAUSDT,resident,新,1788665705000,09-06 11:35:05,0.080429,0.0884719,0.080429,0.0723861,0
BULLAUSDT,resident,新,1788665798000,09-06 11:36:38,0.0813715,0.08950865,0.0813715,0.07323435,0
BULLAUSDT,resident,新,1788666012000,09-06 11:40:12,0.082199,0.0904189,0.082199,0.0739791,0
BULLAUSDT,resident,新,1788666431000,09-06 11:47:11,0.083051,0.0913561,0.083051,0.0747459,0
BULLAUSDT,resident,新,1788666796000,09-06 11:53:16,0.084904,0.0933944,0.084904,0.0764136,0
BULLAUSDT,resident,新,1788666880000,09-06 11:54:40,0.084051,0.0924561,0.084051,0.0756459,0
BULLAUSDT,resident,新,1788667327000,09-06 12:02:07,0.0830905,0.09139955,0.0830905,0.07478145,0
BULLAUSDT,resident,新,1788668129000,09-06 12:15:29,0.081781,0.0899591,0.081781,0.0736029,0
BULLAUSDT,resident,新,1788668167000,09-06 12:16:07,0.0808935,0.08898285,0.0808935,0.07280415,0
BULLAUSDT,resident,新,1788668199000,09-06 12:16:39,0.0817065,0.08987715,0.0817065,0.07353585,0
BULLAUSDT,resident,新,1788668217000,09-06 12:16:57,0.0808665,0.08895315,0.0808665,0.07277985,0
BULLAUSDT,resident,新,1788668263000,09-06 12:17:43,0.081719,0.0898909,0.081719,0.0735471,0
BULLAUSDT,resident,新,1788668319000,09-06 12:18:39,0.0826185,0.09088035,0.0826185,0.07435665,0
BULLAUSDT,resident,新,1788668732000,09-06 12:25:32,0.083465,0.0918115,0.083465,0.0751185,0
BULLAUSDT,resident,新,1788669103000,09-06 12:31:43,0.0843415,0.09277565,0.0843415,0.07590735,0
BULLAUSDT,resident,新,1788669184000,09-06 12:33:04,0.086283,0.0949113,0.086283,0.0776547,0
BULLAUSDT,resident,新,1788669185000,09-06 12:33:05,0.085092,0.0936012,0.085092,0.0765828,0
BULLAUSDT,resident,新,1788669371000,09-06 12:36:11,0.086016,0.0946176,0.086016,0.0774144,0
BULLAUSDT,resident,新,1788669730000,09-06 12:42:10,0.086912,0.0956032,0.086912,0.0782208,0
BULLAUSDT,resident,新,1788669907000,09-06 12:45:07,0.086032,0.0946352,0.086032,0.0774288,0
BULLAUSDT,resident,新,1788669969000,09-06 12:46:09,0.087004,0.0957044,0.087004,0.0783036,0
BULLAUSDT,resident,新,1788669974000,09-06 12:46:14,0.088291,0.0971201,0.088291,0.0794619,0
BULLAUSDT,resident,新,1788669980000,09-06 12:46:20,0.0870385,0.09574235,0.0870385,0.07833465,0
BULLAUSDT,resident,新,1788670100000,09-06 12:48:20,0.0861255,0.09473805,0.0861255,0.07751295,0
BULLAUSDT,resident,新,1788670300000,09-06 12:51:40,0.0852165,0.09373815,0.0852165,0.07669485,0
BULLAUSDT,resident,新,1788670824000,09-06 13:00:24,0.0843115,0.09274265,0.0843115,0.07588035,0
BULLAUSDT,resident,新,1788670940000,09-06 13:02:20,0.0851935,0.09371285,0.0851935,0.07667415,0
BULLAUSDT,resident,新,1788671023000,09-06 13:03:43,0.0840875,0.09249625,0.0840875,0.07567875,0
BULLAUSDT,resident,新,1788671058000,09-06 13:04:18,0.084945,0.0934395,0.084945,0.0764505,0
BULLAUSDT,resident,新,1788671202000,09-06 13:06:42,0.0840795,0.09248745,0.0840795,0.07567155,0
BULLAUSDT,resident,新,1788671442000,09-06 13:10:42,0.0830925,0.09140175,0.0830925,0.07478325,0
BULLAUSDT,resident,新,1788671517000,09-06 13:11:57,0.083955,0.0923505,0.083955,0.0755595,0
BULLAUSDT,resident,新,1788671608000,09-06 13:13:28,0.082688,0.0909568,0.082688,0.0744192,0
BULLAUSDT,resident,新,1788671979000,09-06 13:19:39,0.083572,0.0919292,0.083572,0.0752148,0
BULLAUSDT,resident,新,1788672030000,09-06 13:20:30,0.082606,0.0908666,0.082606,0.0743454,0
BULLAUSDT,resident,新,1788672088000,09-06 13:21:28,0.083748,0.0921228,0.083748,0.0753732,0
BULLAUSDT,resident,新,1788672130000,09-06 13:22:10,0.0828895,0.09117845,0.0828895,0.07460055,0
BULLAUSDT,resident,新,1788672203000,09-06 13:23:23,0.083743,0.0921173,0.083743,0.0753687,0
BULLAUSDT,resident,新,1788672285000,09-06 13:24:45,0.082846,0.0911306,0.082846,0.0745614,0
BULLAUSDT,resident,新,1788672305000,09-06 13:25:05,0.082005,0.0902055,0.082005,0.0738045,0
BULLAUSDT,resident,新,1788672362000,09-06 13:26:02,0.0804715,0.08851865,0.0804715,0.07242435,0
BULLAUSDT,resident,新,1788672391000,09-06 13:26:31,0.0815395,0.08969345,0.0815395,0.07338555,0
BULLAUSDT,resident,新,1788672404000,09-06 13:26:44,0.0802065,0.08822715,0.0802065,0.07218585,0
BULLAUSDT,resident,新,1788672409000,09-06 13:26:49,0.081033,0.0891363,0.081033,0.0729297,0
BULLAUSDT,resident,新,1788672767000,09-06 13:32:47,0.081893,0.0900823,0.081893,0.0737037,0
BULLAUSDT,resident,新,1788672999000,09-06 13:36:39,0.082746,0.0910206,0.082746,0.0744714,0
BULLAUSDT,resident,新,1788673046000,09-06 13:37:26,0.0836295,0.09199245,0.0836295,0.07526655,0
BULLAUSDT,resident,新,1788673400000,09-06 13:43:20,0.08448,0.092928,0.08448,0.076032,0
BULLAUSDT,resident,新,1788673811000,09-06 13:50:11,0.0834985,0.09184835,0.0834985,0.07514865,0
BULLAUSDT,resident,新,1788673817000,09-06 13:50:17,0.082534,0.0907874,0.082534,0.0742806,0
BULLAUSDT,resident,新,1788673820000,09-06 13:50:20,0.081698,0.0898678,0.081698,0.0735282,0
BULLAUSDT,resident,新,1788673942000,09-06 13:52:22,0.082549,0.0908039,0.082549,0.0742941,0
BULLAUSDT,resident,新,1788675120000,09-06 14:12:00,0.0817185,0.08989035,0.0817185,0.07354665,0
BULLAUSDT,resident,新,1788675517000,09-06 14:18:37,0.0825475,0.09080225,0.0825475,0.07429275,0
BULLAUSDT,resident,新,1788675904000,09-06 14:25:04,0.081714,0.0898854,0.081714,0.0735426,0
BULLAUSDT,resident,新,1788676047000,09-06 14:27:27,0.0807755,0.08885305,0.0807755,0.07269795,0
BULLAUSDT,resident,新,1788676074000,09-06 14:27:54,0.079949,0.0879439,0.079949,0.0719541,0
BULLAUSDT,resident,新,1788676109000,09-06 14:28:29,0.08075,0.088825,0.08075,0.072675,0
BULLAUSDT,resident,新,1788676324000,09-06 14:32:04,0.079721,0.0876931,0.079721,0.0717489,0
BULLAUSDT,resident,新,1788676339000,09-06 14:32:19,0.0805905,0.08864955,0.0805905,0.07253145,0
BULLAUSDT,resident,新,1788676403000,09-06 14:33:23,0.079595,0.0875545,0.079595,0.0716355,0
BULLAUSDT,resident,新,1788676460000,09-06 14:34:20,0.078779,0.0866569,0.078779,0.0709011,0
BULLAUSDT,resident,新,1788676547000,09-06 14:35:47,0.0795765,0.08753415,0.0795765,0.07161885,0
BULLAUSDT,resident,新,1788676674000,09-06 14:37:54,0.080404,0.0884444,0.080404,0.0723636,0
BULLAUSDT,resident,新,1788676850000,09-06 14:40:50,0.0812455,0.08937005,0.0812455,0.07312095,0
BULLAUSDT,resident,新,1788676882000,09-06 14:41:22,0.08206,0.090266,0.08206,0.073854,0
BULLAUSDT,resident,新,1788676918000,09-06 14:41:58,0.080912,0.0890032,0.080912,0.0728208,0
BULLAUSDT,resident,新,1788677337000,09-06 14:48:57,0.081752,0.0899272,0.081752,0.0735768,0
BULLAUSDT,resident,新,1788677471000,09-06 14:51:11,0.080901,0.0889911,0.080901,0.0728109,0
BULLAUSDT,resident,新,1788677608000,09-06 14:53:28,0.080047,0.0880517,0.080047,0.0720423,0
BULLAUSDT,resident,新,1788677806000,09-06 14:56:46,0.0792295,0.08715245,0.0792295,0.07130655,0
BULLAUSDT,resident,新,1788678015000,09-06 15:00:15,0.0800475,0.08805225,0.0800475,0.07204275,0
BULLAUSDT,resident,新,1788678162000,09-06 15:02:42,0.078892,0.0867812,0.078892,0.0710028,0
BULLAUSDT,resident,新,1788678205000,09-06 15:03:25,0.0777995,0.08557945,0.0777995,0.07001955,0
BULLAUSDT,resident,新,1788678254000,09-06 15:04:14,0.0787065,0.08657715,0.0787065,0.07083585,0
BULLAUSDT,resident,新,1788678299000,09-06 15:04:59,0.0778725,0.08565975,0.0778725,0.07008525,0
BULLAUSDT,resident,新,1788678322000,09-06 15:05:22,0.07708,0.084788,0.07708,0.069372,0
BULLAUSDT,resident,新,1788678326000,09-06 15:05:26,0.076309,0.0839399,0.076309,0.0686781,0
BULLAUSDT,resident,新,1788678348000,09-06 15:05:48,0.075523,0.0830753,0.075523,0.0679707,0
BULLAUSDT,resident,新,1788678357000,09-06 15:05:57,0.0744585,0.08190435,0.0744585,0.06701265,0
BULLAUSDT,resident,新,1788678373000,09-06 15:06:13,0.0735785,0.08093635,0.0735785,0.06622065,0
BULLAUSDT,resident,新,1788678384000,09-06 15:06:24,0.0727305,0.08000355,0.0727305,0.06545745,0
BULLAUSDT,resident,新,1788678391000,09-06 15:06:31,0.0719385,0.07913235,0.0719385,0.06474465,0
BULLAUSDT,resident,新,1788678402000,09-06 15:06:42,0.0711945,0.07831395,0.0711945,0.06407505,0
BULLAUSDT,resident,新,1788678403000,09-06 15:06:43,0.07016,0.077176,0.07016,0.063144,0
BULLAUSDT,resident,新,1788678406000,09-06 15:06:46,0.070866,0.0779526,0.070866,0.0637794,0
BULLAUSDT,resident,新,1788678409000,09-06 15:06:49,0.0716025,0.07876275,0.0716025,0.06444225,0
BULLAUSDT,resident,新,1788678447000,09-06 15:07:27,0.07082,0.077902,0.07082,0.063738,0
BULLAUSDT,resident,新,1788678477000,09-06 15:07:57,0.0719765,0.07917415,0.0719765,0.06477885,0
BULLAUSDT,resident,新,1788678519000,09-06 15:08:39,0.072851,0.0801361,0.072851,0.0655659,0
BULLAUSDT,resident,新,1788678545000,09-06 15:09:05,0.0720575,0.07926325,0.0720575,0.06485175,0
BULLAUSDT,resident,新,1788678566000,09-06 15:09:26,0.0712695,0.07839645,0.0712695,0.06414255,0
BULLAUSDT,resident,新,1788678574000,09-06 15:09:34,0.0720845,0.07929295,0.0720845,0.06487605,0
BULLAUSDT,resident,新,1788678602000,09-06 15:10:02,0.0728165,0.08009815,0.0728165,0.06553485,0
BULLAUSDT,resident,新,1788678727000,09-06 15:12:07,0.0720465,0.07925115,0.0720465,0.06484185,0
BULLAUSDT,resident,新,1788678743000,09-06 15:12:23,0.072814,0.0800954,0.072814,0.0655326,0
BULLAUSDT,resident,新,1788678803000,09-06 15:13:23,0.07208,0.079288,0.07208,0.064872,0
BULLAUSDT,resident,新,1788678898000,09-06 15:14:58,0.0712265,0.07834915,0.0712265,0.06410385,0
BULLAUSDT,resident,新,1788678942000,09-06 15:15:42,0.071991,0.0791901,0.071991,0.0647919,0
BULLAUSDT,resident,新,1788679167000,09-06 15:19:27,0.070883,0.0779713,0.070883,0.0637947,0
BULLAUSDT,resident,新,1788679344000,09-06 15:22:24,0.0716665,0.07883315,0.0716665,0.06449985,0
BULLAUSDT,resident,新,1788679404000,09-06 15:23:24,0.0709415,0.07803565,0.0709415,0.06384735,0
BULLAUSDT,resident,新,1788679451000,09-06 15:24:11,0.0716525,0.07881775,0.0716525,0.06448725,0
BULLAUSDT,resident,新,1788679469000,09-06 15:24:29,0.070804,0.0778844,0.070804,0.0637236,0
BULLAUSDT,resident,新,1788679550000,09-06 15:25:50,0.0699725,0.07696975,0.0699725,0.06297525,0
BULLAUSDT,resident,新,1788679551000,09-06 15:25:51,0.068821,0.0757031,0.068821,0.0619389,0
BULLAUSDT,resident,新,1788679555000,09-06 15:25:55,0.067834,0.0746174,0.067834,0.0610506,0
BULLAUSDT,resident,新,1788679559000,09-06 15:25:59,0.0685675,0.07542425,0.0685675,0.06171075,0
BULLAUSDT,resident,新,1788679567000,09-06 15:26:07,0.0677,0.07447,0.0677,0.06093,0
BULLAUSDT,resident,新,1788679578000,09-06 15:26:18,0.0670005,0.07370055,0.0670005,0.06030045,0
BULLAUSDT,resident,新,1788679593000,09-06 15:26:33,0.0676785,0.07444635,0.0676785,0.06091065,0
BULLAUSDT,resident,新,1788679633000,09-06 15:27:13,0.0683905,0.07522955,0.0683905,0.06155145,0
BULLAUSDT,resident,新,1788679725000,09-06 15:28:45,0.0691415,0.07605565,0.0691415,0.06222735,0
BULLAUSDT,resident,新,1788679758000,09-06 15:29:18,0.069971,0.0769681,0.069971,0.0629739,0
BULLAUSDT,resident,新,1788679816000,09-06 15:30:16,0.069266,0.0761926,0.069266,0.0623394,0
BULLAUSDT,resident,新,1788679872000,09-06 15:31:12,0.0700245,0.07702695,0.0700245,0.06302205,0
BULLAUSDT,resident,新,1788679880000,09-06 15:31:20,0.071121,0.0782331,0.071121,0.0640089,0
BULLAUSDT,resident,新,1788679918000,09-06 15:31:58,0.070406,0.0774466,0.070406,0.0633654,0
BULLAUSDT,resident,新,1788680066000,09-06 15:34:26,0.0696865,0.07665515,0.0696865,0.06271785,0
BULLAUSDT,resident,新,1788680086000,09-06 15:34:46,0.06898,0.075878,0.06898,0.062082,0
BULLAUSDT,resident,新,1788680299000,09-06 15:38:19,0.068085,0.0748935,0.068085,0.0612765,0
BULLAUSDT,resident,新,1788680316000,09-06 15:38:36,0.067392,0.0741312,0.067392,0.0606528,0
BULLAUSDT,resident,新,1788680329000,09-06 15:38:49,0.068135,0.0749485,0.068135,0.0613215,0
BULLAUSDT,resident,新,1788680432000,09-06 15:40:32,0.066557,0.0732127,0.066557,0.0599013,0
BULLAUSDT,resident,新,1788680438000,09-06 15:40:38,0.0657035,0.07227385,0.0657035,0.05913315,0
BULLAUSDT,resident,新,1788680462000,09-06 15:41:02,0.0650115,0.07151265,0.0650115,0.05851035,0
BULLAUSDT,resident,新,1788680486000,09-06 15:41:26,0.0658745,0.07246195,0.0658745,0.05928705,0
BULLAUSDT,resident,新,1788680607000,09-06 15:43:27,0.0666705,0.07333755,0.0666705,0.06000345,0
BULLAUSDT,resident,新,1788680748000,09-06 15:45:48,0.0659775,0.07257525,0.0659775,0.05937975,0
BULLAUSDT,resident,新,1788680795000,09-06 15:46:35,0.06665,0.073315,0.06665,0.059985,0
BULLAUSDT,resident,新,1788680831000,09-06 15:47:11,0.067338,0.0740718,0.067338,0.0606042,0
BULLAUSDT,resident,新,1788680885000,09-06 15:48:05,0.0680295,0.07483245,0.0680295,0.06122655,0
BULLAUSDT,resident,新,1788680907000,09-06 15:48:27,0.068925,0.0758175,0.068925,0.0620325,0
BULLAUSDT,resident,新,1788680918000,09-06 15:48:38,0.0696225,0.07658475,0.0696225,0.06266025,0
BULLAUSDT,resident,新,1788680945000,09-06 15:49:05,0.070393,0.0774323,0.070393,0.0633537,0
BULLAUSDT,resident,新,1788680946000,09-06 15:49:06,0.0715875,0.07874625,0.0715875,0.06442875,0
BULLAUSDT,resident,新,1788680948000,09-06 15:49:08,0.07345,0.080795,0.07345,0.066105,0
BULLAUSDT,resident,新,1788680949000,09-06 15:49:09,0.0749025,0.08239275,0.0749025,0.06741225,0
BULLAUSDT,resident,新,1788680951000,09-06 15:49:11,0.074045,0.0814495,0.074045,0.0666405,0
BULLAUSDT,resident,新,1788680958000,09-06 15:49:18,0.073242,0.0805662,0.073242,0.0659178,0
BULLAUSDT,resident,新,1788680970000,09-06 15:49:30,0.0725035,0.07975385,0.0725035,0.06525315,0
BULLAUSDT,resident,新,1788680996000,09-06 15:49:56,0.071754,0.0789294,0.071754,0.0645786,0
BULLAUSDT,resident,新,1788681012000,09-06 15:50:12,0.072486,0.0797346,0.072486,0.0652374,0
BULLAUSDT,resident,新,1788681072000,09-06 15:51:12,0.0717565,0.07893215,0.0717565,0.06458085,0
BULLAUSDT,resident,新,1788681138000,09-06 15:52:18,0.0725435,0.07979785,0.0725435,0.06528915,0
BULLAUSDT,resident,新,1788681205000,09-06 15:53:25,0.071814,0.0789954,0.071814,0.0646326,0
BULLAUSDT,resident,新,1788681294000,09-06 15:54:54,0.072947,0.0802417,0.072947,0.0656523,0
BULLAUSDT,resident,新,1788681369000,09-06 15:56:09,0.0722065,0.07942715,0.0722065,0.06498585,0
BULLAUSDT,resident,新,1788681421000,09-06 15:57:01,0.0712245,0.07834695,0.0712245,0.06410205,0
BULLAUSDT,resident,新,1788681550000,09-06 15:59:10,0.070169,0.0771859,0.070169,0.0631521,0
BULLAUSDT,resident,新,1788681580000,09-06 15:59:40,0.069394,0.0763334,0.069394,0.0624546,0
BULLAUSDT,resident,新,1788681589000,09-06 15:59:49,0.0701,0.07711,0.0701,0.06309,0
BULLAUSDT,resident,新,1788681666000,09-06 16:01:06,0.070981,0.0780791,0.070981,0.0638829,0
BULLAUSDT,resident,新,1788681795000,09-06 16:03:15,0.0702025,0.07722275,0.0702025,0.06318225,0
BULLAUSDT,resident,新,1788681980000,09-06 16:06:20,0.0694415,0.07638565,0.0694415,0.06249735,0
BULLAUSDT,resident,新,1788682191000,09-06 16:09:51,0.068723,0.0755953,0.068723,0.0618507,0
BULLAUSDT,resident,新,1788682214000,09-06 16:10:14,0.0694295,0.07637245,0.0694295,0.06248655,0
BULLAUSDT,resident,新,1788682224000,09-06 16:10:24,0.070161,0.0771771,0.070161,0.0631449,0
BULLAUSDT,resident,新,1788682236000,09-06 16:10:36,0.0711565,0.07827215,0.0711565,0.06404085,0
BULLAUSDT,resident,新,1788682445000,09-06 16:14:05,0.0703985,0.07743835,0.0703985,0.06335865,0
BULLAUSDT,resident,新,1788682508000,09-06 16:15:08,0.0694835,0.07643185,0.0694835,0.06253515,0
BULLAUSDT,resident,新,1788682515000,09-06 16:15:15,0.0687815,0.07565965,0.0687815,0.06190335,0
BULLAUSDT,resident,新,1788682525000,09-06 16:15:25,0.068051,0.0748561,0.068051,0.0612459,0
BULLAUSDT,resident,新,1788682586000,09-06 16:16:26,0.0687595,0.07563545,0.0687595,0.06188355,0
BULLAUSDT,resident,新,1788683087000,09-06 16:24:47,0.0678745,0.07466195,0.0678745,0.06108705,0
BULLAUSDT,resident,新,1788683308000,09-06 16:28:28,0.068666,0.0755326,0.068666,0.0617994,0
BULLAUSDT,resident,新,1788683309000,09-06 16:28:29,0.0694885,0.07643735,0.0694885,0.06253965,0
BULLAUSDT,resident,新,1788683428000,09-06 16:30:28,0.068718,0.0755898,0.068718,0.0618462,0
BULLAUSDT,resident,新,1788683664000,09-06 16:34:24,0.0679625,0.07475875,0.0679625,0.06116625,0
BULLAUSDT,resident,新,1788683791000,09-06 16:36:31,0.0686785,0.07554635,0.0686785,0.06181065,0
BULLAUSDT,resident,新,1788684106000,09-06 16:41:46,0.0694045,0.07634495,0.0694045,0.06246405,0
BULLAUSDT,resident,新,1788684343000,09-06 16:45:43,0.068535,0.0753885,0.068535,0.0616815,0
BULLAUSDT,resident,新,1788684551000,09-06 16:49:11,0.069233,0.0761563,0.069233,0.0623097,0
BULLAUSDT,resident,新,1788684585000,09-06 16:49:45,0.0699985,0.07699835,0.0699985,0.06299865,0
BULLAUSDT,resident,新,1788684607000,09-06 16:50:07,0.070765,0.0778415,0.070765,0.0636885,0
BULLAUSDT,resident,新,1788684635000,09-06 16:50:35,0.070052,0.0770572,0.070052,0.0630468,0
BULLAUSDT,resident,新,1788684763000,09-06 16:52:43,0.07078,0.077858,0.07078,0.063702,0
BULLAUSDT,resident,新,1788684809000,09-06 16:53:29,0.070064,0.0770704,0.070064,0.0630576,0
BULLAUSDT,resident,新,1788684943000,09-06 16:55:43,0.0693315,0.07626465,0.0693315,0.06239835,0
BULLAUSDT,resident,新,1788685247000,09-06 17:00:47,0.0685915,0.07545065,0.0685915,0.06173235,0
BULLAUSDT,resident,新,1788685335000,09-06 17:02:15,0.069286,0.0762146,0.069286,0.0623574,0
BULLAUSDT,resident,新,1788685441000,09-06 17:04:01,0.0685845,0.07544295,0.0685845,0.06172605,0
BULLAUSDT,resident,新,1788685502000,09-06 17:05:02,0.069339,0.0762729,0.069339,0.0624051,0
BULLAUSDT,resident,新,1788685737000,09-06 17:08:57,0.0700605,0.07706655,0.0700605,0.06305445,0
BULLAUSDT,resident,新,1788686043000,09-06 17:14:03,0.069066,0.0759726,0.069066,0.0621594,0
BULLAUSDT,resident,新,1788686105000,09-06 17:15:05,0.069786,0.0767646,0.069786,0.0628074,0
BULLAUSDT,resident,新,1788686190000,09-06 17:16:30,0.069053,0.0759583,0.069053,0.0621477,0
BULLAUSDT,resident,新,1788686283000,09-06 17:18:03,0.0698365,0.07682015,0.0698365,0.06285285,0
BULLAUSDT,resident,新,1788686294000,09-06 17:18:14,0.070563,0.0776193,0.070563,0.0635067,0
BULLAUSDT,resident,新,1788686361000,09-06 17:19:21,0.0716695,0.07883645,0.0716695,0.06450255,0
BULLAUSDT,resident,新,1788686416000,09-06 17:20:16,0.0709235,0.07801585,0.0709235,0.06383115,0
BULLAUSDT,resident,新,1788686517000,09-06 17:21:57,0.0701535,0.07716885,0.0701535,0.06313815,0
BULLAUSDT,resident,新,1788686669000,09-06 17:24:29,0.069405,0.0763455,0.069405,0.0624645,0
BULLAUSDT,resident,新,1788686700000,09-06 17:25:00,0.0701485,0.07716335,0.0701485,0.06313365,0
BULLAUSDT,resident,新,1788686707000,09-06 17:25:07,0.070862,0.0779482,0.070862,0.0637758,0
BULLAUSDT,resident,新,1788686920000,09-06 17:28:40,0.0716205,0.07878255,0.0716205,0.06445845,0
BULLAUSDT,resident,新,1788687192000,09-06 17:33:12,0.070859,0.0779449,0.070859,0.0637731,0
BULLAUSDT,resident,新,1788687605000,09-06 17:40:05,0.0716615,0.07882765,0.0716615,0.06449535,0
BULLAUSDT,resident,新,1788687634000,09-06 17:40:34,0.0723885,0.07962735,0.0723885,0.06514965,0
BULLAUSDT,resident,新,1788687640000,09-06 17:40:40,0.0732795,0.08060745,0.0732795,0.06595155,0
BULLAUSDT,resident,新,1788687651000,09-06 17:40:51,0.072524,0.0797764,0.072524,0.0652716,0
BULLAUSDT,resident,新,1788687746000,09-06 17:42:26,0.073344,0.0806784,0.073344,0.0660096,0
BULLAUSDT,resident,新,1788687750000,09-06 17:42:30,0.074253,0.0816783,0.074253,0.0668277,0
BULLAUSDT,resident,新,1788687757000,09-06 17:42:37,0.075471,0.0830181,0.075471,0.0679239,0
BULLAUSDT,resident,新,1788687764000,09-06 17:42:44,0.076412,0.0840532,0.076412,0.0687708,0
BULLAUSDT,resident,新,1788687768000,09-06 17:42:48,0.0756215,0.08318365,0.0756215,0.06805935,0
BULLAUSDT,resident,新,1788687781000,09-06 17:43:01,0.0748425,0.08232675,0.0748425,0.06735825,0
BULLAUSDT,resident,新,1788687925000,09-06 17:45:25,0.07389,0.081279,0.07389,0.066501,0
BULLAUSDT,resident,新,1788688123000,09-06 17:48:43,0.0747325,0.08220575,0.0747325,0.06725925,0
BULLAUSDT,resident,新,1788688314000,09-06 17:51:54,0.07559,0.083149,0.07559,0.068031,0
BULLAUSDT,resident,新,1788688494000,09-06 17:54:54,0.076563,0.0842193,0.076563,0.0689067,0
BULLAUSDT,resident,新,1788688510000,09-06 17:55:10,0.07575,0.083325,0.07575,0.068175,0
BULLAUSDT,resident,新,1788688683000,09-06 17:58:03,0.076689,0.0843579,0.076689,0.0690201,0
BULLAUSDT,resident,新,1788688805000,09-06 18:00:05,0.075861,0.0834471,0.075861,0.0682749,0
BULLAUSDT,resident,新,1788689086000,09-06 18:04:46,0.076628,0.0842908,0.076628,0.0689652,0
BULLAUSDT,resident,新,1788689466000,09-06 18:11:06,0.0774255,0.08516805,0.0774255,0.06968295,0
BULLAUSDT,resident,新,1788689679000,09-06 18:14:39,0.0766485,0.08431335,0.0766485,0.06898365,0
BULLAUSDT,resident,新,1788689740000,09-06 18:15:40,0.0758755,0.08346305,0.0758755,0.06828795,0
BULLAUSDT,resident,新,1788689861000,09-06 18:17:41,0.075024,0.0825264,0.075024,0.0675216,0
BULLAUSDT,resident,新,1788690003000,09-06 18:20:03,0.075881,0.0834691,0.075881,0.0682929,0
BULLAUSDT,resident,新,1788690370000,09-06 18:26:10,0.0750795,0.08258745,0.0750795,0.06757155,0
BULLAUSDT,resident,新,1788690576000,09-06 18:29:36,0.075838,0.0834218,0.075838,0.0682542,0
BULLAUSDT,resident,新,1788690777000,09-06 18:32:57,0.075076,0.0825836,0.075076,0.0675684,0
BULLAUSDT,resident,新,1788691472000,09-06 18:44:32,0.075925,0.0835175,0.075925,0.0683325,0
BULLAUSDT,resident,新,1788691654000,09-06 18:47:34,0.075138,0.0826518,0.075138,0.0676242,0
BULLAUSDT,resident,新,1788692284000,09-06 18:58:04,0.07428,0.081708,0.07428,0.066852,0
BULLAUSDT,resident,新,1788692529000,09-06 19:02:09,0.0730215,0.08032365,0.0730215,0.06571935,0
BULLAUSDT,resident,新,1788693064000,09-06 19:11:04,0.073955,0.0813505,0.073955,0.0665595,0
BULLAUSDT,resident,新,1788693251000,09-06 19:14:11,0.073052,0.0803572,0.073052,0.0657468,0
BULLAUSDT,resident,新,1788693350000,09-06 19:15:50,0.0738085,0.08118935,0.0738085,0.06642765,0
BULLAUSDT,resident,新,1788693539000,09-06 19:18:59,0.073068,0.0803748,0.073068,0.0657612,0
BULLAUSDT,resident,新,1788693546000,09-06 19:19:06,0.071944,0.0791384,0.071944,0.0647496,0
BULLAUSDT,resident,新,1788693689000,09-06 19:21:29,0.071205,0.0783255,0.071205,0.0640845,0
BULLAUSDT,resident,新,1788693766000,09-06 19:22:46,0.0719665,0.07916315,0.0719665,0.06476985,0
BULLAUSDT,resident,新,1788693843000,09-06 19:24:03,0.071218,0.0783398,0.071218,0.0640962,0
BULLAUSDT,resident,新,1788694119000,09-06 19:28:39,0.0704745,0.07752195,0.0704745,0.06342705,0
BULLAUSDT,resident,新,1788694262000,09-06 19:31:02,0.069588,0.0765468,0.069588,0.0626292,0
BULLAUSDT,resident,新,1788694788000,09-06 19:39:48,0.0703245,0.07735695,0.0703245,0.06329205,0
BULLAUSDT,resident,新,1788694829000,09-06 19:40:29,0.069565,0.0765215,0.069565,0.0626085,0
BULLAUSDT,resident,新,1788695161000,09-06 19:46:01,0.070836,0.0779196,0.070836,0.0637524,0
BULLAUSDT,resident,新,1788695218000,09-06 19:46:58,0.0699865,0.07698515,0.0699865,0.06298785,0
BULLAUSDT,resident,新,1788696013000,09-06 20:00:13,0.070918,0.0780098,0.070918,0.0638262,0
BULLAUSDT,resident,新,1788696094000,09-06 20:01:34,0.0701465,0.07716115,0.0701465,0.06313185,0
BULLAUSDT,resident,新,1788696323000,09-06 20:05:23,0.07087,0.077957,0.07087,0.063783,0
BULLAUSDT,resident,新,1788696354000,09-06 20:05:54,0.0716995,0.07886945,0.0716995,0.06452955,0
BULLAUSDT,resident,新,1788696604000,09-06 20:10:04,0.0709655,0.07806205,0.0709655,0.06386895,0
BULLAUSDT,resident,新,1788696903000,09-06 20:15:03,0.071812,0.0789932,0.071812,0.0646308,0
BULLAUSDT,resident,新,1788696915000,09-06 20:15:15,0.072627,0.0798897,0.072627,0.0653643,0
BULLAUSDT,resident,新,1788696975000,09-06 20:16:15,0.0718285,0.07901135,0.0718285,0.06464565,0
BULLAUSDT,resident,新,1788697051000,09-06 20:17:31,0.0730595,0.08036545,0.0730595,0.06575355,0
BULLAUSDT,resident,新,1788697068000,09-06 20:17:48,0.0738285,0.08121135,0.0738285,0.06644565,0
BULLAUSDT,resident,新,1788697092000,09-06 20:18:12,0.074617,0.0820787,0.074617,0.0671553,0
BULLAUSDT,resident,新,1788697119000,09-06 20:18:39,0.073824,0.0812064,0.073824,0.0664416,0
BULLAUSDT,resident,新,1788697127000,09-06 20:18:47,0.0748015,0.08228165,0.0748015,0.06732135,0
BULLAUSDT,resident,新,1788697154000,09-06 20:19:14,0.075627,0.0831897,0.075627,0.0680643,0
BULLAUSDT,resident,新,1788697165000,09-06 20:19:25,0.0764565,0.08410215,0.0764565,0.06881085,0
BULLAUSDT,resident,新,1788697228000,09-06 20:20:28,0.0756845,0.08325295,0.0756845,0.06811605,0
BULLAUSDT,resident,新,1788697316000,09-06 20:21:56,0.0748835,0.08237185,0.0748835,0.06739515,0
BULLAUSDT,resident,新,1788697340000,09-06 20:22:20,0.0758005,0.08338055,0.0758005,0.06822045,0
BULLAUSDT,resident,新,1788697353000,09-06 20:22:33,0.076609,0.0842699,0.076609,0.0689481,0
BULLAUSDT,resident,新,1788697358000,09-06 20:22:38,0.077602,0.0853622,0.077602,0.0698418,0
BULLAUSDT,resident,新,1788697467000,09-06 20:24:27,0.0766785,0.08434635,0.0766785,0.06901065,0
BULLAUSDT,resident,新,1788698048000,09-06 20:34:08,0.0758075,0.08338825,0.0758075,0.06822675,0
BULLAUSDT,resident,新,1788698059000,09-06 20:34:19,0.076577,0.0842347,0.076577,0.0689193,0
BULLAUSDT,resident,新,1788698228000,09-06 20:37:08,0.077378,0.0851158,0.077378,0.0696402,0
BULLAUSDT,resident,新,1788698329000,09-06 20:38:49,0.07825,0.086075,0.07825,0.070425,0
BULLAUSDT,resident,新,1788698434000,09-06 20:40:34,0.0774475,0.08519225,0.0774475,0.06970275,0
BULLAUSDT,resident,新,1788698880000,09-06 20:48:00,0.07864,0.086504,0.07864,0.070776,0
BULLAUSDT,resident,新,1788699049000,09-06 20:50:49,0.0776575,0.08542325,0.0776575,0.06989175,0
BULLAUSDT,resident,新,1788699204000,09-06 20:53:24,0.078474,0.0863214,0.078474,0.0706266,0
BULLAUSDT,resident,新,1788699329000,09-06 20:55:29,0.07767,0.085437,0.07767,0.069903,0
BULLAUSDT,resident,新,1788699534000,09-06 20:58:54,0.076876,0.0845636,0.076876,0.0691884,0
BULLAUSDT,resident,新,1788699790000,09-06 21:03:10,0.076102,0.0837122,0.076102,0.0684918,0
BULLAUSDT,resident,新,1788700236000,09-06 21:10:36,0.0768685,0.08455535,0.0768685,0.06918165,0
BULLAUSDT,resident,新,1788700267000,09-06 21:11:07,0.0776795,0.08544745,0.0776795,0.06991155,0
BULLAUSDT,resident,新,1788700321000,09-06 21:12:01,0.076781,0.0844591,0.076781,0.0691029,0
BULLAUSDT,resident,新,1788700844000,09-06 21:20:44,0.0759395,0.08353345,0.0759395,0.06834555,0
BULLAUSDT,resident,新,1788700961000,09-06 21:22:41,0.076733,0.0844063,0.076733,0.0690597,0
BULLAUSDT,resident,新,1788701393000,09-06 21:29:53,0.0759105,0.08350155,0.0759105,0.06831945,0
BULLAUSDT,resident,新,1788701596000,09-06 21:33:16,0.0766915,0.08436065,0.0766915,0.06902235,0
BULLAUSDT,resident,新,1788701707000,09-06 21:35:07,0.077461,0.0852071,0.077461,0.0697149,0
BULLAUSDT,resident,新,1788701821000,09-06 21:37:01,0.076674,0.0843414,0.076674,0.0690066,0
BULLAUSDT,resident,新,1788701991000,09-06 21:39:51,0.0774515,0.08519665,0.0774515,0.06970635,0
BULLAUSDT,resident,新,1788702529000,09-06 21:48:49,0.076614,0.0842754,0.076614,0.0689526,0
BULLAUSDT,resident,新,1788702966000,09-06 21:56:06,0.0773835,0.08512185,0.0773835,0.06964515,0
BULLAUSDT,resident,新,1788703263000,09-06 22:01:03,0.0765475,0.08420225,0.0765475,0.06889275,0
BULLAUSDT,resident,新,1788703559000,09-06 22:05:59,0.077363,0.0850993,0.077363,0.0696267,0
BULLAUSDT,resident,新,1788703935000,09-06 22:12:15,0.0781685,0.08598535,0.0781685,0.07035165,0
BULLAUSDT,resident,新,1788703984000,09-06 22:13:04,0.0790695,0.08697645,0.0790695,0.07116255,0
BULLAUSDT,resident,新,1788703985000,09-06 22:13:05,0.0815315,0.08968465,0.0815315,0.07337835,0
BULLAUSDT,resident,新,1788703986000,09-06 22:13:06,0.0835175,0.09186925,0.0835175,0.07516575,0
BULLAUSDT,resident,新,1788703987000,09-06 22:13:07,0.085034,0.0935374,0.085034,0.0765306,0
BULLAUSDT,resident,新,1788703989000,09-06 22:13:09,0.0859065,0.09449715,0.0859065,0.07731585,0
BULLAUSDT,resident,新,1788703992000,09-06 22:13:12,0.0848795,0.09336745,0.0848795,0.07639155,0
BULLAUSDT,resident,新,1788703993000,09-06 22:13:13,0.0838185,0.09220035,0.0838185,0.07543665,0
BULLAUSDT,resident,新,1788704006000,09-06 22:13:26,0.082903,0.0911933,0.082903,0.0746127,0
BULLAUSDT,resident,新,1788704031000,09-06 22:13:51,0.082046,0.0902506,0.082046,0.0738414,0
BULLAUSDT,resident,新,1788704075000,09-06 22:14:35,0.081193,0.0893123,0.081193,0.0730737,0
BULLAUSDT,resident,新,1788704077000,09-06 22:14:37,0.0803715,0.08840865,0.0803715,0.07233435,0
BULLAUSDT,resident,新,1788704080000,09-06 22:14:40,0.0791635,0.08707985,0.0791635,0.07124715,0
BULLAUSDT,resident,新,1788704085000,09-06 22:14:45,0.0779475,0.08574225,0.0779475,0.07015275,0
BULLAUSDT,resident,新,1788704102000,09-06 22:15:02,0.076915,0.0846065,0.076915,0.0692235,0
BULLAUSDT,resident,新,1788704127000,09-06 22:15:27,0.075927,0.0835197,0.075927,0.0683343,0
BULLAUSDT,resident,新,1788704144000,09-06 22:15:44,0.076788,0.0844668,0.076788,0.0691092,0
BULLAUSDT,resident,新,1788704155000,09-06 22:15:55,0.075885,0.0834735,0.075885,0.0682965,0
BULLAUSDT,resident,新,1788704178000,09-06 22:16:18,0.076756,0.0844316,0.076756,0.0690804,0
BULLAUSDT,resident,新,1788704189000,09-06 22:16:29,0.0759195,0.08351145,0.0759195,0.06832755,0
BULLAUSDT,resident,新,1788704255000,09-06 22:17:35,0.0748395,0.08232345,0.0748395,0.06735555,0
BULLAUSDT,resident,新,1788704289000,09-06 22:18:09,0.075633,0.0831963,0.075633,0.0680697,0
BULLAUSDT,resident,新,1788704326000,09-06 22:18:46,0.076427,0.0840697,0.076427,0.0687843,0
BULLAUSDT,resident,新,1788704652000,09-06 22:24:12,0.077983,0.0857813,0.077983,0.0701847,0
BULLAUSDT,resident,新,1788704702000,09-06 22:25:02,0.079013,0.0869143,0.079013,0.0711117,0
BULLAUSDT,resident,新,1788704704000,09-06 22:25:04,0.080094,0.0881034,0.080094,0.0720846,0
BULLAUSDT,resident,新,1788704762000,09-06 22:26:02,0.081046,0.0891506,0.081046,0.0729414,0
BULLAUSDT,resident,新,1788704940000,09-06 22:29:00,0.0825425,0.09079675,0.0825425,0.07428825,0
BULLAUSDT,resident,新,1788704952000,09-06 22:29:12,0.0816015,0.08976165,0.0816015,0.07344135,0
BULLAUSDT,resident,新,1788705027000,09-06 22:30:27,0.0807795,0.08885745,0.0807795,0.07270155,0
BULLAUSDT,resident,新,1788705082000,09-06 22:31:22,0.081593,0.0897523,0.081593,0.0734337,0
BULLAUSDT,resident,新,1788705230000,09-06 22:33:50,0.0807555,0.08883105,0.0807555,0.07267995,0
BULLAUSDT,resident,新,1788705257000,09-06 22:34:17,0.0816035,0.08976385,0.0816035,0.07344315,0
BULLAUSDT,resident,新,1788705457000,09-06 22:37:37,0.082474,0.0907214,0.082474,0.0742266,0
BULLAUSDT,resident,新,1788705458000,09-06 22:37:38,0.083525,0.0918775,0.083525,0.0751725,0
BULLAUSDT,resident,新,1788705460000,09-06 22:37:40,0.08265,0.090915,0.08265,0.074385,0
BULLAUSDT,resident,新,1788705481000,09-06 22:38:01,0.081726,0.0898986,0.081726,0.0735534,0
BULLAUSDT,resident,新,1788705510000,09-06 22:38:30,0.0808875,0.08897625,0.0808875,0.07279875,0
BULLAUSDT,resident,新,1788705535000,09-06 22:38:55,0.081706,0.0898766,0.081706,0.0735354,0
BULLAUSDT,resident,新,1788705585000,09-06 22:39:45,0.082539,0.0907929,0.082539,0.0742851,0
BULLAUSDT,resident,新,1788705637000,09-06 22:40:37,0.0833715,0.09170865,0.0833715,0.07503435,0
BULLAUSDT,resident,新,1788705712000,09-06 22:41:52,0.082517,0.0907687,0.082517,0.0742653,0
BULLAUSDT,resident,新,1788705746000,09-06 22:42:26,0.081479,0.0896269,0.081479,0.0733311,0
BULLAUSDT,resident,新,1788705855000,09-06 22:44:15,0.0823935,0.09063285,0.0823935,0.07415415,0
BULLAUSDT,resident,新,1788706069000,09-06 22:47:49,0.0833875,0.09172625,0.0833875,0.07504875,0
BULLAUSDT,resident,新,1788706138000,09-06 22:48:58,0.08237,0.090607,0.08237,0.074133,0
BULLAUSDT,resident,新,1788706470000,09-06 22:54:30,0.081419,0.0895609,0.081419,0.0732771,0
BULLAUSDT,resident,新,1788706723000,09-06 22:58:43,0.0823055,0.09053605,0.0823055,0.07407495,0
BULLAUSDT,resident,新,1788706935000,09-06 23:02:15,0.0832735,0.09160085,0.0832735,0.07494615,0
BULLAUSDT,resident,新,1788706955000,09-06 23:02:35,0.084669,0.0931359,0.084669,0.0762021,0
BULLAUSDT,resident,新,1788706962000,09-06 23:02:42,0.082831,0.0911141,0.082831,0.0745479,0
BULLAUSDT,resident,新,1788706963000,09-06 23:02:43,0.0813315,0.08946465,0.0813315,0.07319835,0
BULLAUSDT,resident,新,1788706964000,09-06 23:02:44,0.079406,0.0873466,0.079406,0.0714654,0
BULLAUSDT,resident,新,1788706970000,09-06 23:02:50,0.078566,0.0864226,0.078566,0.0707094,0
BULLAUSDT,resident,新,1788706974000,09-06 23:02:54,0.079424,0.0873664,0.079424,0.0714816,0
BULLAUSDT,resident,新,1788707026000,09-06 23:03:46,0.077925,0.0857175,0.077925,0.0701325,0
BULLAUSDT,resident,新,1788707028000,09-06 23:03:48,0.076985,0.0846835,0.076985,0.0692865,0
BULLAUSDT,resident,新,1788707033000,09-06 23:03:53,0.0754325,0.08297575,0.0754325,0.06788925,0
BULLAUSDT,resident,新,1788707040000,09-06 23:04:00,0.0736335,0.08099685,0.0736335,0.06627015,0
BULLAUSDT,resident,新,1788707041000,09-06 23:04:01,0.072419,0.0796609,0.072419,0.0651771,0
BULLAUSDT,resident,新,1788707047000,09-06 23:04:07,0.073305,0.0806355,0.073305,0.0659745,0
BULLAUSDT,resident,新,1788707057000,09-06 23:04:17,0.0722835,0.07951185,0.0722835,0.06505515,0
BULLAUSDT,resident,新,1788707066000,09-06 23:04:26,0.073152,0.0804672,0.073152,0.0658368,0
BULLAUSDT,resident,新,1788707102000,09-06 23:05:02,0.072259,0.0794849,0.072259,0.0650331,0
BULLAUSDT,resident,新,1788707104000,09-06 23:05:04,0.0715315,0.07868465,0.0715315,0.06437835,0
BULLAUSDT,resident,新,1788707139000,09-06 23:05:39,0.072591,0.0798501,0.072591,0.0653319,0
BULLAUSDT,resident,新,1788707232000,09-06 23:07:12,0.0734345,0.08077795,0.0734345,0.06609105,0
BULLAUSDT,resident,新,1788707234000,09-06 23:07:14,0.074456,0.0819016,0.074456,0.0670104,0
BULLAUSDT,resident,新,1788707244000,09-06 23:07:24,0.075204,0.0827244,0.075204,0.0676836,0
BULLAUSDT,resident,新,1788707249000,09-06 23:07:29,0.074297,0.0817267,0.074297,0.0668673,0
BULLAUSDT,resident,新,1788707408000,09-06 23:10:08,0.07303,0.080333,0.07303,0.065727,0
BULLAUSDT,resident,新,1788707410000,09-06 23:10:10,0.0719405,0.07913455,0.0719405,0.06474645,0
BULLAUSDT,resident,新,1788707468000,09-06 23:11:08,0.072707,0.0799777,0.072707,0.0654363,0
BULLAUSDT,resident,新,1788707520000,09-06 23:12:00,0.0734845,0.08083295,0.0734845,0.06613605,0
BULLAUSDT,resident,新,1788707526000,09-06 23:12:06,0.0727,0.07997,0.0727,0.06543,0
BULLAUSDT,resident,新,1788707565000,09-06 23:12:45,0.073513,0.0808643,0.073513,0.0661617,0
BULLAUSDT,resident,新,1788707660000,09-06 23:14:20,0.07275,0.080025,0.07275,0.065475,0
BULLAUSDT,resident,新,1788707727000,09-06 23:15:27,0.071949,0.0791439,0.071949,0.0647541,0
BULLAUSDT,resident,新,1788707825000,09-06 23:17:05,0.0727595,0.08003545,0.0727595,0.06548355,0
BULLAUSDT,resident,新,1788707849000,09-06 23:17:29,0.0719675,0.07916425,0.0719675,0.06477075,0
BULLAUSDT,resident,新,1788707997000,09-06 23:19:57,0.072858,0.0801438,0.072858,0.0655722,0
BULLAUSDT,resident,新,1788708043000,09-06 23:20:43,0.0721075,0.07931825,0.0721075,0.06489675,0
BULLAUSDT,resident,新,1788708090000,09-06 23:21:30,0.0728335,0.08011685,0.0728335,0.06555015,0
BULLAUSDT,resident,新,1788708148000,09-06 23:22:28,0.073564,0.0809204,0.073564,0.0662076,0
BULLAUSDT,resident,新,1788708233000,09-06 23:23:53,0.074388,0.0818268,0.074388,0.0669492,0
BULLAUSDT,resident,新,1788708263000,09-06 23:24:23,0.0751945,0.08271395,0.0751945,0.06767505,0
BULLAUSDT,resident,新,1788708325000,09-06 23:25:25,0.0743885,0.08182735,0.0743885,0.06694965,0
BULLAUSDT,resident,新,1788708374000,09-06 23:26:14,0.0752085,0.08272935,0.0752085,0.06768765,0
BULLAUSDT,resident,新,1788708457000,09-06 23:27:37,0.0759825,0.08358075,0.0759825,0.06838425,0
BULLAUSDT,resident,新,1788708680000,09-06 23:31:20,0.0750455,0.08255005,0.0750455,0.06754095,0
BULLAUSDT,resident,新,1788708944000,09-06 23:35:44,0.073876,0.0812636,0.073876,0.0664884,0
BULLAUSDT,resident,新,1788709055000,09-06 23:37:35,0.074621,0.0820831,0.074621,0.0671589,0
BULLAUSDT,resident,新,1788709225000,09-06 23:40:25,0.073597,0.0809567,0.073597,0.0662373,0
BULLAUSDT,resident,新,1788709230000,09-06 23:40:30,0.072843,0.0801273,0.072843,0.0655587,0
BULLAUSDT,resident,新,1788709246000,09-06 23:40:46,0.073572,0.0809292,0.073572,0.0662148,0
BULLAUSDT,resident,新,1788709381000,09-06 23:43:01,0.074336,0.0817696,0.074336,0.0669024,0
BULLAUSDT,resident,新,1788709695000,09-06 23:48:15,0.0735585,0.08091435,0.0735585,0.06620265,0
BULLAUSDT,resident,新,1788709801000,09-06 23:50:01,0.0743215,0.08175365,0.0743215,0.06688935,0
BULLAUSDT,resident,新,1788709822000,09-06 23:50:22,0.075092,0.0826012,0.075092,0.0675828,0
BULLAUSDT,resident,新,1788710037000,09-06 23:53:57,0.0762115,0.08383265,0.0762115,0.06859035,0
BULLAUSDT,resident,新,1788710095000,09-06 23:54:55,0.0754315,0.08297465,0.0754315,0.06788835,0
BULLAUSDT,resident,新,1788710631000,09-07 00:03:51,0.0764295,0.08407245,0.0764295,0.06878655,0
BULLAUSDT,resident,新,1788710709000,09-07 00:05:09,0.0756455,0.08321005,0.0756455,0.06808095,0
BULLAUSDT,resident,新,1788711270000,09-07 00:14:30,0.0746245,0.08208695,0.0746245,0.06716205,0
BULLAUSDT,resident,新,1788711331000,09-07 00:15:31,0.075379,0.0829169,0.075379,0.0678411,0
BULLAUSDT,resident,新,1788711763000,09-07 00:22:43,0.074538,0.0819918,0.074538,0.0670842,0
BULLAUSDT,resident,新,1788711927000,09-07 00:25:27,0.0753005,0.08283055,0.0753005,0.06777045,0
BULLAUSDT,resident,新,1788712041000,09-07 00:27:21,0.07454,0.081994,0.07454,0.067086,0
BULLAUSDT,resident,新,1788712110000,09-07 00:28:30,0.0763315,0.08396465,0.0763315,0.06869835,0
BULLAUSDT,resident,新,1788712205000,09-07 00:30:05,0.077124,0.0848364,0.077124,0.0694116,0
BULLAUSDT,resident,新,1788712291000,09-07 00:31:31,0.0763375,0.08397125,0.0763375,0.06870375,0
BULLAUSDT,resident,新,1788712428000,09-07 00:33:48,0.077576,0.0853336,0.077576,0.0698184,0
BULLAUSDT,resident,新,1788712473000,09-07 00:34:33,0.078579,0.0864369,0.078579,0.0707211,0
BULLAUSDT,resident,新,1788712512000,09-07 00:35:12,0.0777745,0.08555195,0.0777745,0.06999705,0
BULLAUSDT,resident,新,1788713159000,09-07 00:45:59,0.0769825,0.08468075,0.0769825,0.06928425,0
BULLAUSDT,resident,新,1788713336000,09-07 00:48:56,0.075426,0.0829686,0.075426,0.0678834,0
BULLAUSDT,resident,新,1788713471000,09-07 00:51:11,0.0764595,0.08410545,0.0764595,0.06881355,0
BULLAUSDT,resident,新,1788713819000,09-07 00:56:59,0.075667,0.0832337,0.075667,0.0681003,0
BULLAUSDT,resident,新,1788714209000,09-07 01:03:29,0.0748925,0.08238175,0.0748925,0.06740325,0
BULLAUSDT,resident,新,1788714238000,09-07 01:03:58,0.0740905,0.08149955,0.0740905,0.06668145,0
BULLAUSDT,resident,新,1788714338000,09-07 01:05:38,0.0732885,0.08061735,0.0732885,0.06595965,0
BULLAUSDT,resident,新,1788714366000,09-07 01:06:06,0.072515,0.0797665,0.072515,0.0652635,0
BULLAUSDT,resident,新,1788714470000,09-07 01:07:50,0.0717835,0.07896185,0.0717835,0.06460515,0
BULLAUSDT,resident,新,1788714476000,09-07 01:07:56,0.070888,0.0779768,0.070888,0.0637992,0
BULLAUSDT,resident,新,1788714484000,09-07 01:08:04,0.071677,0.0788447,0.071677,0.0645093,0
BULLAUSDT,resident,新,1788714489000,09-07 01:08:09,0.0723985,0.07963835,0.0723985,0.06515865,0
BULLAUSDT,resident,新,1788714541000,09-07 01:09:01,0.0731365,0.08045015,0.0731365,0.06582285,0
BULLAUSDT,resident,新,1788714633000,09-07 01:10:33,0.072401,0.0796411,0.072401,0.0651609,0
BULLAUSDT,resident,新,1788714781000,09-07 01:13:01,0.0732,0.08052,0.0732,0.06588,0
BULLAUSDT,resident,新,1788714823000,09-07 01:13:43,0.072364,0.0796004,0.072364,0.0651276,0
BULLAUSDT,resident,新,1788714837000,09-07 01:13:57,0.0715915,0.07875065,0.0715915,0.06443235,0
BULLAUSDT,resident,新,1788714866000,09-07 01:14:26,0.072351,0.0795861,0.072351,0.0651159,0
BULLAUSDT,resident,新,1788714962000,09-07 01:16:02,0.07161,0.078771,0.07161,0.064449,0
BULLAUSDT,resident,新,1788715118000,09-07 01:18:38,0.0723495,0.07958445,0.0723495,0.06511455,0
BULLAUSDT,resident,新,1788715215000,09-07 01:20:15,0.0716165,0.07877815,0.0716165,0.06445485,0
BULLAUSDT,resident,新,1788715449000,09-07 01:24:09,0.072336,0.0795696,0.072336,0.0651024,0
BULLAUSDT,resident,新,1788715691000,09-07 01:28:11,0.073157,0.0804727,0.073157,0.0658413,0
BULLAUSDT,resident,新,1788715714000,09-07 01:28:34,0.072424,0.0796664,0.072424,0.0651816,0
BULLAUSDT,resident,新,1788715934000,09-07 01:32:14,0.073177,0.0804947,0.073177,0.0658593,0
BULLAUSDT,resident,新,1788716451000,09-07 01:40:51,0.0741295,0.08154245,0.0741295,0.06671655,0
BULLAUSDT,resident,新,1788716539000,09-07 01:42:19,0.073365,0.0807015,0.073365,0.0660285,0
BULLAUSDT,resident,新,1788717618000,09-07 02:00:18,0.074102,0.0815122,0.074102,0.0666918,0
BULLAUSDT,resident,新,1788718326000,09-07 02:12:06,0.073328,0.0806608,0.073328,0.0659952,0
BULLAUSDT,resident,新,1788719325000,09-07 02:28:45,0.0725735,0.07983085,0.0725735,0.06531615,0
BULLAUSDT,resident,新,1788720058000,09-07 02:40:58,0.0733195,0.08065145,0.0733195,0.06598755,0
BULLAUSDT,resident,新,1788722478000,09-07 03:21:18,0.0742985,0.08172835,0.0742985,0.06686865,0
BULLAUSDT,resident,新,1788722803000,09-07 03:26:43,0.073535,0.0808885,0.073535,0.0661815,0
BULLAUSDT,resident,新,1788723740000,09-07 03:42:20,0.072799,0.0800789,0.072799,0.0655191,0
BULLAUSDT,resident,新,1788724401000,09-07 03:53:21,0.071923,0.0791153,0.071923,0.0647307,0
BULLAUSDT,resident,新,1788724661000,09-07 03:57:41,0.072662,0.0799282,0.072662,0.0653958,0
BULLAUSDT,resident,新,1788725350000,09-07 04:09:10,0.0734395,0.08078345,0.0734395,0.06609555,0
BULLAUSDT,resident,新,1788725900000,09-07 04:18:20,0.072689,0.0799579,0.072689,0.0654201,0
BULLAUSDT,resident,新,1788727145000,09-07 04:39:05,0.0734305,0.08077355,0.0734305,0.06608745,0
BULLAUSDT,resident,新,1788731179000,09-07 05:46:19,0.0741945,0.08161395,0.0741945,0.06677505,0
BULLAUSDT,resident,新,1788731466000,09-07 05:51:06,0.0749945,0.08249395,0.0749945,0.06749505,0
BULLAUSDT,resident,新,1788732146000,09-07 06:02:26,0.0742365,0.08166015,0.0742365,0.06681285,0
BULLAUSDT,resident,新,1788733072000,09-07 06:17:52,0.075006,0.0825066,0.075006,0.0675054,0
BULLAUSDT,resident,新,1788733465000,09-07 06:24:25,0.0757915,0.08337065,0.0757915,0.06821235,0
BULLAUSDT,resident,新,1788733704000,09-07 06:28:24,0.075015,0.0825165,0.075015,0.0675135,0
BULLAUSDT,resident,新,1788734508000,09-07 06:41:48,0.075775,0.0833525,0.075775,0.0681975,0
BULLAUSDT,resident,新,1788735733000,09-07 07:02:13,0.075017,0.0825187,0.075017,0.0675153,0
BULLAUSDT,resident,新,1788735936000,09-07 07:05:36,0.0742555,0.08168105,0.0742555,0.06682995,0
BULLAUSDT,resident,新,1788737538000,09-07 07:32:18,0.075006,0.0825066,0.075006,0.0675054,0
BULLAUSDT,resident,新,1788737816000,09-07 07:36:56,0.076026,0.0836286,0.076026,0.0684234,0
BULLAUSDT,resident,新,1788134400000,08-31 08:00:00,0.016102,0.0177122,0.016102,0.0144918,0
BULLAUSDT,resident,新,1788184784000,08-31 21:59:44,0.01643,0.018073,0.01643,0.014787,0
BULLAUSDT,resident,新,1788189096000,08-31 23:11:36,0.0167645,0.01844095,0.0167645,0.01508805,0
BULLAUSDT,resident,新,1788202845000,09-01 03:00:45,0.016429,0.0180719,0.016429,0.0147861,0
BULLAUSDT,resident,新,1788238794000,09-01 12:59:54,0.0167765,0.01845415,0.0167765,0.01509885,0
BULLAUSDT,resident,新,1788242939000,09-01 14:08:59,0.017117,0.0188287,0.017117,0.0154053,0
BULLAUSDT,resident,新,1788242975000,09-01 14:09:35,0.0175085,0.01925935,0.0175085,0.01575765,0
BULLAUSDT,resident,新,1788242992000,09-01 14:09:52,0.0179745,0.01977195,0.0179745,0.01617705,0
BULLAUSDT,resident,新,1788243330000,09-01 14:15:30,0.017606,0.0193666,0.017606,0.0158454,0
BULLAUSDT,resident,新,1788243453000,09-01 14:17:33,0.0172495,0.01897445,0.0172495,0.01552455,0
BULLAUSDT,resident,新,1788244094000,09-01 14:28:14,0.017596,0.0193556,0.017596,0.0158364,0
BULLAUSDT,resident,新,1788244401000,09-01 14:33:21,0.017221,0.0189431,0.017221,0.0154989,0
BULLAUSDT,resident,新,1788245342000,09-01 14:49:02,0.016875,0.0185625,0.016875,0.0151875,0
BULLAUSDT,resident,新,1788246105000,09-01 15:01:45,0.016528,0.0181808,0.016528,0.0148752,0
BULLAUSDT,resident,新,1788249119000,09-01 15:51:59,0.0161915,0.01781065,0.0161915,0.01457235,0
BULLAUSDT,resident,新,1788263596000,09-01 19:53:16,0.0165975,0.01825725,0.0165975,0.01493775,0
BULLAUSDT,resident,新,1788263628000,09-01 19:53:48,0.0169295,0.01862245,0.0169295,0.01523655,0
BULLAUSDT,resident,新,1788263938000,09-01 19:58:58,0.017298,0.0190278,0.017298,0.0155682,0
BULLAUSDT,resident,新,1788263957000,09-01 19:59:17,0.016932,0.0186252,0.016932,0.0152388,0
BULLAUSDT,resident,新,1788264326000,09-01 20:05:26,0.017336,0.0190696,0.017336,0.0156024,0
BULLAUSDT,resident,新,1788304778000,09-02 07:19:38,0.017699,0.0194689,0.017699,0.0159291,0
BULLAUSDT,resident,新,1788307167000,09-02 07:59:27,0.0173305,0.01906355,0.0173305,0.01559745,0
BULLAUSDT,resident,新,1788307397000,09-02 08:03:17,0.01768,0.019448,0.01768,0.015912,0
BULLAUSDT,resident,新,1788313279000,09-02 09:41:19,0.017318,0.0190498,0.017318,0.0155862,0
BULLAUSDT,resident,新,1788314081000,09-02 09:54:41,0.017704,0.0194744,0.017704,0.0159336,0
BULLAUSDT,resident,新,1788314109000,09-02 09:55:09,0.0180645,0.01987095,0.0180645,0.01625805,0
BULLAUSDT,resident,新,1788327301000,09-02 13:35:01,0.018426,0.0202686,0.018426,0.0165834,0
BULLAUSDT,resident,新,1788327303000,09-02 13:35:03,0.0188205,0.02070255,0.0188205,0.01693845,0
BULLAUSDT,resident,新,1788327490000,09-02 13:38:10,0.019223,0.0211453,0.019223,0.0173007,0
BULLAUSDT,resident,新,1788327615000,09-02 13:40:15,0.0188225,0.02070475,0.0188225,0.01694025,0
BULLAUSDT,resident,新,1788329225000,09-02 14:07:05,0.019206,0.0211266,0.019206,0.0172854,0
BULLAUSDT,resident,新,1788336884000,09-02 16:14:44,0.019607,0.0215677,0.019607,0.0176463,0
BULLAUSDT,resident,新,1788337384000,09-02 16:23:04,0.020043,0.0220473,0.020043,0.0180387,0
BULLAUSDT,resident,新,1788337689000,09-02 16:28:09,0.0195385,0.02149235,0.0195385,0.01758465,0
BULLAUSDT,resident,新,1788338479000,09-02 16:41:19,0.0199325,0.02192575,0.0199325,0.01793925,0
BULLAUSDT,resident,新,1788342002000,09-02 17:40:02,0.0195025,0.02145275,0.0195025,0.01755225,0
BULLAUSDT,resident,新,1788342071000,09-02 17:41:11,0.0190225,0.02092475,0.0190225,0.01712025,0
BULLAUSDT,resident,新,1788342122000,09-02 17:42:02,0.0194075,0.02134825,0.0194075,0.01746675,0
BULLAUSDT,resident,新,1788343162000,09-02 17:59:22,0.018993,0.0208923,0.018993,0.0170937,0
BULLAUSDT,resident,新,1788343769000,09-02 18:09:29,0.019376,0.0213136,0.019376,0.0174384,0
BULLAUSDT,resident,新,1788347088000,09-02 19:04:48,0.018941,0.0208351,0.018941,0.0170469,0
BULLAUSDT,resident,新,1788348301000,09-02 19:25:01,0.0193225,0.02125475,0.0193225,0.01739025,0
BULLAUSDT,resident,新,1788348428000,09-02 19:27:08,0.019711,0.0216821,0.019711,0.0177399,0
BULLAUSDT,resident,新,1788350116000,09-02 19:55:16,0.019316,0.0212476,0.019316,0.0173844,0
BULLAUSDT,resident,新,1788353813000,09-02 20:56:53,0.0189275,0.02082025,0.0189275,0.01703475,0
BULLAUSDT,resident,新,1788354945000,09-02 21:15:45,0.019315,0.0212465,0.019315,0.0173835,0
BULLAUSDT,resident,新,1788355792000,09-02 21:29:52,0.019715,0.0216865,0.019715,0.0177435,0
BULLAUSDT,resident,新,1788355871000,09-02 21:31:11,0.020123,0.0221353,0.020123,0.0181107,0
BULLAUSDT,resident,新,1788356548000,09-02 21:42:28,0.0197165,0.02168815,0.0197165,0.01774485,0
BULLAUSDT,resident,新,1788357761000,09-02 22:02:41,0.0201375,0.02215125,0.0201375,0.01812375,0
BULLAUSDT,resident,新,1788359347000,09-02 22:29:07,0.0205535,0.02260885,0.0205535,0.01849815,0
BULLAUSDT,resident,新,1788362752000,09-02 23:25:52,0.0209745,0.02307195,0.0209745,0.01887705,0
BULLAUSDT,resident,新,1788364470000,09-02 23:54:30,0.021407,0.0235477,0.021407,0.0192663,0
BULLAUSDT,resident,新,1788364534000,09-02 23:55:34,0.0218455,0.02403005,0.0218455,0.01966095,0
BULLAUSDT,resident,新,1788364584000,09-02 23:56:24,0.021391,0.0235301,0.021391,0.0192519,0
BULLAUSDT,resident,新,1788364826000,09-03 00:00:26,0.021905,0.0240955,0.021905,0.0197145,0
BULLAUSDT,resident,新,1788365238000,09-03 00:07:18,0.022351,0.0245861,0.022351,0.0201159,0
BULLAUSDT,resident,新,1788365342000,09-03 00:09:02,0.0228235,0.02510585,0.0228235,0.02054115,0
BULLAUSDT,resident,新,1788365351000,09-03 00:09:11,0.023321,0.0256531,0.023321,0.0209889,0
BULLAUSDT,resident,新,1788365637000,09-03 00:13:57,0.022807,0.0250877,0.022807,0.0205263,0
BULLAUSDT,resident,新,1788366202000,09-03 00:23:22,0.0232695,0.02559645,0.0232695,0.02094255,0
BULLAUSDT,resident,新,1788366666000,09-03 00:31:06,0.022707,0.0249777,0.022707,0.0204363,0
BULLAUSDT,resident,新,1788366674000,09-03 00:31:14,0.022135,0.0243485,0.022135,0.0199215,0
BULLAUSDT,resident,新,1788366691000,09-03 00:31:31,0.0226095,0.02487045,0.0226095,0.02034855,0
BULLAUSDT,resident,新,1788367340000,09-03 00:42:20,0.0221255,0.02433805,0.0221255,0.01991295,0
BULLAUSDT,resident,新,1788367473000,09-03 00:44:33,0.02257,0.024827,0.02257,0.020313,0
BULLAUSDT,resident,新,1788367616000,09-03 00:46:56,0.022103,0.0243133,0.022103,0.0198927,0
BULLAUSDT,resident,新,1788368222000,09-03 00:57:02,0.022555,0.0248105,0.022555,0.0202995,0
BULLAUSDT,resident,新,1788368961000,09-03 01:09:21,0.023026,0.0253286,0.023026,0.0207234,0
BULLAUSDT,resident,新,1788371727000,09-03 01:55:27,0.0225385,0.02479235,0.0225385,0.02028465,0
BULLAUSDT,resident,新,1788372541000,09-03 02:09:01,0.0229985,0.02529835,0.0229985,0.02069865,0
BULLAUSDT,resident,新,1788373191000,09-03 02:19:51,0.02346,0.025806,0.02346,0.021114,0
BULLAUSDT,resident,新,1788375131000,09-03 02:52:11,0.02393,0.026323,0.02393,0.021537,0
BULLAUSDT,resident,新,1788375366000,09-03 02:56:06,0.0244355,0.02687905,0.0244355,0.02199195,0
BULLAUSDT,resident,新,1788376031000,09-03 03:07:11,0.0239145,0.02630595,0.0239145,0.02152305,0
BULLAUSDT,resident,新,1788377044000,09-03 03:24:04,0.024393,0.0268323,0.024393,0.0219537,0
BULLAUSDT,resident,新,1788378707000,09-03 03:51:47,0.0248815,0.02736965,0.0248815,0.02239335,0
BULLAUSDT,resident,新,1788378854000,09-03 03:54:14,0.02539,0.027929,0.02539,0.022851,0
BULLAUSDT,resident,新,1788379276000,09-03 04:01:16,0.0259115,0.02850265,0.0259115,0.02332035,0
BULLAUSDT,resident,新,1788379378000,09-03 04:02:58,0.0252805,0.02780855,0.0252805,0.02275245,0
BULLAUSDT,resident,新,1788379412000,09-03 04:03:32,0.024743,0.0272173,0.024743,0.0222687,0
BULLAUSDT,resident,新,1788379461000,09-03 04:04:21,0.024214,0.0266354,0.024214,0.0217926,0
BULLAUSDT,resident,新,1788379518000,09-03 04:05:18,0.0247525,0.02722775,0.0247525,0.02227725,0
BULLAUSDT,resident,新,1788379536000,09-03 04:05:36,0.025249,0.0277739,0.025249,0.0227241,0
BULLAUSDT,resident,新,1788380445000,09-03 04:20:45,0.025762,0.0283382,0.025762,0.0231858,0
BULLAUSDT,resident,新,1788380603000,09-03 04:23:23,0.0252095,0.02773045,0.0252095,0.02268855,0
BULLAUSDT,resident,新,1788381481000,09-03 04:38:01,0.025722,0.0282942,0.025722,0.0231498,0
BULLAUSDT,resident,新,1788382764000,09-03 04:59:24,0.025206,0.0277266,0.025206,0.0226854,0
BULLAUSDT,resident,新,1788383201000,09-03 05:06:41,0.0257145,0.02828595,0.0257145,0.02314305,0
BULLAUSDT,resident,新,1788383822000,09-03 05:17:02,0.026279,0.0289069,0.026279,0.0236511,0
BULLAUSDT,resident,新,1788384548000,09-03 05:29:08,0.0268155,0.02949705,0.0268155,0.02413395,0
BULLAUSDT,resident,新,1788385052000,09-03 05:37:32,0.02738,0.030118,0.02738,0.024642,0
BULLAUSDT,resident,新,1788385230000,09-03 05:40:30,0.0281015,0.03091165,0.0281015,0.02529135,0
BULLAUSDT,resident,新,1788385445000,09-03 05:44:05,0.028677,0.0315447,0.028677,0.0258093,0
BULLAUSDT,resident,新,1788385455000,09-03 05:44:15,0.0293895,0.03232845,0.0293895,0.02645055,0
BULLAUSDT,resident,新,1788385460000,09-03 05:44:20,0.0283775,0.03121525,0.0283775,0.02553975,0
BULLAUSDT,resident,新,1788385463000,09-03 05:44:23,0.029043,0.0319473,0.029043,0.0261387,0
BULLAUSDT,resident,新,1788385492000,09-03 05:44:52,0.0283975,0.03123725,0.0283975,0.02555775,0
BULLAUSDT,resident,新,1788385498000,09-03 05:44:58,0.0278295,0.03061245,0.0278295,0.02504655,0
BULLAUSDT,resident,新,1788385519000,09-03 05:45:19,0.0272435,0.02996785,0.0272435,0.02451915,0
BULLAUSDT,resident,新,1788385525000,09-03 05:45:25,0.027806,0.0305866,0.027806,0.0250254,0
BULLAUSDT,resident,新,1788385540000,09-03 05:45:40,0.0285595,0.03141545,0.0285595,0.02570355,0
BULLAUSDT,resident,新,1788385558000,09-03 05:45:58,0.0291775,0.03209525,0.0291775,0.02625975,0
BULLAUSDT,resident,新,1788385593000,09-03 05:46:33,0.0298595,0.03284545,0.0298595,0.02687355,0
BULLAUSDT,resident,新,1788385608000,09-03 05:46:48,0.0291875,0.03210625,0.0291875,0.02626875,0
BULLAUSDT,resident,新,1788385663000,09-03 05:47:43,0.028514,0.0313654,0.028514,0.0256626,0
BULLAUSDT,resident,新,1788385710000,09-03 05:48:30,0.0291325,0.03204575,0.0291325,0.02621925,0
BULLAUSDT,resident,新,1788385793000,09-03 05:49:53,0.0298105,0.03279155,0.0298105,0.02682945,0
BULLAUSDT,resident,新,1788385805000,09-03 05:50:05,0.030429,0.0334719,0.030429,0.0273861,0
BULLAUSDT,resident,新,1788385815000,09-03 05:50:15,0.029753,0.0327283,0.029753,0.0267777,0
BULLAUSDT,resident,新,1788385819000,09-03 05:50:19,0.0290515,0.03195665,0.0290515,0.02614635,0
BULLAUSDT,resident,新,1788385845000,09-03 05:50:45,0.028301,0.0311311,0.028301,0.0254709,0
BULLAUSDT,resident,新,1788385849000,09-03 05:50:49,0.027534,0.0302874,0.027534,0.0247806,0
BULLAUSDT,resident,新,1788385851000,09-03 05:50:51,0.026822,0.0295042,0.026822,0.0241398,0
BULLAUSDT,resident,新,1788385860000,09-03 05:51:00,0.0261125,0.02872375,0.0261125,0.02350125,0
BULLAUSDT,resident,新,1788385882000,09-03 05:51:22,0.026649,0.0293139,0.026649,0.0239841,0
BULLAUSDT,resident,新,1788386006000,09-03 05:53:26,0.027216,0.0299376,0.027216,0.0244944,0
BULLAUSDT,resident,新,1788386215000,09-03 05:56:55,0.0266355,0.02929905,0.0266355,0.02397195,0
BULLAUSDT,resident,新,1788386351000,09-03 05:59:11,0.02607,0.028677,0.02607,0.023463,0
BULLAUSDT,resident,新,1788386470000,09-03 06:01:10,0.0253915,0.02793065,0.0253915,0.02285235,0
BULLAUSDT,resident,新,1788386490000,09-03 06:01:30,0.0259085,0.02849935,0.0259085,0.02331765,0
BULLAUSDT,resident,新,1788386529000,09-03 06:02:09,0.026502,0.0291522,0.026502,0.0238518,0
BULLAUSDT,resident,新,1788386807000,09-03 06:06:47,0.027054,0.0297594,0.027054,0.0243486,0
BULLAUSDT,resident,新,1788387203000,09-03 06:13:23,0.026488,0.0291368,0.026488,0.0238392,0
BULLAUSDT,resident,新,1788387216000,09-03 06:13:36,0.0259305,0.02852355,0.0259305,0.02333745,0
BULLAUSDT,resident,新,1788387236000,09-03 06:13:56,0.0253795,0.02791745,0.0253795,0.02284155,0
BULLAUSDT,resident,新,1788387298000,09-03 06:14:58,0.024743,0.0272173,0.024743,0.0222687,0
BULLAUSDT,resident,新,1788387513000,09-03 06:18:33,0.0242285,0.02665135,0.0242285,0.02180565,0
BULLAUSDT,resident,新,1788387515000,09-03 06:18:35,0.023569,0.0259259,0.023569,0.0212121,0
BULLAUSDT,resident,新,1788387517000,09-03 06:18:37,0.0230835,0.02539185,0.0230835,0.02077515,0
BULLAUSDT,resident,新,1788387523000,09-03 06:18:43,0.0226035,0.02486385,0.0226035,0.02034315,0
BULLAUSDT,resident,新,1788387525000,09-03 06:18:45,0.0231115,0.02542265,0.0231115,0.02080035,0
BULLAUSDT,resident,新,1788387536000,09-03 06:18:56,0.0225325,0.02478575,0.0225325,0.02027925,0
BULLAUSDT,resident,新,1788387539000,09-03 06:18:59,0.0220765,0.02428415,0.0220765,0.01986885,0
BULLAUSDT,resident,新,1788387543000,09-03 06:19:03,0.0226065,0.02486715,0.0226065,0.02034585,0
BULLAUSDT,resident,新,1788387580000,09-03 06:19:40,0.022144,0.0243584,0.022144,0.0199296,0
BULLAUSDT,resident,新,1788387584000,09-03 06:19:44,0.0217,0.02387,0.0217,0.01953,0
BULLAUSDT,resident,新,1788387839000,09-03 06:23:59,0.0212135,0.02333485,0.0212135,0.01909215,0
BULLAUSDT,resident,新,1788387852000,09-03 06:24:12,0.0207555,0.02283105,0.0207555,0.01867995,0
BULLAUSDT,resident,新,1788387935000,09-03 06:25:35,0.0211945,0.02331395,0.0211945,0.01907505,0
BULLAUSDT,resident,新,1788387979000,09-03 06:26:19,0.0206365,0.02270015,0.0206365,0.01857285,0
BULLAUSDT,resident,新,1788387985000,09-03 06:26:25,0.020208,0.0222288,0.020208,0.0181872,0
BULLAUSDT,resident,新,1788387990000,09-03 06:26:30,0.019793,0.0217723,0.019793,0.0178137,0
BULLAUSDT,resident,新,1788388003000,09-03 06:26:43,0.019368,0.0213048,0.019368,0.0174312,0
BULLAUSDT,resident,新,1788388045000,09-03 06:27:25,0.0197905,0.02176955,0.0197905,0.01781145,0
BULLAUSDT,resident,新,1788388115000,09-03 06:28:35,0.019311,0.0212421,0.019311,0.0173799,0
BULLAUSDT,resident,新,1788388117000,09-03 06:28:37,0.0186185,0.02048035,0.0186185,0.01675665,0
BULLAUSDT,resident,新,1788388121000,09-03 06:28:41,0.0190485,0.02095335,0.0190485,0.01714365,0
BULLAUSDT,resident,新,1788388142000,09-03 06:29:02,0.019536,0.0214896,0.019536,0.0175824,0
BULLAUSDT,resident,新,1788388307000,09-03 06:31:47,0.019937,0.0219307,0.019937,0.0179433,0
BULLAUSDT,resident,新,1788389800000,09-03 06:56:40,0.0203445,0.02237895,0.0203445,0.01831005,0
BULLAUSDT,resident,新,1788389862000,09-03 06:57:42,0.0207855,0.02286405,0.0207855,0.01870695,0
BULLAUSDT,resident,新,1788390012000,09-03 07:00:12,0.0203375,0.02237125,0.0203375,0.01830375,0
BULLAUSDT,resident,新,1788390362000,09-03 07:06:02,0.019896,0.0218856,0.019896,0.0179064,0
BULLAUSDT,resident,新,1788390424000,09-03 07:07:04,0.019454,0.0213994,0.019454,0.0175086,0
BULLAUSDT,resident,新,1788390541000,09-03 07:09:01,0.019049,0.0209539,0.019049,0.0171441,0
BULLAUSDT,resident,新,1788390980000,09-03 07:16:20,0.019432,0.0213752,0.019432,0.0174888,0
BULLAUSDT,resident,新,1788391453000,09-03 07:24:13,0.0199,0.02189,0.0199,0.01791,0
BULLAUSDT,resident,新,1788392376000,09-03 07:39:36,0.020351,0.0223861,0.020351,0.0183159,0
BULLAUSDT,resident,新,1788392525000,09-03 07:42:05,0.0207655,0.02284205,0.0207655,0.01868895,0
BULLAUSDT,resident,新,1788392588000,09-03 07:43:08,0.0212445,0.02336895,0.0212445,0.01912005,0
BULLAUSDT,resident,新,1788392684000,09-03 07:44:44,0.0217235,0.02389585,0.0217235,0.01955115,0
BULLAUSDT,resident,新,1788392792000,09-03 07:46:32,0.0221615,0.02437765,0.0221615,0.01994535,0
BULLAUSDT,resident,新,1788392815000,09-03 07:46:55,0.0217095,0.02388045,0.0217095,0.01953855,0
BULLAUSDT,resident,新,1788393044000,09-03 07:50:44,0.022177,0.0243947,0.022177,0.0199593,0
BULLAUSDT,resident,新,1788393064000,09-03 07:51:04,0.0217195,0.02389145,0.0217195,0.01954755,0
BULLAUSDT,resident,新,1788393271000,09-03 07:54:31,0.0221555,0.02437105,0.0221555,0.01993995,0
BULLAUSDT,resident,新,1788393315000,09-03 07:55:15,0.022613,0.0248743,0.022613,0.0203517,0
BULLAUSDT,resident,新,1788393433000,09-03 07:57:13,0.022115,0.0243265,0.022115,0.0199035,0
BULLAUSDT,resident,新,1788393552000,09-03 07:59:12,0.0225585,0.02481435,0.0225585,0.02030265,0
BULLAUSDT,resident,新,1788393606000,09-03 08:00:06,0.0230925,0.02540175,0.0230925,0.02078325,0
BULLAUSDT,resident,新,1788393749000,09-03 08:02:29,0.0226245,0.02488695,0.0226245,0.02036205,0
BULLAUSDT,resident,新,1788393843000,09-03 08:04:03,0.022155,0.0243705,0.022155,0.0199395,0
BULLAUSDT,resident,新,1788393944000,09-03 08:05:44,0.0216985,0.02386835,0.0216985,0.01952865,0
BULLAUSDT,resident,新,1788393988000,09-03 08:06:28,0.021241,0.0233651,0.021241,0.0191169,0
BULLAUSDT,resident,新,1788394063000,09-03 08:07:43,0.0216785,0.02384635,0.0216785,0.01951065,0
BULLAUSDT,resident,新,1788394156000,09-03 08:09:16,0.021207,0.0233277,0.021207,0.0190863,0
BULLAUSDT,resident,新,1788394176000,09-03 08:09:36,0.020764,0.0228404,0.020764,0.0186876,0
BULLAUSDT,resident,新,1788394220000,09-03 08:10:20,0.02119,0.023309,0.02119,0.019071,0
BULLAUSDT,resident,新,1788394261000,09-03 08:11:01,0.021622,0.0237842,0.021622,0.0194598,0
BULLAUSDT,resident,新,1788394365000,09-03 08:12:45,0.021184,0.0233024,0.021184,0.0190656,0
BULLAUSDT,resident,新,1788395286000,09-03 08:28:06,0.021669,0.0238359,0.021669,0.0195021,0
BULLAUSDT,resident,新,1788395636000,09-03 08:33:56,0.021215,0.0233365,0.021215,0.0190935,0
BULLAUSDT,resident,新,1788395785000,09-03 08:36:25,0.021658,0.0238238,0.021658,0.0194922,0
BULLAUSDT,resident,新,1788395866000,09-03 08:37:46,0.0221725,0.02438975,0.0221725,0.01995525,0
BULLAUSDT,resident,新,1788395889000,09-03 08:38:09,0.022633,0.0248963,0.022633,0.0203697,0
BULLAUSDT,resident,新,1788396025000,09-03 08:40:25,0.0231165,0.02542815,0.0231165,0.02080485,0
BULLAUSDT,resident,新,1788396183000,09-03 08:43:03,0.022652,0.0249172,0.022652,0.0203868,0
BULLAUSDT,resident,新,1788396422000,09-03 08:47:02,0.0231965,0.02551615,0.0231965,0.02087685,0
BULLAUSDT,resident,新,1788396519000,09-03 08:48:39,0.023661,0.0260271,0.023661,0.0212949,0
BULLAUSDT,resident,新,1788396527000,09-03 08:48:47,0.023145,0.0254595,0.023145,0.0208305,0
BULLAUSDT,resident,新,1788396748000,09-03 08:52:28,0.0226815,0.02494965,0.0226815,0.02041335,0
BULLAUSDT,resident,新,1788396788000,09-03 08:53:08,0.0222005,0.02442055,0.0222005,0.01998045,0
BULLAUSDT,resident,新,1788396892000,09-03 08:54:52,0.021755,0.0239305,0.021755,0.0195795,0
BULLAUSDT,resident,新,1788396921000,09-03 08:55:21,0.0223435,0.02457785,0.0223435,0.02010915,0
BULLAUSDT,resident,新,1788397050000,09-03 08:57:30,0.0228435,0.02512785,0.0228435,0.02055915,0
BULLAUSDT,resident,新,1788397749000,09-03 09:09:09,0.0223775,0.02461525,0.0223775,0.02013975,0
BULLAUSDT,resident,新,1788398401000,09-03 09:20:01,0.021898,0.0240878,0.021898,0.0197082,0
BULLAUSDT,resident,新,1788398684000,09-03 09:24:44,0.0223415,0.02457565,0.0223415,0.02010735,0
BULLAUSDT,resident,新,1788399075000,09-03 09:31:15,0.0227925,0.02507175,0.0227925,0.02051325,0
BULLAUSDT,resident,新,1788399637000,09-03 09:40:37,0.0232855,0.02561405,0.0232855,0.02095695,0
BULLAUSDT,resident,新,1788400082000,09-03 09:48:02,0.023789,0.0261679,0.023789,0.0214101,0
BULLAUSDT,resident,新,1788400807000,09-03 10:00:07,0.023312,0.0256432,0.023312,0.0209808,0
BULLAUSDT,resident,新,1788402080000,09-03 10:21:20,0.0237935,0.02617285,0.0237935,0.02141415,0
BULLAUSDT,resident,新,1788402780000,09-03 10:33:00,0.0233115,0.02564265,0.0233115,0.02098035,0
BULLAUSDT,resident,新,1788402928000,09-03 10:35:28,0.022799,0.0250789,0.022799,0.0205191,0
BULLAUSDT,resident,新,1788402970000,09-03 10:36:10,0.02231,0.024541,0.02231,0.020079,0
BULLAUSDT,resident,新,1788403524000,09-03 10:45:24,0.022765,0.0250415,0.022765,0.0204885,0
BULLAUSDT,resident,新,1788404372000,09-03 10:59:32,0.0232215,0.02554365,0.0232215,0.02089935,0
BULLAUSDT,resident,新,1788405913000,09-03 11:25:13,0.023695,0.0260645,0.023695,0.0213255,0
BULLAUSDT,resident,新,1788406444000,09-03 11:34:04,0.023215,0.0255365,0.023215,0.0208935,0
BULLAUSDT,resident,新,1788408219000,09-03 12:03:39,0.0237025,0.02607275,0.0237025,0.02133225,0
BULLAUSDT,resident,新,1788410221000,09-03 12:37:01,0.024196,0.0266156,0.024196,0.0217764,0
BULLAUSDT,resident,新,1788410415000,09-03 12:40:15,0.024723,0.0271953,0.024723,0.0222507,0
BULLAUSDT,resident,新,1788410553000,09-03 12:42:33,0.0252605,0.02778655,0.0252605,0.02273445,0
BULLAUSDT,resident,新,1788410727000,09-03 12:45:27,0.024753,0.0272283,0.024753,0.0222777,0
BULLAUSDT,resident,新,1788412562000,09-03 13:16:02,0.024078,0.0264858,0.024078,0.0216702,0
BULLAUSDT,resident,新,1788412579000,09-03 13:16:19,0.023533,0.0258863,0.023533,0.0211797,0
BULLAUSDT,resident,新,1788413016000,09-03 13:23:36,0.0240325,0.02643575,0.0240325,0.02162925,0
BULLAUSDT,resident,新,1788413649000,09-03 13:34:09,0.023536,0.0258896,0.023536,0.0211824,0
BULLAUSDT,resident,新,1788414111000,09-03 13:41:51,0.024029,0.0264319,0.024029,0.0216261,0
BULLAUSDT,resident,新,1788414843000,09-03 13:54:03,0.0234275,0.02577025,0.0234275,0.02108475,0
BULLAUSDT,resident,新,1788415029000,09-03 13:57:09,0.0239065,0.02629715,0.0239065,0.02151585,0
BULLAUSDT,resident,新,1788415863000,09-03 14:11:03,0.0243865,0.02682515,0.0243865,0.02194785,0
BULLAUSDT,resident,新,1788418284000,09-03 14:51:24,0.024879,0.0273669,0.024879,0.0223911,0
BULLAUSDT,resident,新,1788418748000,09-03 14:59:08,0.025379,0.0279169,0.025379,0.0228411,0
BULLAUSDT,resident,新,1788418873000,09-03 15:01:13,0.025893,0.0284823,0.025893,0.0233037,0
BULLAUSDT,resident,新,1788419107000,09-03 15:05:07,0.02537,0.027907,0.02537,0.022833,0
BULLAUSDT,resident,新,1788419249000,09-03 15:07:29,0.025903,0.0284933,0.025903,0.0233127,0
BULLAUSDT,resident,新,1788419444000,09-03 15:10:44,0.025255,0.0277805,0.025255,0.0227295,0
BULLAUSDT,resident,新,1788419446000,09-03 15:10:46,0.0246495,0.02711445,0.0246495,0.02218455,0
BULLAUSDT,resident,新,1788419702000,09-03 15:15:02,0.0251495,0.02766445,0.0251495,0.02263455,0
BULLAUSDT,resident,新,1788420106000,09-03 15:21:46,0.0256665,0.02823315,0.0256665,0.02309985,0
BULLAUSDT,resident,新,1788420573000,09-03 15:29:33,0.0250615,0.02756765,0.0250615,0.02255535,0
BULLAUSDT,resident,新,1788420583000,09-03 15:29:43,0.024376,0.0268136,0.024376,0.0219384,0
BULLAUSDT,resident,新,1788420767000,09-03 15:32:47,0.0238635,0.02624985,0.0238635,0.02147715,0
BULLAUSDT,resident,新,1788421142000,09-03 15:39:02,0.02333,0.025663,0.02333,0.020997,0
BULLAUSDT,resident,新,1788421394000,09-03 15:43:14,0.023797,0.0261767,0.023797,0.0214173,0
BULLAUSDT,resident,新,1788421647000,09-03 15:47:27,0.024359,0.0267949,0.024359,0.0219231,0
BULLAUSDT,resident,新,1788421826000,09-03 15:50:26,0.0248635,0.02734985,0.0248635,0.02237715,0
BULLAUSDT,resident,新,1788422437000,09-03 16:00:37,0.024365,0.0268015,0.024365,0.0219285,0
BULLAUSDT,resident,新,1788422936000,09-03 16:08:56,0.024868,0.0273548,0.024868,0.0223812,0
BULLAUSDT,resident,新,1788423492000,09-03 16:18:12,0.0253945,0.02793395,0.0253945,0.02285505,0
BULLAUSDT,resident,新,1788423571000,09-03 16:19:31,0.025939,0.0285329,0.025939,0.0233451,0
BULLAUSDT,resident,新,1788424867000,09-03 16:41:07,0.0264665,0.02911315,0.0264665,0.02381985,0
BULLAUSDT,resident,新,1788425447000,09-03 16:50:47,0.0270055,0.02970605,0.0270055,0.02430495,0
BULLAUSDT,resident,新,1788425454000,09-03 16:50:54,0.027561,0.0303171,0.027561,0.0248049,0
BULLAUSDT,resident,新,1788425668000,09-03 16:54:28,0.028133,0.0309463,0.028133,0.0253197,0
BULLAUSDT,resident,新,1788425725000,09-03 16:55:25,0.027568,0.0303248,0.027568,0.0248112,0
BULLAUSDT,resident,新,1788425924000,09-03 16:58:44,0.028137,0.0309507,0.028137,0.0253233,0
BULLAUSDT,resident,新,1788425934000,09-03 16:58:54,0.028723,0.0315953,0.028723,0.0258507,0
BULLAUSDT,resident,新,1788425946000,09-03 16:59:06,0.0276125,0.03037375,0.0276125,0.02485125,0
BULLAUSDT,resident,新,1788426332000,09-03 17:05:32,0.0281965,0.03101615,0.0281965,0.02537685,0
BULLAUSDT,resident,新,1788426727000,09-03 17:12:07,0.027546,0.0303006,0.027546,0.0247914,0
BULLAUSDT,resident,新,1788426737000,09-03 17:12:17,0.0266585,0.02932435,0.0266585,0.02399265,0
BULLAUSDT,resident,新,1788427102000,09-03 17:18:22,0.0272125,0.02993375,0.0272125,0.02449125,0
BULLAUSDT,resident,新,1788427382000,09-03 17:23:02,0.0266585,0.02932435,0.0266585,0.02399265,0
BULLAUSDT,resident,新,1788427410000,09-03 17:23:30,0.0271965,0.02991615,0.0271965,0.02447685,0
BULLAUSDT,resident,新,1788427500000,09-03 17:25:00,0.0266455,0.02931005,0.0266455,0.02398095,0
BULLAUSDT,resident,新,1788427745000,09-03 17:29:05,0.027223,0.0299453,0.027223,0.0245007,0
BULLAUSDT,resident,新,1788428645000,09-03 17:44:05,0.0277965,0.03057615,0.0277965,0.02501685,0
BULLAUSDT,resident,新,1788429252000,09-03 17:54:12,0.0283635,0.03119985,0.0283635,0.02552715,0
BULLAUSDT,resident,新,1788431172000,09-03 18:26:12,0.0289965,0.03189615,0.0289965,0.02609685,0
BULLAUSDT,resident,新,1788432490000,09-03 18:48:10,0.0295835,0.03254185,0.0295835,0.02662515,0
BULLAUSDT,resident,新,1788433695000,09-03 19:08:15,0.0289195,0.03181145,0.0289195,0.02602755,0
BULLAUSDT,resident,新,1788434261000,09-03 19:17:41,0.028298,0.0311278,0.028298,0.0254682,0
BULLAUSDT,resident,新,1788434453000,09-03 19:20:53,0.0289025,0.03179275,0.0289025,0.02601225,0
BULLAUSDT,resident,新,1788434587000,09-03 19:23:07,0.028292,0.0311212,0.028292,0.0254628,0
BULLAUSDT,resident,新,1788434813000,09-03 19:26:53,0.0277185,0.03049035,0.0277185,0.02494665,0
BULLAUSDT,resident,新,1788435039000,09-03 19:30:39,0.0282965,0.03112615,0.0282965,0.02546685,0
BULLAUSDT,resident,新,1788435519000,09-03 19:38:39,0.0289315,0.03182465,0.0289315,0.02603835,0
BULLAUSDT,resident,新,1788436367000,09-03 19:52:47,0.0295415,0.03249565,0.0295415,0.02658735,0
BULLAUSDT,resident,新,1788437405000,09-03 20:10:05,0.0289395,0.03183345,0.0289395,0.02604555,0
BULLAUSDT,resident,新,1788437712000,09-03 20:15:12,0.0295405,0.03249455,0.0295405,0.02658645,0
BULLAUSDT,resident,新,1788438044000,09-03 20:20:44,0.028805,0.0316855,0.028805,0.0259245,0
BULLAUSDT,resident,新,1788438063000,09-03 20:21:03,0.0281845,0.03100295,0.0281845,0.02536605,0
BULLAUSDT,resident,新,1788438088000,09-03 20:21:28,0.0275945,0.03035395,0.0275945,0.02483505,0
BULLAUSDT,resident,新,1788438129000,09-03 20:22:09,0.028166,0.0309826,0.028166,0.0253494,0
BULLAUSDT,resident,新,1788438230000,09-03 20:23:50,0.028739,0.0316129,0.028739,0.0258651,0
BULLAUSDT,resident,新,1788438272000,09-03 20:24:32,0.0281585,0.03097435,0.0281585,0.02534265,0
BULLAUSDT,resident,新,1788438725000,09-03 20:32:05,0.027571,0.0303281,0.027571,0.0248139,0
BULLAUSDT,resident,新,1788439171000,09-03 20:39:31,0.0281595,0.03097545,0.0281595,0.02534355,0
BULLAUSDT,resident,新,1788439441000,09-03 20:44:01,0.0287835,0.03166185,0.0287835,0.02590515,0
BULLAUSDT,resident,新,1788440045000,09-03 20:54:05,0.029475,0.0324225,0.029475,0.0265275,0
BULLAUSDT,resident,新,1788440508000,09-03 21:01:48,0.028718,0.0315898,0.028718,0.0258462,0
BULLAUSDT,resident,新,1788440620000,09-03 21:03:40,0.029296,0.0322256,0.029296,0.0263664,0
BULLAUSDT,resident,新,1788441159000,09-03 21:12:39,0.030079,0.0330869,0.030079,0.0270711,0
BULLAUSDT,resident,新,1788441647000,09-03 21:20:47,0.029327,0.0322597,0.029327,0.0263943,0
BULLAUSDT,resident,新,1788441652000,09-03 21:20:52,0.028454,0.0312994,0.028454,0.0256086,0
BULLAUSDT,resident,新,1788441672000,09-03 21:21:12,0.0278715,0.03065865,0.0278715,0.02508435,0
BULLAUSDT,resident,新,1788441698000,09-03 21:21:38,0.0284455,0.03129005,0.0284455,0.02560095,0
BULLAUSDT,resident,新,1788441730000,09-03 21:22:10,0.0276435,0.03040785,0.0276435,0.02487915,0
BULLAUSDT,resident,新,1788441747000,09-03 21:22:27,0.026948,0.0296428,0.026948,0.0242532,0
BULLAUSDT,resident,新,1788441764000,09-03 21:22:44,0.0278635,0.03064985,0.0278635,0.02507715,0
BULLAUSDT,resident,新,1788441792000,09-03 21:23:12,0.0286665,0.03153315,0.0286665,0.02579985,0
BULLAUSDT,resident,新,1788441793000,09-03 21:23:13,0.029272,0.0321992,0.029272,0.0263448,0
BULLAUSDT,resident,新,1788441830000,09-03 21:23:50,0.0298855,0.03287405,0.0298855,0.02689695,0
BULLAUSDT,resident,新,1788441904000,09-03 21:25:04,0.0305395,0.03359345,0.0305395,0.02748555,0
BULLAUSDT,resident,新,1788441955000,09-03 21:25:55,0.0298345,0.03281795,0.0298345,0.02685105,0
BULLAUSDT,resident,新,1788442014000,09-03 21:26:54,0.029226,0.0321486,0.029226,0.0263034,0
BULLAUSDT,resident,新,1788442043000,09-03 21:27:23,0.02993,0.032923,0.02993,0.026937,0
BULLAUSDT,resident,新,1788444628000,09-03 22:10:28,0.030637,0.0337007,0.030637,0.0275733,0
BULLAUSDT,resident,新,1788444851000,09-03 22:14:11,0.0313465,0.03448115,0.0313465,0.02821185,0
BULLAUSDT,resident,新,1788444861000,09-03 22:14:21,0.032042,0.0352462,0.032042,0.0288378,0
BULLAUSDT,resident,新,1788444866000,09-03 22:14:26,0.0328385,0.03612235,0.0328385,0.02955465,0
BULLAUSDT,resident,新,1788445583000,09-03 22:26:23,0.032,0.0352,0.032,0.0288,0
BULLAUSDT,resident,新,1788445615000,09-03 22:26:55,0.031331,0.0344641,0.031331,0.0281979,0
BULLAUSDT,resident,新,1788445713000,09-03 22:28:33,0.0324615,0.03570765,0.0324615,0.02921535,0
BULLAUSDT,resident,新,1788446417000,09-03 22:40:17,0.033426,0.0367686,0.033426,0.0300834,0
BULLAUSDT,resident,新,1788446448000,09-03 22:40:48,0.0327495,0.03602445,0.0327495,0.02947455,0
BULLAUSDT,resident,新,1788447722000,09-03 23:02:02,0.0334195,0.03676145,0.0334195,0.03007755,0
BULLAUSDT,resident,新,1788448623000,09-03 23:17:03,0.03269,0.035959,0.03269,0.029421,0
BULLAUSDT,resident,新,1788448806000,09-03 23:20:06,0.033474,0.0368214,0.033474,0.0301266,0
BULLAUSDT,resident,新,1788448894000,09-03 23:21:34,0.034201,0.0376211,0.034201,0.0307809,0
BULLAUSDT,resident,新,1788448927000,09-03 23:22:07,0.03506,0.038566,0.03506,0.031554,0
BULLAUSDT,resident,新,1788448945000,09-03 23:22:25,0.035808,0.0393888,0.035808,0.0322272,0
BULLAUSDT,resident,新,1788448966000,09-03 23:22:46,0.0366645,0.04033095,0.0366645,0.03299805,0
BULLAUSDT,resident,新,1788448994000,09-03 23:23:14,0.0374585,0.04120435,0.0374585,0.03371265,0
BULLAUSDT,resident,新,1788449006000,09-03 23:23:26,0.03663,0.040293,0.03663,0.032967,0
BULLAUSDT,resident,新,1788449062000,09-03 23:24:22,0.0374055,0.04114605,0.0374055,0.03366495,0
BULLAUSDT,resident,新,1788449151000,09-03 23:25:51,0.0382225,0.04204475,0.0382225,0.03440025,0
BULLAUSDT,resident,新,1788449444000,09-03 23:30:44,0.0392805,0.04320855,0.0392805,0.03535245,0
BULLAUSDT,resident,新,1788449464000,09-03 23:31:04,0.038414,0.0422554,0.038414,0.0345726,0
BULLAUSDT,resident,新,1788449527000,09-03 23:32:07,0.039207,0.0431277,0.039207,0.0352863,0
BULLAUSDT,resident,新,1788449624000,09-03 23:33:44,0.0400605,0.04406655,0.0400605,0.03605445,0
BULLAUSDT,resident,新,1788449869000,09-03 23:37:49,0.039221,0.0431431,0.039221,0.0352989,0
BULLAUSDT,resident,新,1788450821000,09-03 23:53:41,0.0384325,0.04227575,0.0384325,0.03458925,0
BULLAUSDT,resident,新,1788450878000,09-03 23:54:38,0.0392395,0.04316345,0.0392395,0.03531555,0
BULLAUSDT,resident,新,1788451109000,09-03 23:58:29,0.038322,0.0421542,0.038322,0.0344898,0
BULLAUSDT,resident,新,1788451137000,09-03 23:58:57,0.0391195,0.04303145,0.0391195,0.03520755,0
BULLAUSDT,resident,新,1788451933000,09-04 00:12:13,0.0399115,0.04390265,0.0399115,0.03592035,0
BULLAUSDT,resident,新,1788451934000,09-04 00:12:14,0.0409595,0.04505545,0.0409595,0.03686355,0
BULLAUSDT,resident,新,1788451935000,09-04 00:12:15,0.041985,0.0461835,0.041985,0.0377865,0
BULLAUSDT,resident,新,1788451938000,09-04 00:12:18,0.0410715,0.04517865,0.0410715,0.03696435,0
BULLAUSDT,resident,新,1788451961000,09-04 00:12:41,0.0421855,0.04640405,0.0421855,0.03796695,0
BULLAUSDT,resident,新,1788451985000,09-04 00:13:05,0.0413195,0.04545145,0.0413195,0.03718755,0
BULLAUSDT,resident,新,1788452177000,09-04 00:16:17,0.042267,0.0464937,0.042267,0.0380403,0
BULLAUSDT,resident,新,1788452180000,09-04 00:16:20,0.043123,0.0474353,0.043123,0.0388107,0
BULLAUSDT,resident,新,1788452204000,09-04 00:16:44,0.0440995,0.04850945,0.0440995,0.03968955,0
BULLAUSDT,resident,新,1788452222000,09-04 00:17:02,0.043166,0.0474826,0.043166,0.0388494,0
BULLAUSDT,resident,新,1788452252000,09-04 00:17:32,0.04228,0.046508,0.04228,0.038052,0
BULLAUSDT,resident,新,1788452340000,09-04 00:19:00,0.0431285,0.04744135,0.0431285,0.03881565,0
BULLAUSDT,resident,新,1788452547000,09-04 00:22:27,0.0422485,0.04647335,0.0422485,0.03802365,0
BULLAUSDT,resident,新,1788452607000,09-04 00:23:27,0.0413775,0.04551525,0.0413775,0.03723975,0
BULLAUSDT,resident,新,1788452705000,09-04 00:25:05,0.040427,0.0444697,0.040427,0.0363843,0
BULLAUSDT,resident,新,1788452735000,09-04 00:25:35,0.039443,0.0433873,0.039443,0.0354987,0
BULLAUSDT,resident,新,1788452764000,09-04 00:26:04,0.03796,0.041756,0.03796,0.034164,0
BULLAUSDT,resident,新,1788452781000,09-04 00:26:21,0.037148,0.0408628,0.037148,0.0334332,0
BULLAUSDT,resident,新,1788452793000,09-04 00:26:33,0.037913,0.0417043,0.037913,0.0341217,0
BULLAUSDT,resident,新,1788452833000,09-04 00:27:13,0.037008,0.0407088,0.037008,0.0333072,0
BULLAUSDT,resident,新,1788452885000,09-04 00:28:05,0.0355075,0.03905825,0.0355075,0.03195675,0
BULLAUSDT,resident,新,1788452889000,09-04 00:28:09,0.036307,0.0399377,0.036307,0.0326763,0
BULLAUSDT,resident,新,1788452924000,09-04 00:28:44,0.0354765,0.03902415,0.0354765,0.03192885,0
BULLAUSDT,resident,新,1788452944000,09-04 00:29:04,0.0345505,0.03800555,0.0345505,0.03109545,0
BULLAUSDT,resident,新,1788452958000,09-04 00:29:18,0.033792,0.0371712,0.033792,0.0304128,0
BULLAUSDT,resident,新,1788452982000,09-04 00:29:42,0.034609,0.0380699,0.034609,0.0311481,0
BULLAUSDT,resident,新,1788452989000,09-04 00:29:49,0.0354815,0.03902965,0.0354815,0.03193335,0
BULLAUSDT,resident,新,1788453043000,09-04 00:30:43,0.036198,0.0398178,0.036198,0.0325782,0
BULLAUSDT,resident,新,1788453048000,09-04 00:30:48,0.035315,0.0388465,0.035315,0.0317835,0
BULLAUSDT,resident,新,1788453109000,09-04 00:31:49,0.0360575,0.03966325,0.0360575,0.03245175,0
BULLAUSDT,resident,新,1788453148000,09-04 00:32:28,0.0368015,0.04048165,0.0368015,0.03312135,0
BULLAUSDT,resident,新,1788453152000,09-04 00:32:32,0.0360065,0.03960715,0.0360065,0.03240585,0
BULLAUSDT,resident,新,1788453214000,09-04 00:33:34,0.036753,0.0404283,0.036753,0.0330777,0
BULLAUSDT,resident,新,1788453378000,09-04 00:36:18,0.0358985,0.03948835,0.0358985,0.03230865,0
BULLAUSDT,resident,新,1788453633000,09-04 00:40:33,0.0366415,0.04030565,0.0366415,0.03297735,0
BULLAUSDT,resident,新,1788453638000,09-04 00:40:38,0.0373965,0.04113615,0.0373965,0.03365685,0
BULLAUSDT,resident,新,1788453706000,09-04 00:41:46,0.036582,0.0402402,0.036582,0.0329238,0
BULLAUSDT,resident,新,1788453769000,09-04 00:42:49,0.0373425,0.04107675,0.0373425,0.03360825,0
BULLAUSDT,resident,新,1788454010000,09-04 00:46:50,0.0382475,0.04207225,0.0382475,0.03442275,0
BULLAUSDT,resident,新,1788454262000,09-04 00:51:02,0.039015,0.0429165,0.039015,0.0351135,0
BULLAUSDT,resident,新,1788454595000,09-04 00:56:35,0.040113,0.0441243,0.040113,0.0361017,0
BULLAUSDT,resident,新,1788454732000,09-04 00:58:52,0.0409175,0.04500925,0.0409175,0.03682575,0
BULLAUSDT,resident,新,1788455442000,09-04 01:10:42,0.041766,0.0459426,0.041766,0.0375894,0
BULLAUSDT,resident,新,1788456118000,09-04 01:21:58,0.0407605,0.04483655,0.0407605,0.03668445,0
BULLAUSDT,resident,新,1788456242000,09-04 01:24:02,0.03974,0.043714,0.03974,0.035766,0
BULLAUSDT,resident,新,1788456263000,09-04 01:24:23,0.03872,0.042592,0.03872,0.034848,0
BULLAUSDT,resident,新,1788456266000,09-04 01:24:26,0.0378475,0.04163225,0.0378475,0.03406275,0
BULLAUSDT,resident,新,1788456272000,09-04 01:24:32,0.036863,0.0405493,0.036863,0.0331767,0
BULLAUSDT,resident,新,1788456275000,09-04 01:24:35,0.037626,0.0413886,0.037626,0.0338634,0
BULLAUSDT,resident,新,1788456384000,09-04 01:26:24,0.0385125,0.04236375,0.0385125,0.03466125,0
BULLAUSDT,resident,新,1788457323000,09-04 01:42:03,0.039386,0.0433246,0.039386,0.0354474,0
BULLAUSDT,resident,新,1788457882000,09-04 01:51:22,0.03809,0.041899,0.03809,0.034281,0
BULLAUSDT,resident,新,1788457885000,09-04 01:51:25,0.036781,0.0404591,0.036781,0.0331029,0
BULLAUSDT,resident,新,1788458132000,09-04 01:55:32,0.0376405,0.04140455,0.0376405,0.03387645,0
BULLAUSDT,resident,新,1788458182000,09-04 01:56:22,0.038525,0.0423775,0.038525,0.0346725,0
BULLAUSDT,resident,新,1788458292000,09-04 01:58:12,0.0377455,0.04152005,0.0377455,0.03397095,0
BULLAUSDT,resident,新,1788458371000,09-04 01:59:31,0.0369575,0.04065325,0.0369575,0.03326175,0
BULLAUSDT,resident,新,1788458820000,09-04 02:07:00,0.037699,0.0414689,0.037699,0.0339291,0
BULLAUSDT,resident,新,1788459593000,09-04 02:19:53,0.038481,0.0423291,0.038481,0.0346329,0
BULLAUSDT,resident,新,1788459911000,09-04 02:25:11,0.0376705,0.04143755,0.0376705,0.03390345,0
BULLAUSDT,resident,新,1788460811000,09-04 02:40:11,0.038465,0.0423115,0.038465,0.0346185,0
BULLAUSDT,resident,新,1788461173000,09-04 02:46:13,0.039244,0.0431684,0.039244,0.0353196,0
BULLAUSDT,resident,新,1788461552000,09-04 02:52:32,0.0377715,0.04154865,0.0377715,0.03399435,0
BULLAUSDT,resident,新,1788461558000,09-04 02:52:38,0.0369955,0.04069505,0.0369955,0.03329595,0
BULLAUSDT,resident,新,1788461653000,09-04 02:54:13,0.0361495,0.03976445,0.0361495,0.03253455,0
BULLAUSDT,resident,新,1788461753000,09-04 02:55:53,0.0354055,0.03894605,0.0354055,0.03186495,0
BULLAUSDT,resident,新,1788461976000,09-04 02:59:36,0.0346705,0.03813755,0.0346705,0.03120345,0
BULLAUSDT,resident,新,1788462093000,09-04 03:01:33,0.0336775,0.03704525,0.0336775,0.03030975,0
BULLAUSDT,resident,新,1788462099000,09-04 03:01:39,0.032721,0.0359931,0.032721,0.0294489,0
BULLAUSDT,resident,新,1788462124000,09-04 03:02:04,0.0318775,0.03506525,0.0318775,0.02868975,0
BULLAUSDT,resident,新,1788462204000,09-04 03:03:24,0.031134,0.0342474,0.031134,0.0280206,0
BULLAUSDT,resident,新,1788462344000,09-04 03:05:44,0.0304915,0.03354065,0.0304915,0.02744235,0
BULLAUSDT,resident,新,1788462456000,09-04 03:07:36,0.029842,0.0328262,0.029842,0.0268578,0
BULLAUSDT,resident,新,1788462461000,09-04 03:07:41,0.028922,0.0318142,0.028922,0.0260298,0
BULLAUSDT,resident,新,1788462604000,09-04 03:10:04,0.02961,0.032571,0.02961,0.026649,0
BULLAUSDT,resident,新,1788462618000,09-04 03:10:18,0.030245,0.0332695,0.030245,0.0272205,0
BULLAUSDT,resident,新,1788462642000,09-04 03:10:42,0.0296095,0.03257045,0.0296095,0.02664855,0
BULLAUSDT,resident,新,1788462690000,09-04 03:11:30,0.028938,0.0318318,0.028938,0.0260442,0
BULLAUSDT,resident,新,1788462921000,09-04 03:15:21,0.0283505,0.03118555,0.0283505,0.02551545,0
BULLAUSDT,resident,新,1788462939000,09-04 03:15:39,0.027753,0.0305283,0.027753,0.0249777,0
BULLAUSDT,resident,新,1788462960000,09-04 03:16:00,0.027059,0.0297649,0.027059,0.0243531,0
BULLAUSDT,resident,新,1788462998000,09-04 03:16:38,0.02644,0.029084,0.02644,0.023796,0
BULLAUSDT,resident,新,1788463030000,09-04 03:17:10,0.0259105,0.02850155,0.0259105,0.02331945,0
BULLAUSDT,resident,新,1788463107000,09-04 03:18:27,0.026476,0.0291236,0.026476,0.0238284,0
BULLAUSDT,resident,新,1788463246000,09-04 03:20:46,0.0270565,0.02976215,0.0270565,0.02435085,0
BULLAUSDT,resident,新,1788463784000,09-04 03:29:44,0.0276785,0.03044635,0.0276785,0.02491065,0
BULLAUSDT,resident,新,1788463835000,09-04 03:30:35,0.028313,0.0311443,0.028313,0.0254817,0
BULLAUSDT,resident,新,1788464028000,09-04 03:33:48,0.0289585,0.03185435,0.0289585,0.02606265,0
BULLAUSDT,resident,新,1788464059000,09-04 03:34:19,0.0295395,0.03249345,0.0295395,0.02658555,0
BULLAUSDT,resident,新,1788464106000,09-04 03:35:06,0.0287665,0.03164315,0.0287665,0.02588985,0
BULLAUSDT,resident,新,1788464111000,09-04 03:35:11,0.0280875,0.03089625,0.0280875,0.02527875,0
BULLAUSDT,resident,新,1788464212000,09-04 03:36:52,0.028815,0.0316965,0.028815,0.0259335,0
BULLAUSDT,resident,新,1788464271000,09-04 03:37:51,0.0293975,0.03233725,0.0293975,0.02645775,0
BULLAUSDT,resident,新,1788464424000,09-04 03:40:24,0.0287875,0.03166625,0.0287875,0.02590875,0
BULLAUSDT,resident,新,1788464528000,09-04 03:42:08,0.0294135,0.03235485,0.0294135,0.02647215,0
BULLAUSDT,resident,新,1788464958000,09-04 03:49:18,0.0287665,0.03164315,0.0287665,0.02588985,0
BULLAUSDT,resident,新,1788465007000,09-04 03:50:07,0.029424,0.0323664,0.029424,0.0264816,0
BULLAUSDT,resident,新,1788465514000,09-04 03:58:34,0.0285925,0.03145175,0.0285925,0.02573325,0
BULLAUSDT,resident,新,1788465520000,09-04 03:58:40,0.027905,0.0306955,0.027905,0.0251145,0
BULLAUSDT,resident,新,1788465577000,09-04 03:59:37,0.0285015,0.03135165,0.0285015,0.02565135,0
BULLAUSDT,resident,新,1788466070000,09-04 04:07:50,0.027912,0.0307032,0.027912,0.0251208,0
BULLAUSDT,resident,新,1788466508000,09-04 04:15:08,0.0285,0.03135,0.0285,0.02565,0
BULLAUSDT,resident,新,1788466694000,09-04 04:18:14,0.0290735,0.03198085,0.0290735,0.02616615,0
BULLAUSDT,resident,新,1788467045000,09-04 04:24:05,0.0284735,0.03132085,0.0284735,0.02562615,0
BULLAUSDT,resident,新,1788467256000,09-04 04:27:36,0.027858,0.0306438,0.027858,0.0250722,0
BULLAUSDT,resident,新,1788467400000,09-04 04:30:00,0.0273005,0.03003055,0.0273005,0.02457045,0
BULLAUSDT,resident,新,1788467424000,09-04 04:30:24,0.0267335,0.02940685,0.0267335,0.02406015,0
BULLAUSDT,resident,新,1788467468000,09-04 04:31:08,0.0273315,0.03006465,0.0273315,0.02459835,0
BULLAUSDT,resident,新,1788467720000,09-04 04:35:20,0.027881,0.0306691,0.027881,0.0250929,0
BULLAUSDT,resident,新,1788467946000,09-04 04:39:06,0.0273105,0.03004155,0.0273105,0.02457945,0
BULLAUSDT,resident,新,1788469205000,09-04 05:00:05,0.027924,0.0307164,0.027924,0.0251316,0
BULLAUSDT,resident,新,1788469260000,09-04 05:01:00,0.02734,0.030074,0.02734,0.024606,0
BULLAUSDT,resident,新,1788470024000,09-04 05:13:44,0.027899,0.0306889,0.027899,0.0251091,0
BULLAUSDT,resident,新,1788470430000,09-04 05:20:30,0.0273315,0.03006465,0.0273315,0.02459835,0
BULLAUSDT,resident,新,1788471102000,09-04 05:31:42,0.0279365,0.03073015,0.0279365,0.02514285,0
BULLAUSDT,resident,新,1788471218000,09-04 05:33:38,0.0285295,0.03138245,0.0285295,0.02567655,0
BULLAUSDT,resident,新,1788471449000,09-04 05:37:29,0.02911,0.032021,0.02911,0.026199,0
BULLAUSDT,resident,新,1788471809000,09-04 05:43:29,0.028527,0.0313797,0.028527,0.0256743,0
BULLAUSDT,resident,新,1788474133000,09-04 06:22:13,0.0291025,0.03201275,0.0291025,0.02619225,0
BULLAUSDT,resident,新,1788474564000,09-04 06:29:24,0.029749,0.0327239,0.029749,0.0267741,0
BULLAUSDT,resident,新,1788474669000,09-04 06:31:09,0.030509,0.0335599,0.030509,0.0274581,0
BULLAUSDT,resident,新,1788474914000,09-04 06:35:14,0.031256,0.0343816,0.031256,0.0281304,0
BULLAUSDT,resident,新,1788476659000,09-04 07:04:19,0.031957,0.0351527,0.031957,0.0287613,0
BULLAUSDT,resident,新,1788476703000,09-04 07:05:03,0.0326615,0.03592765,0.0326615,0.02939535,0
BULLAUSDT,resident,新,1788476767000,09-04 07:06:07,0.0337255,0.03709805,0.0337255,0.03035295,0
BULLAUSDT,resident,新,1788476933000,09-04 07:08:53,0.0344105,0.03785155,0.0344105,0.03096945,0
BULLAUSDT,resident,新,1788476960000,09-04 07:09:20,0.0336135,0.03697485,0.0336135,0.03025215,0
BULLAUSDT,resident,新,1788477121000,09-04 07:12:01,0.0343895,0.03782845,0.0343895,0.03095055,0
BULLAUSDT,resident,新,1788477369000,09-04 07:16:09,0.0351195,0.03863145,0.0351195,0.03160755,0
BULLAUSDT,resident,新,1788477742000,09-04 07:22:22,0.034214,0.0376354,0.034214,0.0307926,0
BULLAUSDT,resident,新,1788478599000,09-04 07:36:39,0.03498,0.038478,0.03498,0.031482,0
BULLAUSDT,resident,新,1788478612000,09-04 07:36:52,0.036228,0.0398508,0.036228,0.0326052,0
BULLAUSDT,resident,新,1788478666000,09-04 07:37:46,0.037024,0.0407264,0.037024,0.0333216,0
BULLAUSDT,resident,新,1788478848000,09-04 07:40:48,0.0362805,0.03990855,0.0362805,0.03265245,0
BULLAUSDT,resident,新,1788478970000,09-04 07:42:50,0.0370095,0.04071045,0.0370095,0.03330855,0
BULLAUSDT,resident,新,1788479284000,09-04 07:48:04,0.0362495,0.03987445,0.0362495,0.03262455,0
BULLAUSDT,resident,新,1788479316000,09-04 07:48:36,0.0354725,0.03901975,0.0354725,0.03192525,0
BULLAUSDT,resident,新,1788479351000,09-04 07:49:11,0.0347075,0.03817825,0.0347075,0.03123675,0
BULLAUSDT,resident,新,1788479368000,09-04 07:49:28,0.033994,0.0373934,0.033994,0.0305946,0
BULLAUSDT,resident,新,1788479384000,09-04 07:49:44,0.0352525,0.03877775,0.0352525,0.03172725,0
BULLAUSDT,resident,新,1788479414000,09-04 07:50:14,0.035996,0.0395956,0.035996,0.0323964,0
BULLAUSDT,resident,新,1788479731000,09-04 07:55:31,0.0352745,0.03880195,0.0352745,0.03174705,0
BULLAUSDT,resident,新,1788479734000,09-04 07:55:34,0.0359975,0.03959725,0.0359975,0.03239775,0
BULLAUSDT,resident,新,1788480171000,09-04 08:02:51,0.036733,0.0404063,0.036733,0.0330597,0
BULLAUSDT,resident,新,1788480219000,09-04 08:03:39,0.0374725,0.04121975,0.0374725,0.03372525,0
BULLAUSDT,resident,新,1788480294000,09-04 08:04:54,0.038261,0.0420871,0.038261,0.0344349,0
BULLAUSDT,resident,新,1788480301000,09-04 08:05:01,0.03743,0.041173,0.03743,0.033687,0
BULLAUSDT,resident,新,1788480304000,09-04 08:05:04,0.0366135,0.04027485,0.0366135,0.03295215,0
BULLAUSDT,resident,新,1788480308000,09-04 08:05:08,0.035633,0.0391963,0.035633,0.0320697,0
BULLAUSDT,resident,新,1788480322000,09-04 08:05:22,0.0344705,0.03791755,0.0344705,0.03102345,0
BULLAUSDT,resident,新,1788480324000,09-04 08:05:24,0.0334865,0.03683515,0.0334865,0.03013785,0
BULLAUSDT,resident,新,1788480329000,09-04 08:05:29,0.032607,0.0358677,0.032607,0.0293463,0
BULLAUSDT,resident,新,1788480332000,09-04 08:05:32,0.033261,0.0365871,0.033261,0.0299349,0
BULLAUSDT,resident,新,1788480334000,09-04 08:05:34,0.033948,0.0373428,0.033948,0.0305532,0
BULLAUSDT,resident,新,1788480347000,09-04 08:05:47,0.0329015,0.03619165,0.0329015,0.02961135,0
BULLAUSDT,resident,新,1788480353000,09-04 08:05:53,0.0335605,0.03691655,0.0335605,0.03020445,0
BULLAUSDT,resident,新,1788480477000,09-04 08:07:57,0.0327005,0.03597055,0.0327005,0.02943045,0
BULLAUSDT,resident,新,1788480554000,09-04 08:09:14,0.0335275,0.03688025,0.0335275,0.03017475,0
BULLAUSDT,resident,新,1788480726000,09-04 08:12:06,0.034276,0.0377036,0.034276,0.0308484,0
BULLAUSDT,resident,新,1788481498000,09-04 08:24:58,0.035193,0.0387123,0.035193,0.0316737,0
BULLAUSDT,resident,新,1788481524000,09-04 08:25:24,0.036069,0.0396759,0.036069,0.0324621,0
BULLAUSDT,resident,新,1788481598000,09-04 08:26:38,0.0353415,0.03887565,0.0353415,0.03180735,0
BULLAUSDT,resident,新,1788481983000,09-04 08:33:03,0.0346,0.03806,0.0346,0.03114,0
BULLAUSDT,resident,新,1788481984000,09-04 08:33:04,0.033732,0.0371052,0.033732,0.0303588,0
BULLAUSDT,resident,新,1788481987000,09-04 08:33:07,0.0329655,0.03626205,0.0329655,0.02966895,0
BULLAUSDT,resident,新,1788482000000,09-04 08:33:20,0.0321755,0.03539305,0.0321755,0.02895795,0
BULLAUSDT,resident,新,1788482004000,09-04 08:33:24,0.032916,0.0362076,0.032916,0.0296244,0
BULLAUSDT,resident,新,1788482118000,09-04 08:35:18,0.0322025,0.03542275,0.0322025,0.02898225,0
BULLAUSDT,resident,新,1788482159000,09-04 08:35:59,0.0328875,0.03617625,0.0328875,0.02959875,0
BULLAUSDT,resident,新,1788482703000,09-04 08:45:03,0.033608,0.0369688,0.033608,0.0302472,0
BULLAUSDT,resident,新,1788482714000,09-04 08:45:14,0.0344045,0.03784495,0.0344045,0.03096405,0
BULLAUSDT,resident,新,1788482958000,09-04 08:49:18,0.033691,0.0370601,0.033691,0.0303219,0
BULLAUSDT,resident,新,1788483328000,09-04 08:55:28,0.0343995,0.03783945,0.0343995,0.03095955,0
BULLAUSDT,resident,新,1788483734000,09-04 09:02:14,0.0337,0.03707,0.0337,0.03033,0
BULLAUSDT,resident,新,1788483736000,09-04 09:02:16,0.032927,0.0362197,0.032927,0.0296343,0
BULLAUSDT,resident,新,1788483766000,09-04 09:02:46,0.03225,0.035475,0.03225,0.029025,0
BULLAUSDT,resident,新,1788483902000,09-04 09:05:02,0.0315165,0.03466815,0.0315165,0.02836485,0
BULLAUSDT,resident,新,1788483910000,09-04 09:05:10,0.030798,0.0338778,0.030798,0.0277182,0
BULLAUSDT,resident,新,1788484244000,09-04 09:10:44,0.0314425,0.03458675,0.0314425,0.02829825,0
BULLAUSDT,resident,新,1788485184000,09-04 09:26:24,0.0320895,0.03529845,0.0320895,0.02888055,0
BULLAUSDT,resident,新,1788486731000,09-04 09:52:11,0.032754,0.0360294,0.032754,0.0294786,0
BULLAUSDT,resident,新,1788487683000,09-04 10:08:03,0.0320665,0.03527315,0.0320665,0.02885985,0
BULLAUSDT,resident,新,1788487780000,09-04 10:09:40,0.032721,0.0359931,0.032721,0.0294489,0
BULLAUSDT,resident,新,1788490316000,09-04 10:51:56,0.031768,0.0349448,0.031768,0.0285912,0
BULLAUSDT,resident,新,1788490598000,09-04 10:56:38,0.0324185,0.03566035,0.0324185,0.02917665,0
BULLAUSDT,resident,新,1788491108000,09-04 11:05:08,0.0317605,0.03493655,0.0317605,0.02858445,0
BULLAUSDT,resident,新,1788491494000,09-04 11:11:34,0.032404,0.0356444,0.032404,0.0291636,0
BULLAUSDT,resident,新,1788492579000,09-04 11:29:39,0.031714,0.0348854,0.031714,0.0285426,0
BULLAUSDT,resident,新,1788492784000,09-04 11:33:04,0.0323515,0.03558665,0.0323515,0.02911635,0
BULLAUSDT,resident,新,1788494821000,09-04 12:07:01,0.0330005,0.03630055,0.0330005,0.02970045,0
BULLAUSDT,resident,新,1788495345000,09-04 12:15:45,0.032246,0.0354706,0.032246,0.0290214,0
BULLAUSDT,resident,新,1788497118000,09-04 12:45:18,0.0329185,0.03621035,0.0329185,0.02962665,0
BULLAUSDT,resident,新,1788497138000,09-04 12:45:38,0.032223,0.0354453,0.032223,0.0290007,0
BULLAUSDT,resident,新,1788500819000,09-04 13:46:59,0.0315715,0.03472865,0.0315715,0.02841435,0
BULLAUSDT,resident,新,1788500944000,09-04 13:49:04,0.030788,0.0338668,0.030788,0.0277092,0
BULLAUSDT,resident,新,1788501866000,09-04 14:04:26,0.030168,0.0331848,0.030168,0.0271512,0
BULLAUSDT,resident,新,1788501901000,09-04 14:05:01,0.0295095,0.03246045,0.0295095,0.02655855,0
BULLAUSDT,resident,新,1788501930000,09-04 14:05:30,0.030293,0.0333223,0.030293,0.0272637,0
BULLAUSDT,resident,新,1788502201000,09-04 14:10:01,0.0295755,0.03253305,0.0295755,0.02661795,0
BULLAUSDT,resident,新,1788502341000,09-04 14:12:21,0.030175,0.0331925,0.030175,0.0271575,0
BULLAUSDT,resident,新,1788502811000,09-04 14:20:11,0.029547,0.0325017,0.029547,0.0265923,0
BULLAUSDT,resident,新,1788503041000,09-04 14:24:01,0.0302185,0.03324035,0.0302185,0.02719665,0
BULLAUSDT,resident,新,1788504427000,09-04 14:47:07,0.030852,0.0339372,0.030852,0.0277668,0
BULLAUSDT,resident,新,1788505640000,09-04 15:07:20,0.030213,0.0332343,0.030213,0.0271917,0
BULLAUSDT,resident,新,1788507000000,09-04 15:30:00,0.030864,0.0339504,0.030864,0.0277776,0
BULLAUSDT,resident,新,1788507086000,09-04 15:31:26,0.0315375,0.03469125,0.0315375,0.02838375,0
BULLAUSDT,resident,新,1788507880000,09-04 15:44:40,0.0308955,0.03398505,0.0308955,0.02780595,0
BULLAUSDT,resident,新,1788508263000,09-04 15:51:03,0.031514,0.0346654,0.031514,0.0283626,0
BULLAUSDT,resident,新,1788509123000,09-04 16:05:23,0.0321585,0.03537435,0.0321585,0.02894265,0
BULLAUSDT,resident,新,1788509144000,09-04 16:05:44,0.032909,0.0361999,0.032909,0.0296181,0
BULLAUSDT,resident,新,1788509502000,09-04 16:11:42,0.0322435,0.03546785,0.0322435,0.02901915,0
BULLAUSDT,resident,新,1788509726000,09-04 16:15:26,0.0329345,0.03622795,0.0329345,0.02964105,0
BULLAUSDT,resident,新,1788510001000,09-04 16:20:01,0.033661,0.0370271,0.033661,0.0302949,0
BULLAUSDT,resident,新,1788510033000,09-04 16:20:33,0.03482,0.038302,0.03482,0.031338,0
BULLAUSDT,resident,新,1788511518000,09-04 16:45:18,0.0360925,0.03970175,0.0360925,0.03248325,0
BULLAUSDT,resident,新,1788511799000,09-04 16:49:59,0.0348785,0.03836635,0.0348785,0.03139065,0
BULLAUSDT,resident,新,1788511800000,09-04 16:50:00,0.034051,0.0374561,0.034051,0.0306459,0
BULLAUSDT,resident,新,1788511808000,09-04 16:50:08,0.033036,0.0363396,0.033036,0.0297324,0
BULLAUSDT,resident,新,1788512433000,09-04 17:00:33,0.0337135,0.03708485,0.0337135,0.03034215,0
BULLAUSDT,resident,新,1788512521000,09-04 17:02:01,0.0344035,0.03784385,0.0344035,0.03096315,0
BULLAUSDT,resident,新,1788512709000,09-04 17:05:09,0.033704,0.0370744,0.033704,0.0303336,0
BULLAUSDT,resident,新,1788513443000,09-04 17:17:23,0.033025,0.0363275,0.033025,0.0297225,0
BULLAUSDT,resident,新,1788513668000,09-04 17:21:08,0.033718,0.0370898,0.033718,0.0303462,0
BULLAUSDT,resident,新,1788514442000,09-04 17:34:02,0.0330295,0.03633245,0.0330295,0.02972655,0
BULLAUSDT,resident,新,1788514794000,09-04 17:39:54,0.0337665,0.03714315,0.0337665,0.03038985,0
BULLAUSDT,resident,新,1788515889000,09-04 17:58:09,0.0330895,0.03639845,0.0330895,0.02978055,0
BULLAUSDT,resident,新,1788516092000,09-04 18:01:32,0.032423,0.0356653,0.032423,0.0291807,0
BULLAUSDT,resident,新,1788516365000,09-04 18:06:05,0.033135,0.0364485,0.033135,0.0298215,0
BULLAUSDT,resident,新,1788517248000,09-04 18:20:48,0.032389,0.0356279,0.032389,0.0291501,0
BULLAUSDT,resident,新,1788517296000,09-04 18:21:36,0.0317215,0.03489365,0.0317215,0.02854935,0
BULLAUSDT,resident,新,1788517426000,09-04 18:23:46,0.032391,0.0356301,0.032391,0.0291519,0
BULLAUSDT,resident,新,1788517744000,09-04 18:29:04,0.033089,0.0363979,0.033089,0.0297801,0
BULLAUSDT,resident,新,1788517937000,09-04 18:32:17,0.0338635,0.03724985,0.0338635,0.03047715,0
BULLAUSDT,resident,新,1788518420000,09-04 18:40:20,0.033171,0.0364881,0.033171,0.0298539,0
BULLAUSDT,resident,新,1788519274000,09-04 18:54:34,0.034156,0.0375716,0.034156,0.0307404,0
BULLAUSDT,resident,新,1788519319000,09-04 18:55:19,0.03486,0.038346,0.03486,0.031374,0
BULLAUSDT,resident,新,1788519448000,09-04 18:57:28,0.03415,0.037565,0.03415,0.030735,0
BULLAUSDT,resident,新,1788519844000,09-04 19:04:04,0.0349675,0.03846425,0.0349675,0.03147075,0
BULLAUSDT,resident,新,1788520760000,09-04 19:19:20,0.0357175,0.03928925,0.0357175,0.03214575,0
BULLAUSDT,resident,新,1788523145000,09-04 19:59:05,0.036708,0.0403788,0.036708,0.0330372,0
BULLAUSDT,resident,新,1788523173000,09-04 19:59:33,0.0359445,0.03953895,0.0359445,0.03235005,0
BULLAUSDT,resident,新,1788523214000,09-04 20:00:14,0.035198,0.0387178,0.035198,0.0316782,0
BULLAUSDT,resident,新,1788523301000,09-04 20:01:41,0.034456,0.0379016,0.034456,0.0310104,0
BULLAUSDT,resident,新,1788523506000,09-04 20:05:06,0.035176,0.0386936,0.035176,0.0316584,0
BULLAUSDT,resident,新,1788525075000,09-04 20:31:15,0.0344115,0.03785265,0.0344115,0.03097035,0
BULLAUSDT,resident,新,1788525253000,09-04 20:34:13,0.035107,0.0386177,0.035107,0.0315963,0
BULLAUSDT,resident,新,1788525639000,09-04 20:40:39,0.0359285,0.03952135,0.0359285,0.03233565,0
BULLAUSDT,resident,新,1788525925000,09-04 20:45:25,0.0366745,0.04034195,0.0366745,0.03300705,0
BULLAUSDT,resident,新,1788525965000,09-04 20:46:05,0.03588,0.039468,0.03588,0.032292,0
BULLAUSDT,resident,新,1788526262000,09-04 20:51:02,0.0366035,0.04026385,0.0366035,0.03294315,0
BULLAUSDT,resident,新,1788527414000,09-04 21:10:14,0.0373645,0.04110095,0.0373645,0.03362805,0
BULLAUSDT,resident,新,1788530429000,09-04 22:00:29,0.0381285,0.04194135,0.0381285,0.03431565,0
BULLAUSDT,resident,新,1788530499000,09-04 22:01:39,0.0373605,0.04109655,0.0373605,0.03362445,0
BULLAUSDT,resident,新,1788530544000,09-04 22:02:24,0.036095,0.0397045,0.036095,0.0324855,0
BULLAUSDT,resident,新,1788530556000,09-04 22:02:36,0.035344,0.0388784,0.035344,0.0318096,0
BULLAUSDT,resident,新,1788530592000,09-04 22:03:12,0.0360985,0.03970835,0.0360985,0.03248865,0
BULLAUSDT,resident,新,1788530775000,09-04 22:06:15,0.03685,0.040535,0.03685,0.033165,0
BULLAUSDT,resident,新,1788531009000,09-04 22:10:09,0.0361115,0.03972265,0.0361115,0.03250035,0
BULLAUSDT,resident,新,1788531307000,09-04 22:15:07,0.036901,0.0405911,0.036901,0.0332109,0
BULLAUSDT,resident,新,1788531960000,09-04 22:26:00,0.037648,0.0414128,0.037648,0.0338832,0
BULLAUSDT,resident,新,1788532097000,09-04 22:28:17,0.0368465,0.04053115,0.0368465,0.03316185,0
BULLAUSDT,resident,新,1788532779000,09-04 22:39:39,0.037584,0.0413424,0.037584,0.0338256,0
BULLAUSDT,resident,新,1788533038000,09-04 22:43:58,0.0366475,0.04031225,0.0366475,0.03298275,0
BULLAUSDT,resident,新,1788535459000,09-04 23:24:19,0.035873,0.0394603,0.035873,0.0322857,0
BULLAUSDT,resident,新,1788535511000,09-04 23:25:11,0.035152,0.0386672,0.035152,0.0316368,0
BULLAUSDT,resident,新,1788535526000,09-04 23:25:26,0.0343965,0.03783615,0.0343965,0.03095685,0
BULLAUSDT,resident,新,1788535761000,09-04 23:29:21,0.035118,0.0386298,0.035118,0.0316062,0
BULLAUSDT,resident,新,1788536633000,09-04 23:43:53,0.03435,0.037785,0.03435,0.030915,0
BULLAUSDT,resident,新,1788536719000,09-04 23:45:19,0.0333055,0.03663605,0.0333055,0.02997495,0
BULLAUSDT,resident,新,1788536749000,09-04 23:45:49,0.0326095,0.03587045,0.0326095,0.02934855,0
BULLAUSDT,resident,新,1788536785000,09-04 23:46:25,0.0334005,0.03674055,0.0334005,0.03006045,0
BULLAUSDT,resident,新,1788536806000,09-04 23:46:46,0.034112,0.0375232,0.034112,0.0307008,0
BULLAUSDT,resident,新,1788537394000,09-04 23:56:34,0.0334095,0.03675045,0.0334095,0.03006855,0
BULLAUSDT,resident,新,1788538487000,09-05 00:14:47,0.0326545,0.03591995,0.0326545,0.02938905,0
BULLAUSDT,resident,新,1788538660000,09-05 00:17:40,0.0319085,0.03509935,0.0319085,0.02871765,0
BULLAUSDT,resident,新,1788539240000,09-05 00:27:20,0.032928,0.0362208,0.032928,0.0296352,0
BULLAUSDT,resident,新,1788539289000,09-05 00:28:09,0.0340425,0.03744675,0.0340425,0.03063825,0
BULLAUSDT,resident,新,1788539510000,09-05 00:31:50,0.0333545,0.03668995,0.0333545,0.03001905,0
BULLAUSDT,resident,新,1788540449000,09-05 00:47:29,0.0323995,0.03563945,0.0323995,0.02915955,0
BULLAUSDT,resident,新,1788540466000,09-05 00:47:46,0.031609,0.0347699,0.031609,0.0284481,0
BULLAUSDT,resident,新,1788540479000,09-05 00:47:59,0.030943,0.0340373,0.030943,0.0278487,0
BULLAUSDT,resident,新,1788540489000,09-05 00:48:09,0.0302645,0.03329095,0.0302645,0.02723805,0
BULLAUSDT,resident,新,1788540494000,09-05 00:48:14,0.02963,0.032593,0.02963,0.026667,0
BULLAUSDT,resident,新,1788540496000,09-05 00:48:16,0.0304775,0.03352525,0.0304775,0.02742975,0
BULLAUSDT,resident,新,1788540536000,09-05 00:48:56,0.029807,0.0327877,0.029807,0.0268263,0
BULLAUSDT,resident,新,1788540550000,09-05 00:49:10,0.02893,0.031823,0.02893,0.026037,0
BULLAUSDT,resident,新,1788540569000,09-05 00:49:29,0.029606,0.0325666,0.029606,0.0266454,0
BULLAUSDT,resident,新,1788540701000,09-05 00:51:41,0.0290085,0.03190935,0.0290085,0.02610765,0
BULLAUSDT,resident,新,1788540782000,09-05 00:53:02,0.0279535,0.03074885,0.0279535,0.02515815,0
BULLAUSDT,resident,新,1788541128000,09-05 00:58:48,0.0285275,0.03138025,0.0285275,0.02567475,0
BULLAUSDT,resident,新,1788541183000,09-05 00:59:43,0.029277,0.0322047,0.029277,0.0263493,0
BULLAUSDT,resident,新,1788541206000,09-05 01:00:06,0.0299135,0.03290485,0.0299135,0.02692215,0
BULLAUSDT,resident,新,1788541286000,09-05 01:01:26,0.029054,0.0319594,0.029054,0.0261486,0
BULLAUSDT,resident,新,1788541332000,09-05 01:02:12,0.0296595,0.03262545,0.0296595,0.02669355,0
BULLAUSDT,resident,新,1788541344000,09-05 01:02:24,0.0302965,0.03332615,0.0302965,0.02726685,0
BULLAUSDT,resident,新,1788541360000,09-05 01:02:40,0.03102,0.034122,0.03102,0.027918,0
BULLAUSDT,resident,新,1788541383000,09-05 01:03:03,0.030388,0.0334268,0.030388,0.0273492,0
BULLAUSDT,resident,新,1788541463000,09-05 01:04:23,0.031047,0.0341517,0.031047,0.0279423,0
BULLAUSDT,resident,新,1788541465000,09-05 01:04:25,0.030312,0.0333432,0.030312,0.0272808,0
BULLAUSDT,resident,新,1788541633000,09-05 01:07:13,0.03107,0.034177,0.03107,0.027963,0
BULLAUSDT,resident,新,1788541745000,09-05 01:09:05,0.0299145,0.03290595,0.0299145,0.02692305,0
BULLAUSDT,resident,新,1788541746000,09-05 01:09:06,0.028895,0.0317845,0.028895,0.0260055,0
BULLAUSDT,resident,新,1788541755000,09-05 01:09:15,0.0294975,0.03244725,0.0294975,0.02654775,0
BULLAUSDT,resident,新,1788541770000,09-05 01:09:30,0.0289075,0.03179825,0.0289075,0.02601675,0
BULLAUSDT,resident,新,1788541820000,09-05 01:10:20,0.0295605,0.03251655,0.0295605,0.02660445,0
BULLAUSDT,resident,新,1788542228000,09-05 01:17:08,0.028969,0.0318659,0.028969,0.0260721,0
BULLAUSDT,resident,新,1788542426000,09-05 01:20:26,0.029594,0.0325534,0.029594,0.0266346,0
BULLAUSDT,resident,新,1788542704000,09-05 01:25:04,0.028994,0.0318934,0.028994,0.0260946,0
BULLAUSDT,resident,新,1788542901000,09-05 01:28:21,0.0296335,0.03259685,0.0296335,0.02667015,0
BULLAUSDT,resident,新,1788543084000,09-05 01:31:24,0.028885,0.0317735,0.028885,0.0259965,0
BULLAUSDT,resident,新,1788543186000,09-05 01:33:06,0.0294725,0.03241975,0.0294725,0.02652525,0
BULLAUSDT,resident,新,1788543345000,09-05 01:35:45,0.0288275,0.03171025,0.0288275,0.02594475,0
BULLAUSDT,resident,新,1788544492000,09-05 01:54:52,0.028247,0.0310717,0.028247,0.0254223,0
BULLAUSDT,resident,新,1788544522000,09-05 01:55:22,0.027662,0.0304282,0.027662,0.0248958,0
BULLAUSDT,resident,新,1788545165000,09-05 02:06:05,0.0271035,0.02981385,0.0271035,0.02439315,0
BULLAUSDT,resident,新,1788545215000,09-05 02:06:55,0.0265405,0.02919455,0.0265405,0.02388645,0
BULLAUSDT,resident,新,1788545261000,09-05 02:07:41,0.027226,0.0299486,0.027226,0.0245034,0
BULLAUSDT,resident,新,1788545266000,09-05 02:07:46,0.027857,0.0306427,0.027857,0.0250713,0
BULLAUSDT,resident,新,1788554411000,09-05 04:40:11,0.0271415,0.02985565,0.0271415,0.02442735,0
BULLAUSDT,resident,新,1788554418000,09-05 04:40:18,0.026558,0.0292138,0.026558,0.0239022,0
BULLAUSDT,resident,新,1788554432000,09-05 04:40:32,0.0259595,0.02855545,0.0259595,0.02336355,0
BULLAUSDT,resident,新,1788554440000,09-05 04:40:40,0.026683,0.0293513,0.026683,0.0240147,0
BULLAUSDT,resident,新,1788554445000,09-05 04:40:45,0.0261425,0.02875675,0.0261425,0.02352825,0
BULLAUSDT,resident,新,1788554461000,09-05 04:41:01,0.025557,0.0281127,0.025557,0.0230013,0
BULLAUSDT,resident,新,1788554482000,09-05 04:41:22,0.026132,0.0287452,0.026132,0.0235188,0
BULLAUSDT,resident,新,1788554487000,09-05 04:41:27,0.02678,0.029458,0.02678,0.024102,0
BULLAUSDT,resident,新,1788554504000,09-05 04:41:44,0.027349,0.0300839,0.027349,0.0246141,0
BULLAUSDT,resident,新,1788554701000,09-05 04:45:01,0.027909,0.0306999,0.027909,0.0251181,0
BULLAUSDT,resident,新,1788559311000,09-05 06:01:51,0.027275,0.0300025,0.027275,0.0245475,0
BULLAUSDT,resident,新,1788559493000,09-05 06:04:53,0.026605,0.0292655,0.026605,0.0239445,0
BULLAUSDT,resident,新,1788559548000,09-05 06:05:48,0.0271815,0.02989965,0.0271815,0.02446335,0
BULLAUSDT,resident,新,1788560166000,09-05 06:16:06,0.0264755,0.02912305,0.0264755,0.02382795,0
BULLAUSDT,resident,新,1788560175000,09-05 06:16:15,0.0259325,0.02852575,0.0259325,0.02333925,0
BULLAUSDT,resident,新,1788560237000,09-05 06:17:17,0.0264735,0.02912085,0.0264735,0.02382615,0
BULLAUSDT,resident,新,1788560755000,09-05 06:25:55,0.0259335,0.02852685,0.0259335,0.02334015,0
BULLAUSDT,resident,新,1788560905000,09-05 06:28:25,0.0264685,0.02911535,0.0264685,0.02382165,0
BULLAUSDT,resident,新,1788561099000,09-05 06:31:39,0.0259095,0.02850045,0.0259095,0.02331855,0
BULLAUSDT,resident,新,1788561494000,09-05 06:38:14,0.0264465,0.02909115,0.0264465,0.02380185,0
BULLAUSDT,resident,新,1788562921000,09-05 07:02:01,0.027039,0.0297429,0.027039,0.0243351,0
BULLAUSDT,resident,新,1788562936000,09-05 07:02:16,0.027609,0.0303699,0.027609,0.0248481,0
BULLAUSDT,resident,新,1788564048000,09-05 07:20:48,0.0270555,0.02976105,0.0270555,0.02434995,0
BULLAUSDT,resident,新,1788564230000,09-05 07:23:50,0.027624,0.0303864,0.027624,0.0248616,0
BULLAUSDT,resident,新,1788567580000,09-05 08:19:40,0.028508,0.0313588,0.028508,0.0256572,0
BULLAUSDT,resident,新,1788567583000,09-05 08:19:43,0.027892,0.0306812,0.027892,0.0251028,0
BULLAUSDT,resident,新,1788567593000,09-05 08:19:53,0.027142,0.0298562,0.027142,0.0244278,0
BULLAUSDT,resident,新,1788567661000,09-05 08:21:01,0.0277565,0.03053215,0.0277565,0.02498085,0
BULLAUSDT,resident,新,1788575874000,09-05 10:37:54,0.027165,0.0298815,0.027165,0.0244485,0
BULLAUSDT,resident,新,1788576039000,09-05 10:40:39,0.026576,0.0292336,0.026576,0.0239184,0
BULLAUSDT,resident,新,1788576068000,09-05 10:41:08,0.0272035,0.02992385,0.0272035,0.02448315,0
BULLAUSDT,resident,新,1788576268000,09-05 10:44:28,0.0265955,0.02925505,0.0265955,0.02393595,0
BULLAUSDT,resident,新,1788576370000,09-05 10:46:10,0.0260555,0.02866105,0.0260555,0.02344995,0
BULLAUSDT,resident,新,1788576881000,09-05 10:54:41,0.0265815,0.02923965,0.0265815,0.02392335,0
BULLAUSDT,resident,新,1788576924000,09-05 10:55:24,0.0271525,0.02986775,0.0271525,0.02443725,0
BULLAUSDT,resident,新,1788576935000,09-05 10:55:35,0.027701,0.0304711,0.027701,0.0249309,0
BULLAUSDT,resident,新,1788576955000,09-05 10:55:55,0.0282675,0.03109425,0.0282675,0.02544075,0
BULLAUSDT,resident,新,1788576979000,09-05 10:56:19,0.0275925,0.03035175,0.0275925,0.02483325,0
BULLAUSDT,resident,新,1788577024000,09-05 10:57:04,0.028147,0.0309617,0.028147,0.0253323,0
BULLAUSDT,resident,新,1788577038000,09-05 10:57:18,0.0288785,0.03176635,0.0288785,0.02599065,0
BULLAUSDT,resident,新,1788577046000,09-05 10:57:26,0.030056,0.0330616,0.030056,0.0270504,0
BULLAUSDT,resident,新,1788577049000,09-05 10:57:29,0.030789,0.0338679,0.030789,0.0277101,0
BULLAUSDT,resident,新,1788577083000,09-05 10:58:03,0.0315575,0.03471325,0.0315575,0.02840175,0
BULLAUSDT,resident,新,1788577091000,09-05 10:58:11,0.032345,0.0355795,0.032345,0.0291105,0
BULLAUSDT,resident,新,1788577098000,09-05 10:58:18,0.033671,0.0370381,0.033671,0.0303039,0
BULLAUSDT,resident,新,1788577108000,09-05 10:58:28,0.03439,0.037829,0.03439,0.030951,0
BULLAUSDT,resident,新,1788577142000,09-05 10:59:02,0.0353855,0.03892405,0.0353855,0.03184695,0
BULLAUSDT,resident,新,1788577144000,09-05 10:59:04,0.0361425,0.03975675,0.0361425,0.03252825,0
BULLAUSDT,resident,新,1788577154000,09-05 10:59:14,0.040469,0.0445159,0.0361425,0.03252825,1
BULLAUSDT,resident,新,1788577160000,09-05 10:59:20,0.041141,0.0452551,0.041141,0.0370269,0
BULLAUSDT,resident,新,1788577165000,09-05 10:59:25,0.04028,0.044308,0.04028,0.036252,0
BULLAUSDT,resident,新,1788577179000,09-05 10:59:39,0.041144,0.0452584,0.041144,0.0370296,0
BULLAUSDT,resident,新,1788577201000,09-05 11:00:01,0.0421215,0.04633365,0.0421215,0.03790935,0
BULLAUSDT,resident,新,1788577206000,09-05 11:00:06,0.043024,0.0473264,0.043024,0.0387216,0
BULLAUSDT,resident,新,1788577209000,09-05 11:00:09,0.044152,0.0485672,0.044152,0.0397368,0
BULLAUSDT,resident,新,1788577222000,09-05 11:00:22,0.045102,0.0496122,0.045102,0.0405918,0
BULLAUSDT,resident,新,1788577227000,09-05 11:00:27,0.0464735,0.05112085,0.0464735,0.04182615,0
BULLAUSDT,resident,新,1788577230000,09-05 11:00:30,0.0449265,0.04941915,0.0449265,0.04043385,0
BULLAUSDT,resident,新,1788577234000,09-05 11:00:34,0.0462665,0.05089315,0.0462665,0.04163985,0
BULLAUSDT,resident,新,1788577246000,09-05 11:00:46,0.0478365,0.05262015,0.0478365,0.04305285,0
BULLAUSDT,resident,新,1788577254000,09-05 11:00:54,0.0468105,0.05149155,0.0468105,0.04212945,0
BULLAUSDT,resident,新,1788577264000,09-05 11:01:04,0.048393,0.0532323,0.048393,0.0435537,0
BULLAUSDT,resident,新,1788577283000,09-05 11:01:23,0.0495485,0.05450335,0.0495485,0.04459365,0
BULLAUSDT,resident,新,1788577304000,09-05 11:01:44,0.048419,0.0532609,0.048419,0.0435771,0
BULLAUSDT,resident,新,1788577306000,09-05 11:01:46,0.0472505,0.05197555,0.0472505,0.04252545,0
BULLAUSDT,resident,新,1788577307000,09-05 11:01:47,0.04482,0.049302,0.04482,0.040338,0
BULLAUSDT,resident,新,1788577309000,09-05 11:01:49,0.045978,0.0505758,0.045978,0.0413802,0
BULLAUSDT,resident,新,1788577312000,09-05 11:01:52,0.0470825,0.05179075,0.0470825,0.04237425,0
BULLAUSDT,resident,新,1788577316000,09-05 11:01:56,0.0483665,0.05320315,0.0483665,0.04352985,0
BULLAUSDT,resident,新,1788577320000,09-05 11:02:00,0.049365,0.0543015,0.049365,0.0444285,0
BULLAUSDT,resident,新,1788577329000,09-05 11:02:09,0.0482125,0.05303375,0.0482125,0.04339125,0
BULLAUSDT,resident,新,1788577335000,09-05 11:02:15,0.046613,0.0512743,0.046613,0.0419517,0
BULLAUSDT,resident,新,1788577346000,09-05 11:02:26,0.0480095,0.05281045,0.0480095,0.04320855,0
BULLAUSDT,resident,新,1788577349000,09-05 11:02:29,0.049341,0.0542751,0.049341,0.0444069,0
BULLAUSDT,resident,新,1788577351000,09-05 11:02:31,0.0476345,0.05239795,0.0476345,0.04287105,0
BULLAUSDT,resident,新,1788577364000,09-05 11:02:44,0.0486125,0.05347375,0.0486125,0.04375125,0
BULLAUSDT,resident,新,1788577381000,09-05 11:03:01,0.0497335,0.05470685,0.0497335,0.04476015,0
BULLAUSDT,resident,新,1788577389000,09-05 11:03:09,0.048532,0.0533852,0.048532,0.0436788,0
BULLAUSDT,resident,新,1788577402000,09-05 11:03:22,0.0497495,0.05472445,0.0497495,0.04477455,0
BULLAUSDT,resident,新,1788577412000,09-05 11:03:32,0.0507445,0.05581895,0.0507445,0.04567005,0
BULLAUSDT,resident,新,1788577419000,09-05 11:03:39,0.0519505,0.05714555,0.0519505,0.04675545,0
BULLAUSDT,resident,新,1788577427000,09-05 11:03:47,0.0507485,0.05582335,0.0507485,0.04567365,0
BULLAUSDT,resident,新,1788577429000,09-05 11:03:49,0.0487235,0.05359585,0.0487235,0.04385115,0
BULLAUSDT,resident,新,1788577430000,09-05 11:03:50,0.047676,0.0524436,0.047676,0.0429084,0
BULLAUSDT,resident,新,1788577432000,09-05 11:03:52,0.049106,0.0540166,0.049106,0.0441954,0
BULLAUSDT,resident,新,1788577441000,09-05 11:04:01,0.047477,0.0522247,0.047477,0.0427293,0
BULLAUSDT,resident,新,1788577450000,09-05 11:04:10,0.048534,0.0533874,0.048534,0.0436806,0
BULLAUSDT,resident,新,1788577478000,09-05 11:04:38,0.0496615,0.05462765,0.0496615,0.04469535,0
BULLAUSDT,resident,新,1788577483000,09-05 11:04:43,0.048487,0.0533357,0.048487,0.0436383,0
BULLAUSDT,resident,新,1788577508000,09-05 11:05:08,0.0494895,0.05443845,0.0494895,0.04454055,0
BULLAUSDT,resident,新,1788577517000,09-05 11:05:17,0.048362,0.0531982,0.048362,0.0435258,0
BULLAUSDT,resident,新,1788577553000,09-05 11:05:53,0.0493405,0.05427455,0.0493405,0.04440645,0
BULLAUSDT,resident,新,1788577569000,09-05 11:06:09,0.050524,0.0555764,0.050524,0.0454716,0
BULLAUSDT,resident,新,1788577574000,09-05 11:06:14,0.0516365,0.05680015,0.0516365,0.04647285,0
BULLAUSDT,resident,新,1788577601000,09-05 11:06:41,0.050419,0.0554609,0.050419,0.0453771,0
BULLAUSDT,resident,新,1788577619000,09-05 11:06:59,0.0492535,0.05417885,0.0492535,0.04432815,0
BULLAUSDT,resident,新,1788577780000,09-05 11:09:40,0.050302,0.0553322,0.050302,0.0452718,0
BULLAUSDT,resident,新,1788577792000,09-05 11:09:52,0.0490995,0.05400945,0.0490995,0.04418955,0
BULLAUSDT,resident,新,1788577806000,09-05 11:10:06,0.05016,0.055176,0.05016,0.045144,0
BULLAUSDT,resident,新,1788577913000,09-05 11:11:53,0.0515145,0.05666595,0.0515145,0.04636305,0
BULLAUSDT,resident,新,1788577939000,09-05 11:12:19,0.050375,0.0554125,0.050375,0.0453375,0
BULLAUSDT,resident,新,1788578101000,09-05 11:15:01,0.0493645,0.05430095,0.0493645,0.04442805,0
BULLAUSDT,resident,新,1788578207000,09-05 11:16:47,0.0504235,0.05546585,0.0504235,0.04538115,0
BULLAUSDT,resident,新,1788578298000,09-05 11:18:18,0.051449,0.0565939,0.051449,0.0463041,0
BULLAUSDT,resident,新,1788578318000,09-05 11:18:38,0.05038,0.055418,0.05038,0.045342,0
BULLAUSDT,resident,新,1788578480000,09-05 11:21:20,0.0516515,0.05681665,0.0516515,0.04648635,0
BULLAUSDT,resident,新,1788578484000,09-05 11:21:24,0.0536505,0.05901555,0.0536505,0.04828545,0
BULLAUSDT,resident,新,1788578490000,09-05 11:21:30,0.0548095,0.06029045,0.0548095,0.04932855,0
BULLAUSDT,resident,新,1788578497000,09-05 11:21:37,0.056157,0.0617727,0.056157,0.0505413,0
BULLAUSDT,resident,新,1788578506000,09-05 11:21:46,0.057675,0.0634425,0.057675,0.0519075,0
BULLAUSDT,resident,新,1788578521000,09-05 11:22:01,0.0565165,0.06216815,0.0565165,0.05086485,0
BULLAUSDT,resident,新,1788578540000,09-05 11:22:20,0.058335,0.0641685,0.058335,0.0525015,0
BULLAUSDT,resident,新,1788578547000,09-05 11:22:27,0.059901,0.0658911,0.059901,0.0539109,0
BULLAUSDT,resident,新,1788578578000,09-05 11:22:58,0.061232,0.0673552,0.061232,0.0551088,0
BULLAUSDT,resident,新,1788578585000,09-05 11:23:05,0.063238,0.0695618,0.063238,0.0569142,0
BULLAUSDT,resident,新,1788578594000,09-05 11:23:14,0.0619705,0.06816755,0.0619705,0.05577345,0
BULLAUSDT,resident,新,1788578597000,09-05 11:23:17,0.060581,0.0666391,0.060581,0.0545229,0
BULLAUSDT,resident,新,1788578602000,09-05 11:23:22,0.058151,0.0639661,0.058151,0.0523359,0
BULLAUSDT,resident,新,1788578605000,09-05 11:23:25,0.059863,0.0658493,0.059863,0.0538767,0
BULLAUSDT,resident,新,1788578629000,09-05 11:23:49,0.0584795,0.06432745,0.0584795,0.05263155,0
BULLAUSDT,resident,新,1788578633000,09-05 11:23:53,0.057279,0.0630069,0.057279,0.0515511,0
BULLAUSDT,resident,新,1788578636000,09-05 11:23:56,0.058758,0.0646338,0.058758,0.0528822,0
BULLAUSDT,resident,新,1788578649000,09-05 11:24:09,0.05746,0.063206,0.05746,0.051714,0
BULLAUSDT,resident,新,1788578687000,09-05 11:24:47,0.055963,0.0615593,0.055963,0.0503667,0
BULLAUSDT,resident,新,1788578693000,09-05 11:24:53,0.057626,0.0633886,0.057626,0.0518634,0
BULLAUSDT,resident,新,1788578706000,09-05 11:25:06,0.056264,0.0618904,0.056264,0.0506376,0
BULLAUSDT,resident,新,1788578717000,09-05 11:25:17,0.054854,0.0603394,0.054854,0.0493686,0
BULLAUSDT,resident,新,1788578733000,09-05 11:25:33,0.0537145,0.05908595,0.0537145,0.04834305,0
BULLAUSDT,resident,新,1788578760000,09-05 11:26:00,0.0521855,0.05740405,0.0521855,0.04696695,0
BULLAUSDT,resident,新,1788578761000,09-05 11:26:01,0.0510885,0.05619735,0.0510885,0.04597965,0
BULLAUSDT,resident,新,1788578764000,09-05 11:26:04,0.0498045,0.05478495,0.0498045,0.04482405,0
BULLAUSDT,resident,新,1788578768000,09-05 11:26:08,0.047426,0.0521686,0.047426,0.0426834,0
BULLAUSDT,resident,新,1788578770000,09-05 11:26:10,0.048594,0.0534534,0.048594,0.0437346,0
BULLAUSDT,resident,新,1788578773000,09-05 11:26:13,0.046961,0.0516571,0.046961,0.0422649,0
BULLAUSDT,resident,新,1788578781000,09-05 11:26:21,0.0455605,0.05011655,0.0455605,0.04100445,0
BULLAUSDT,resident,新,1788578788000,09-05 11:26:28,0.043974,0.0483714,0.043974,0.0395766,0
BULLAUSDT,resident,新,1788578790000,09-05 11:26:30,0.0448665,0.04935315,0.0448665,0.04037985,0
BULLAUSDT,resident,新,1788578794000,09-05 11:26:34,0.0469045,0.05159495,0.0469045,0.04221405,0
BULLAUSDT,resident,新,1788578814000,09-05 11:26:54,0.0483995,0.05323945,0.0483995,0.04355955,0
BULLAUSDT,resident,新,1788578816000,09-05 11:26:56,0.0496005,0.05456055,0.0496005,0.04464045,0
BULLAUSDT,resident,新,1788578820000,09-05 11:27:00,0.050772,0.0558492,0.050772,0.0456948,0
BULLAUSDT,resident,新,1788578822000,09-05 11:27:02,0.052074,0.0572814,0.052074,0.0468666,0
BULLAUSDT,resident,新,1788578826000,09-05 11:27:06,0.0533065,0.05863715,0.0533065,0.04797585,0
BULLAUSDT,resident,新,1788578827000,09-05 11:27:07,0.0547735,0.06025085,0.0547735,0.04929615,0
BULLAUSDT,resident,新,1788578830000,09-05 11:27:10,0.053645,0.0590095,0.053645,0.0482805,0
BULLAUSDT,resident,新,1788578840000,09-05 11:27:20,0.055052,0.0605572,0.055052,0.0495468,0
BULLAUSDT,resident,新,1788578842000,09-05 11:27:22,0.0537,0.05907,0.0537,0.04833,0
BULLAUSDT,resident,新,1788578866000,09-05 11:27:46,0.052499,0.0577489,0.052499,0.0472491,0
BULLAUSDT,resident,新,1788578906000,09-05 11:28:26,0.051343,0.0564773,0.051343,0.0462087,0
BULLAUSDT,resident,新,1788578968000,09-05 11:29:28,0.052706,0.0579766,0.052706,0.0474354,0
BULLAUSDT,resident,新,1788579002000,09-05 11:30:02,0.051589,0.0567479,0.051589,0.0464301,0
BULLAUSDT,resident,新,1788579079000,09-05 11:31:19,0.0504915,0.05554065,0.0504915,0.04544235,0
BULLAUSDT,resident,新,1788579086000,09-05 11:31:26,0.051585,0.0567435,0.051585,0.0464265,0
BULLAUSDT,resident,新,1788579114000,09-05 11:31:54,0.0505135,0.05556485,0.0505135,0.04546215,0
BULLAUSDT,resident,新,1788579154000,09-05 11:32:34,0.049385,0.0543235,0.049385,0.0444465,0
BULLAUSDT,resident,新,1788579177000,09-05 11:32:57,0.050518,0.0555698,0.050518,0.0454662,0
BULLAUSDT,resident,新,1788579200000,09-05 11:33:20,0.0494465,0.05439115,0.0494465,0.04450185,0
BULLAUSDT,resident,新,1788579282000,09-05 11:34:42,0.048392,0.0532312,0.048392,0.0435528,0
BULLAUSDT,resident,新,1788579305000,09-05 11:35:05,0.049488,0.0544368,0.049488,0.0445392,0
BULLAUSDT,resident,新,1788579309000,09-05 11:35:09,0.05062,0.055682,0.05062,0.045558,0
BULLAUSDT,resident,新,1788579320000,09-05 11:35:20,0.049524,0.0544764,0.049524,0.0445716,0
BULLAUSDT,resident,新,1788579322000,09-05 11:35:22,0.050828,0.0559108,0.050828,0.0457452,0
BULLAUSDT,resident,新,1788579324000,09-05 11:35:24,0.051884,0.0570724,0.051884,0.0466956,0
BULLAUSDT,resident,新,1788579329000,09-05 11:35:29,0.0531385,0.05845235,0.0531385,0.04782465,0
BULLAUSDT,resident,新,1788579332000,09-05 11:35:32,0.0545045,0.05995495,0.0545045,0.04905405,0
BULLAUSDT,resident,新,1788579333000,09-05 11:35:33,0.0558495,0.06143445,0.0558495,0.05026455,0
BULLAUSDT,resident,新,1788579336000,09-05 11:35:36,0.058053,0.0638583,0.058053,0.0522477,0
BULLAUSDT,resident,新,1788579371000,09-05 11:36:11,0.0566775,0.06234525,0.0566775,0.05100975,0
BULLAUSDT,resident,新,1788579419000,09-05 11:36:59,0.058687,0.0645557,0.058687,0.0528183,0
BULLAUSDT,resident,新,1788579455000,09-05 11:37:35,0.0603765,0.06641415,0.0603765,0.05433885,0
BULLAUSDT,resident,新,1788579480000,09-05 11:38:00,0.0588305,0.06471355,0.0588305,0.05294745,0
BULLAUSDT,resident,新,1788579540000,09-05 11:39:00,0.060211,0.0662321,0.060211,0.0541899,0
BULLAUSDT,resident,新,1788579617000,09-05 11:40:17,0.0615925,0.06775175,0.0615925,0.05543325,0
BULLAUSDT,resident,新,1788579621000,09-05 11:40:21,0.0628695,0.06915645,0.0628695,0.05658255,0
BULLAUSDT,resident,新,1788579626000,09-05 11:40:26,0.061559,0.0677149,0.061559,0.0554031,0
BULLAUSDT,resident,新,1788579714000,09-05 11:41:54,0.060263,0.0662893,0.060263,0.0542367,0
BULLAUSDT,resident,新,1788579777000,09-05 11:42:57,0.0616175,0.06777925,0.0616175,0.05545575,0
BULLAUSDT,resident,新,1788579870000,09-05 11:44:30,0.0602855,0.06631405,0.0602855,0.05425695,0
BULLAUSDT,resident,新,1788579918000,09-05 11:45:18,0.059051,0.0649561,0.059051,0.0531459,0
BULLAUSDT,resident,新,1788580029000,09-05 11:47:09,0.0603275,0.06636025,0.0603275,0.05429475,0
BULLAUSDT,resident,新,1788580042000,09-05 11:47:22,0.061716,0.0678876,0.061716,0.0555444,0
BULLAUSDT,resident,新,1788580082000,09-05 11:48:02,0.060419,0.0664609,0.060419,0.0543771,0
BULLAUSDT,resident,新,1788580335000,09-05 11:52:15,0.0591995,0.06511945,0.0591995,0.05327955,0
BULLAUSDT,resident,新,1788580791000,09-05 11:59:51,0.060556,0.0666116,0.060556,0.0545004,0
BULLAUSDT,resident,新,1788581091000,09-05 12:04:51,0.061846,0.0680306,0.061846,0.0556614,0
BULLAUSDT,resident,新,1788581143000,09-05 12:05:43,0.064995,0.0714945,0.064995,0.0584955,0
BULLAUSDT,resident,新,1788581152000,09-05 12:05:52,0.0634345,0.06977795,0.0634345,0.05709105,0
BULLAUSDT,resident,新,1788581207000,09-05 12:06:47,0.0621275,0.06834025,0.0621275,0.05591475,0
BULLAUSDT,resident,新,1788581775000,09-05 12:16:15,0.060635,0.0666985,0.060635,0.0545715,0
BULLAUSDT,resident,新,1788581867000,09-05 12:17:47,0.0618625,0.06804875,0.0618625,0.05567625,0
BULLAUSDT,resident,新,1788581955000,09-05 12:19:15,0.0606125,0.06667375,0.0606125,0.05455125,0
BULLAUSDT,resident,新,1788582077000,09-05 12:21:17,0.0618255,0.06800805,0.0618255,0.05564295,0
BULLAUSDT,resident,新,1788582309000,09-05 12:25:09,0.063107,0.0694177,0.063107,0.0567963,0
BULLAUSDT,resident,新,1788582811000,09-05 12:33:31,0.061718,0.0678898,0.061718,0.0555462,0
BULLAUSDT,resident,新,1788582895000,09-05 12:34:55,0.062954,0.0692494,0.062954,0.0566586,0
BULLAUSDT,resident,新,1788583431000,09-05 12:43:51,0.06166,0.067826,0.06166,0.055494,0
BULLAUSDT,resident,新,1788584626000,09-05 13:03:46,0.0629315,0.06922465,0.0629315,0.05663835,0
BULLAUSDT,resident,新,1788584774000,09-05 13:06:14,0.0660995,0.07270945,0.0660995,0.05948955,0
BULLAUSDT,resident,新,1788584778000,09-05 13:06:18,0.068259,0.0750849,0.068259,0.0614331,0
BULLAUSDT,resident,新,1788584784000,09-05 13:06:24,0.066476,0.0731236,0.066476,0.0598284,0
BULLAUSDT,resident,新,1788584839000,09-05 13:07:19,0.06509,0.071599,0.06509,0.058581,0
BULLAUSDT,resident,新,1788584990000,09-05 13:09:50,0.066421,0.0730631,0.066421,0.0597789,0
BULLAUSDT,resident,新,1788585233000,09-05 13:13:53,0.065024,0.0715264,0.065024,0.0585216,0
BULLAUSDT,resident,新,1788585277000,09-05 13:14:37,0.0631665,0.06948315,0.0631665,0.05684985,0
BULLAUSDT,resident,新,1788585340000,09-05 13:15:40,0.0618895,0.06807845,0.0618895,0.05570055,0
BULLAUSDT,resident,新,1788585384000,09-05 13:16:24,0.063377,0.0697147,0.063377,0.0570393,0
BULLAUSDT,resident,新,1788585693000,09-05 13:21:33,0.0655835,0.07214185,0.0655835,0.05902515,0
BULLAUSDT,resident,新,1788586337000,09-05 13:32:17,0.064007,0.0704077,0.064007,0.0576063,0
BULLAUSDT,resident,新,1788586503000,09-05 13:35:03,0.0652995,0.07182945,0.0652995,0.05876955,0
BULLAUSDT,resident,新,1788587094000,09-05 13:44:54,0.0667145,0.07338595,0.0667145,0.06004305,0
BULLAUSDT,resident,新,1788587557000,09-05 13:52:37,0.068208,0.0750288,0.068208,0.0613872,0
BULLAUSDT,resident,新,1788587762000,09-05 13:56:02,0.070639,0.0777029,0.070639,0.0635751,0
BULLAUSDT,resident,新,1788587769000,09-05 13:56:09,0.0692,0.07612,0.0692,0.06228,0
BULLAUSDT,resident,新,1788587933000,09-05 13:58:53,0.0715525,0.07870775,0.0715525,0.06439725,0
BULLAUSDT,resident,新,1788587935000,09-05 13:58:55,0.073255,0.0805805,0.073255,0.0659295,0
BULLAUSDT,resident,新,1788588002000,09-05 14:00:02,0.0713325,0.07846575,0.0713325,0.06419925,0
BULLAUSDT,resident,新,1788588027000,09-05 14:00:27,0.072792,0.0800712,0.072792,0.0655128,0
BULLAUSDT,resident,新,1788588072000,09-05 14:01:12,0.071248,0.0783728,0.071248,0.0641232,0
BULLAUSDT,resident,新,1788588145000,09-05 14:02:25,0.072795,0.0800745,0.072795,0.0655155,0
BULLAUSDT,resident,新,1788588255000,09-05 14:04:15,0.074424,0.0818664,0.074424,0.0669816,0
BULLAUSDT,resident,新,1788588291000,09-05 14:04:51,0.072803,0.0800833,0.072803,0.0655227,0
BULLAUSDT,resident,新,1788588462000,09-05 14:07:42,0.074844,0.0823284,0.074844,0.0673596,0
BULLAUSDT,resident,新,1788588555000,09-05 14:09:15,0.076421,0.0840631,0.076421,0.0687789,0
BULLAUSDT,resident,新,1788588604000,09-05 14:10:04,0.074832,0.0823152,0.074832,0.0673488,0
BULLAUSDT,resident,新,1788588665000,09-05 14:11:05,0.073292,0.0806212,0.073292,0.0659628,0
BULLAUSDT,resident,新,1788588736000,09-05 14:12:16,0.0712205,0.07834255,0.0712205,0.06409845,0
BULLAUSDT,resident,新,1788588764000,09-05 14:12:44,0.0726895,0.07995845,0.0726895,0.06542055,0
BULLAUSDT,resident,新,1788588841000,09-05 14:14:01,0.074199,0.0816189,0.074199,0.0667791,0
BULLAUSDT,resident,新,1788588921000,09-05 14:15:21,0.0756935,0.08326285,0.0756935,0.06812415,0
BULLAUSDT,resident,新,1788588941000,09-05 14:15:41,0.0740455,0.08145005,0.0740455,0.06664095,0
BULLAUSDT,resident,新,1788590128000,09-05 14:35:28,0.0759785,0.08357635,0.0759785,0.06838065,0
BULLAUSDT,resident,新,1788590338000,09-05 14:38:58,0.074357,0.0817927,0.074357,0.0669213,0
BULLAUSDT,resident,新,1788590966000,09-05 14:49:26,0.072231,0.0794541,0.072231,0.0650079,0
BULLAUSDT,resident,新,1788591607000,09-05 15:00:07,0.0737485,0.08112335,0.0737485,0.06637365,0
BULLAUSDT,resident,新,1788591925000,09-05 15:05:25,0.0753455,0.08288005,0.0753455,0.06781095,0
BULLAUSDT,resident,新,1788594922000,09-05 15:55:22,0.079258,0.0871838,0.079258,0.0713322,0
BULLAUSDT,resident,新,1788594929000,09-05 15:55:29,0.077513,0.0852643,0.077513,0.0697617,0
BULLAUSDT,resident,新,1788594946000,09-05 15:55:46,0.0792535,0.08717885,0.0792535,0.07132815,0
BULLAUSDT,resident,新,1788594973000,09-05 15:56:13,0.07765,0.085415,0.07765,0.069885,0
BULLAUSDT,resident,新,1788595018000,09-05 15:56:58,0.076012,0.0836132,0.076012,0.0684108,0
BULLAUSDT,resident,新,1788595138000,09-05 15:58:58,0.0775665,0.08532315,0.0775665,0.06980985,0
BULLAUSDT,resident,新,1788595527000,09-05 16:05:27,0.075974,0.0835714,0.075974,0.0683766,0
BULLAUSDT,resident,新,1788596461000,09-05 16:21:01,0.074297,0.0817267,0.074297,0.0668673,0
BULLAUSDT,resident,新,1788596500000,09-05 16:21:40,0.072786,0.0800646,0.072786,0.0655074,0
BULLAUSDT,resident,新,1788596549000,09-05 16:22:29,0.0744955,0.08194505,0.0744955,0.06704595,0
BULLAUSDT,resident,新,1788596636000,09-05 16:23:56,0.0728495,0.08013445,0.0728495,0.06556455,0
BULLAUSDT,resident,新,1788596703000,09-05 16:25:03,0.0743645,0.08180095,0.0743645,0.06692805,0
BULLAUSDT,resident,新,1788596780000,09-05 16:26:20,0.075938,0.0835318,0.075938,0.0683442,0
BULLAUSDT,resident,新,1788596927000,09-05 16:28:47,0.0744135,0.08185485,0.0744135,0.06697215,0
BULLAUSDT,resident,新,1788597539000,09-05 16:38:59,0.0728645,0.08015095,0.0728645,0.06557805,0
BULLAUSDT,resident,新,1788597951000,09-05 16:45:51,0.075755,0.0833305,0.075755,0.0681795,0
BULLAUSDT,resident,新,1788598178000,09-05 16:49:38,0.0742225,0.08164475,0.0742225,0.06680025,0
BULLAUSDT,resident,新,1788602006000,09-05 17:53:26,0.0726405,0.07990455,0.0726405,0.06537645,0
BULLAUSDT,resident,新,1788602054000,09-05 17:54:14,0.0710525,0.07815775,0.0710525,0.06394725,0
BULLAUSDT,resident,新,1788602092000,09-05 17:54:52,0.0694935,0.07644285,0.0694935,0.06254415,0
BULLAUSDT,resident,新,1788602149000,09-05 17:55:49,0.0709845,0.07808295,0.0709845,0.06388605,0
BULLAUSDT,resident,新,1788602375000,09-05 17:59:35,0.0693115,0.07624265,0.0693115,0.06238035,0
BULLAUSDT,resident,新,1788602539000,09-05 18:02:19,0.0677845,0.07456295,0.0677845,0.06100605,0
BULLAUSDT,resident,新,1788602553000,09-05 18:02:33,0.066263,0.0728893,0.066263,0.0596367,0
BULLAUSDT,resident,新,1788602606000,09-05 18:03:26,0.067639,0.0744029,0.067639,0.0608751,0
BULLAUSDT,resident,新,1788602647000,09-05 18:04:07,0.066281,0.0729091,0.066281,0.0596529,0
BULLAUSDT,resident,新,1788602674000,09-05 18:04:34,0.0676675,0.07443425,0.0676675,0.06090075,0
BULLAUSDT,resident,新,1788602793000,09-05 18:06:33,0.066297,0.0729267,0.066297,0.0596673,0
BULLAUSDT,resident,新,1788602853000,09-05 18:07:33,0.0676665,0.07443315,0.0676665,0.06089985,0
BULLAUSDT,resident,新,1788602894000,09-05 18:08:14,0.069098,0.0760078,0.069098,0.0621882,0
BULLAUSDT,resident,新,1788602920000,09-05 18:08:40,0.0676755,0.07444305,0.0676755,0.06090795,0
BULLAUSDT,resident,新,1788602957000,09-05 18:09:17,0.066263,0.0728893,0.066263,0.0596367,0
BULLAUSDT,resident,新,1788603035000,09-05 18:10:35,0.067771,0.0745481,0.067771,0.0609939,0
BULLAUSDT,resident,新,1788603404000,09-05 18:16:44,0.066377,0.0730147,0.066377,0.0597393,0
BULLAUSDT,resident,新,1788603487000,09-05 18:18:07,0.064854,0.0713394,0.064854,0.0583686,0
BULLAUSDT,resident,新,1788603676000,09-05 18:21:16,0.0627415,0.06901565,0.0627415,0.05646735,0
BULLAUSDT,resident,新,1788603704000,09-05 18:21:44,0.061157,0.0672727,0.061157,0.0550413,0
BULLAUSDT,resident,新,1788603737000,09-05 18:22:17,0.059852,0.0658372,0.059852,0.0538668,0
BULLAUSDT,resident,新,1788603745000,09-05 18:22:25,0.0610555,0.06716105,0.0610555,0.05494995,0
BULLAUSDT,resident,新,1788603923000,09-05 18:25:23,0.0591155,0.06502705,0.0591155,0.05320395,0
BULLAUSDT,resident,新,1788603948000,09-05 18:25:48,0.0605595,0.06661545,0.0605595,0.05450355,0
BULLAUSDT,resident,新,1788604931000,09-05 18:42:11,0.059328,0.0652608,0.059328,0.0533952,0
BULLAUSDT,resident,新,1788605107000,09-05 18:45:07,0.0581175,0.06392925,0.0581175,0.05230575,0
BULLAUSDT,resident,新,1788605130000,09-05 18:45:30,0.059285,0.0652135,0.059285,0.0533565,0
BULLAUSDT,resident,新,1788605145000,09-05 18:45:45,0.058038,0.0638418,0.058038,0.0522342,0
BULLAUSDT,resident,新,1788605181000,09-05 18:46:21,0.0592365,0.06516015,0.0592365,0.05331285,0
BULLAUSDT,resident,新,1788605222000,09-05 18:47:02,0.0606125,0.06667375,0.0606125,0.05455125,0
BULLAUSDT,resident,新,1788605234000,09-05 18:47:14,0.062652,0.0689172,0.062652,0.0563868,0
BULLAUSDT,resident,新,1788605263000,09-05 18:47:43,0.065135,0.0716485,0.065135,0.0586215,0
BULLAUSDT,resident,新,1788605299000,09-05 18:48:19,0.0637875,0.07016625,0.0637875,0.05740875,0
BULLAUSDT,resident,新,1788605499000,09-05 18:51:39,0.0625105,0.06876155,0.0625105,0.05625945,0
BULLAUSDT,resident,新,1788605658000,09-05 18:54:18,0.063943,0.0703373,0.063943,0.0575487,0
BULLAUSDT,resident,新,1788605967000,09-05 18:59:27,0.0652235,0.07174585,0.0652235,0.05870115,0
BULLAUSDT,resident,新,1788606014000,09-05 19:00:14,0.063808,0.0701888,0.063808,0.0574272,0
BULLAUSDT,resident,新,1788606048000,09-05 19:00:48,0.06251,0.068761,0.06251,0.056259,0
BULLAUSDT,resident,新,1788606093000,09-05 19:01:33,0.063822,0.0702042,0.063822,0.0574398,0
BULLAUSDT,resident,新,1788606344000,09-05 19:05:44,0.062472,0.0687192,0.062472,0.0562248,0
BULLAUSDT,resident,新,1788606585000,09-05 19:09:45,0.061188,0.0673068,0.061188,0.0550692,0
BULLAUSDT,resident,新,1788606630000,09-05 19:10:30,0.059694,0.0656634,0.059694,0.0537246,0
BULLAUSDT,resident,新,1788606660000,09-05 19:11:00,0.0583455,0.06418005,0.0583455,0.05251095,0
BULLAUSDT,resident,新,1788606732000,09-05 19:12:12,0.0570835,0.06279185,0.0570835,0.05137515,0
BULLAUSDT,resident,新,1788606771000,09-05 19:12:51,0.058243,0.0640673,0.058243,0.0524187,0
BULLAUSDT,resident,新,1788606811000,09-05 19:13:31,0.057019,0.0627209,0.057019,0.0513171,0
BULLAUSDT,resident,新,1788606816000,09-05 19:13:36,0.055716,0.0612876,0.055716,0.0501444,0
BULLAUSDT,resident,新,1788606824000,09-05 19:13:44,0.054464,0.0599104,0.054464,0.0490176,0
BULLAUSDT,resident,新,1788606991000,09-05 19:16:31,0.0555595,0.06111545,0.0555595,0.05000355,0
BULLAUSDT,resident,新,1788607207000,09-05 19:20:07,0.057343,0.0630773,0.057343,0.0516087,0
BULLAUSDT,resident,新,1788607431000,09-05 19:23:51,0.056093,0.0617023,0.056093,0.0504837,0
BULLAUSDT,resident,新,1788607739000,09-05 19:28:59,0.0547575,0.06023325,0.0547575,0.04928175,0
BULLAUSDT,resident,新,1788607814000,09-05 19:30:14,0.0559395,0.06153345,0.0559395,0.05034555,0
BULLAUSDT,resident,新,1788607821000,09-05 19:30:21,0.057415,0.0631565,0.057415,0.0516735,0
BULLAUSDT,resident,新,1788608212000,09-05 19:36:52,0.0562245,0.06184695,0.0562245,0.05060205,0
BULLAUSDT,resident,新,1788608851000,09-05 19:47:31,0.0574075,0.06314825,0.0574075,0.05166675,0
BULLAUSDT,resident,新,1788609361000,09-05 19:56:01,0.0590395,0.06494345,0.0590395,0.05313555,0
BULLAUSDT,resident,新,1788609833000,09-05 20:03:53,0.060412,0.0664532,0.060412,0.0543708,0
BULLAUSDT,resident,新,1788609853000,09-05 20:04:13,0.061823,0.0680053,0.061823,0.0556407,0
BULLAUSDT,resident,新,1788609925000,09-05 20:05:25,0.060567,0.0666237,0.060567,0.0545103,0
BULLAUSDT,resident,新,1788610187000,09-05 20:09:47,0.0618595,0.06804545,0.0618595,0.05567355,0
BULLAUSDT,resident,新,1788611371000,09-05 20:29:31,0.063396,0.0697356,0.063396,0.0570564,0
BULLAUSDT,resident,新,1788612162000,09-05 20:42:42,0.0620745,0.06828195,0.0620745,0.05586705,0
BULLAUSDT,resident,新,1788612284000,09-05 20:44:44,0.063497,0.0698467,0.063497,0.0571473,0
BULLAUSDT,resident,新,1788612293000,09-05 20:44:53,0.065534,0.0720874,0.065534,0.0589806,0
BULLAUSDT,resident,新,1788612378000,09-05 20:46:18,0.0639315,0.07032465,0.0639315,0.05753835,0
BULLAUSDT,resident,新,1788613684000,09-05 21:08:04,0.062543,0.0687973,0.062543,0.0562887,0
BULLAUSDT,resident,新,1788614017000,09-05 21:13:37,0.0638325,0.07021575,0.0638325,0.05744925,0
BULLAUSDT,resident,新,1788615121000,09-05 21:32:01,0.062432,0.0686752,0.062432,0.0561888,0
BULLAUSDT,resident,新,1788615123000,09-05 21:32:03,0.0609755,0.06707305,0.0609755,0.05487795,0
BULLAUSDT,resident,新,1788615132000,09-05 21:32:12,0.059748,0.0657228,0.059748,0.0537732,0
BULLAUSDT,resident,新,1788616823000,09-05 22:00:23,0.0610615,0.06716765,0.0610615,0.05495535,0
BULLAUSDT,resident,新,1788617026000,09-05 22:03:46,0.059838,0.0658218,0.059838,0.0538542,0
BULLAUSDT,resident,新,1788618377000,09-05 22:26:17,0.0617485,0.06792335,0.0617485,0.05557365,0
BULLAUSDT,resident,新,1788618404000,09-05 22:26:44,0.063415,0.0697565,0.063415,0.0570735,0
BULLAUSDT,resident,新,1788618407000,09-05 22:26:47,0.064771,0.0712481,0.064771,0.0582939,0
BULLAUSDT,resident,新,1788618421000,09-05 22:27:01,0.0634545,0.06979995,0.0634545,0.05710905,0
BULLAUSDT,resident,新,1788618618000,09-05 22:30:18,0.064832,0.0713152,0.064832,0.0583488,0
BULLAUSDT,resident,新,1788618659000,09-05 22:30:59,0.0662095,0.07283045,0.0662095,0.05958855,0
BULLAUSDT,resident,新,1788618661000,09-05 22:31:01,0.067575,0.0743325,0.067575,0.0608175,0
BULLAUSDT,resident,新,1788618703000,09-05 22:31:43,0.0689325,0.07582575,0.0689325,0.06203925,0
BULLAUSDT,resident,新,1788618782000,09-05 22:33:02,0.0703455,0.07738005,0.0703455,0.06331095,0
BULLAUSDT,resident,新,1788618810000,09-05 22:33:30,0.0689165,0.07580815,0.0689165,0.06202485,0
BULLAUSDT,resident,新,1788619066000,09-05 22:37:46,0.070398,0.0774378,0.070398,0.0633582,0
BULLAUSDT,resident,新,1788619302000,09-05 22:41:42,0.0722355,0.07945905,0.0722355,0.06501195,0
BULLAUSDT,resident,新,1788619805000,09-05 22:50:05,0.073977,0.0813747,0.073977,0.0665793,0
BULLAUSDT,resident,新,1788620202000,09-05 22:56:42,0.07242,0.079662,0.07242,0.065178,0
BULLAUSDT,resident,新,1788620252000,09-05 22:57:32,0.0738945,0.08128395,0.0738945,0.06650505,0
BULLAUSDT,resident,新,1788621098000,09-05 23:11:38,0.0754885,0.08303735,0.0754885,0.06793965,0
BULLAUSDT,resident,新,1788621420000,09-05 23:17:00,0.073956,0.0813516,0.073956,0.0665604,0
BULLAUSDT,resident,新,1788621760000,09-05 23:22:40,0.07246,0.079706,0.07246,0.065214,0
BULLAUSDT,resident,新,1788621930000,09-05 23:25:30,0.073938,0.0813318,0.073938,0.0665442,0
BULLAUSDT,resident,新,1788622146000,09-05 23:29:06,0.072319,0.0795509,0.072319,0.0650871,0
BULLAUSDT,resident,新,1788622532000,09-05 23:35:32,0.073792,0.0811712,0.073792,0.0664128,0
BULLAUSDT,resident,新,1788623157000,09-05 23:45:57,0.076658,0.0843238,0.076658,0.0689922,0
BULLAUSDT,resident,新,1788623168000,09-05 23:46:08,0.07842,0.086262,0.07842,0.070578,0
BULLAUSDT,resident,新,1788623171000,09-05 23:46:11,0.080775,0.0888525,0.080775,0.0726975,0
BULLAUSDT,resident,新,1788623175000,09-05 23:46:15,0.082577,0.0908347,0.082577,0.0743193,0
BULLAUSDT,resident,新,1788623185000,09-05 23:46:25,0.080779,0.0888569,0.080779,0.0727011,0
BULLAUSDT,resident,新,1788623220000,09-05 23:47:00,0.0791095,0.08702045,0.0791095,0.07119855,0
BULLAUSDT,resident,新,1788623529000,09-05 23:52:09,0.0809865,0.08908515,0.0809865,0.07288785,0
BULLAUSDT,resident,新,1788624322000,09-06 00:05:22,0.0827225,0.09099475,0.0827225,0.07445025,0
BULLAUSDT,resident,新,1788624362000,09-06 00:06:02,0.085162,0.0936782,0.085162,0.0766458,0
BULLAUSDT,resident,新,1788624370000,09-06 00:06:10,0.0871965,0.09591615,0.0871965,0.07847685,0
BULLAUSDT,resident,新,1788624999000,09-06 00:16:39,0.085358,0.0938938,0.085358,0.0768222,0
BULLAUSDT,resident,新,1788626039000,09-06 00:33:59,0.081685,0.0898535,0.081685,0.0735165,0
BULLAUSDT,resident,新,1788626225000,09-06 00:37:05,0.083404,0.0917444,0.083404,0.0750636,0
BULLAUSDT,resident,新,1788627199000,09-06 00:53:19,0.0815865,0.08974515,0.0815865,0.07342785,0
BULLAUSDT,resident,新,1788627266000,09-06 00:54:26,0.0792255,0.08714805,0.0792255,0.07130295,0
BULLAUSDT,resident,新,1788627304000,09-06 00:55:04,0.0775075,0.08525825,0.0775075,0.06975675,0
BULLAUSDT,resident,新,1788627342000,09-06 00:55:42,0.079076,0.0869836,0.079076,0.0711684,0
BULLAUSDT,resident,新,1788627504000,09-06 00:58:24,0.076909,0.0845999,0.076909,0.0692181,0
BULLAUSDT,resident,新,1788627584000,09-06 00:59:44,0.0786115,0.08647265,0.0786115,0.07075035,0
BULLAUSDT,resident,新,1788627617000,09-06 01:00:17,0.0801985,0.08821835,0.0801985,0.07217865,0
BULLAUSDT,resident,新,1788627933000,09-06 01:05:33,0.0776555,0.08542105,0.0776555,0.06988995,0
BULLAUSDT,resident,新,1788628020000,09-06 01:07:00,0.079229,0.0871519,0.079229,0.0713061,0
BULLAUSDT,resident,新,1788628444000,09-06 01:14:04,0.0822945,0.09052395,0.0822945,0.07406505,0
BULLAUSDT,resident,新,1788628545000,09-06 01:15:45,0.08406,0.092466,0.08406,0.075654,0
BULLAUSDT,resident,新,1788628548000,09-06 01:15:48,0.0859695,0.09456645,0.0859695,0.07737255,0
BULLAUSDT,resident,新,1788628585000,09-06 01:16:25,0.087837,0.0966207,0.087837,0.0790533,0
BULLAUSDT,resident,新,1788628666000,09-06 01:17:46,0.0860665,0.09467315,0.0860665,0.07745985,0
BULLAUSDT,resident,新,1788628926000,09-06 01:22:06,0.0836545,0.09201995,0.0836545,0.07528905,0
BULLAUSDT,resident,新,1788629454000,09-06 01:30:54,0.0853655,0.09390205,0.0853655,0.07682895,0
BULLAUSDT,resident,新,1788630546000,09-06 01:49:06,0.087189,0.0959079,0.087189,0.0784701,0
BULLAUSDT,resident,新,1788630762000,09-06 01:52:42,0.085444,0.0939884,0.085444,0.0768996,0
BULLAUSDT,resident,新,1788631292000,09-06 02:01:32,0.083355,0.0916905,0.083355,0.0750195,0
BULLAUSDT,resident,新,1788631293000,09-06 02:01:33,0.081549,0.0897039,0.081549,0.0733941,0
BULLAUSDT,resident,新,1788631295000,09-06 02:01:35,0.0794865,0.08743515,0.0794865,0.07153785,0
BULLAUSDT,resident,新,1788631301000,09-06 02:01:41,0.076858,0.0845438,0.076858,0.0691722,0
BULLAUSDT,resident,新,1788631315000,09-06 02:01:55,0.078568,0.0864248,0.078568,0.0707112,0
BULLAUSDT,resident,新,1788631328000,09-06 02:02:08,0.0764725,0.08411975,0.0764725,0.06882525,0
BULLAUSDT,resident,新,1788631343000,09-06 02:02:23,0.0749055,0.08239605,0.0749055,0.06741495,0
BULLAUSDT,resident,新,1788631361000,09-06 02:02:41,0.076734,0.0844074,0.076734,0.0690606,0
BULLAUSDT,resident,新,1788631505000,09-06 02:05:05,0.078311,0.0861421,0.078311,0.0704799,0
BULLAUSDT,resident,新,1788631820000,09-06 02:10:20,0.076696,0.0843656,0.076696,0.0690264,0
BULLAUSDT,resident,新,1788632290000,09-06 02:18:10,0.078312,0.0861432,0.078312,0.0704808,0
BULLAUSDT,resident,新,1788632531000,09-06 02:22:11,0.07654,0.084194,0.07654,0.068886,0
BULLAUSDT,resident,新,1788632910000,09-06 02:28:30,0.078117,0.0859287,0.078117,0.0703053,0
BULLAUSDT,resident,新,1788632912000,09-06 02:28:32,0.0800165,0.08801815,0.0800165,0.07201485,0
BULLAUSDT,resident,新,1788632923000,09-06 02:28:43,0.082544,0.0907984,0.082544,0.0742896,0
BULLAUSDT,resident,新,1788632929000,09-06 02:28:49,0.0842395,0.09266345,0.0842395,0.07581555,0
BULLAUSDT,resident,新,1788632957000,09-06 02:29:17,0.082503,0.0907533,0.082503,0.0742527,0
BULLAUSDT,resident,新,1788633073000,09-06 02:31:13,0.084184,0.0926024,0.084184,0.0757656,0
BULLAUSDT,resident,新,1788633213000,09-06 02:33:33,0.0824705,0.09071755,0.0824705,0.07422345,0
BULLAUSDT,resident,新,1788633602000,09-06 02:40:02,0.084167,0.0925837,0.084167,0.0757503,0
BULLAUSDT,resident,新,1788633740000,09-06 02:42:20,0.0884075,0.09724825,0.0884075,0.07956675,0
BULLAUSDT,resident,新,1788633749000,09-06 02:42:29,0.0902665,0.09929315,0.0902665,0.08123985,0
BULLAUSDT,resident,新,1788633753000,09-06 02:42:33,0.088097,0.0969067,0.088097,0.0792873,0
BULLAUSDT,resident,新,1788633781000,09-06 02:43:01,0.0901245,0.09913695,0.0901245,0.08111205,0
BULLAUSDT,resident,新,1788633812000,09-06 02:43:32,0.0882745,0.09710195,0.0882745,0.07944705,0
BULLAUSDT,resident,新,1788636541000,09-06 03:29:01,0.090494,0.0995434,0.090494,0.0814446,0
BULLAUSDT,resident,新,1788636693000,09-06 03:31:33,0.08853,0.097383,0.08853,0.079677,0
BULLAUSDT,resident,新,1788637062000,09-06 03:37:42,0.085745,0.0943195,0.085745,0.0771705,0
BULLAUSDT,resident,新,1788637141000,09-06 03:39:01,0.087649,0.0964139,0.087649,0.0788841,0
BULLAUSDT,resident,新,1788637226000,09-06 03:40:26,0.0858895,0.09447845,0.0858895,0.07730055,0
BULLAUSDT,resident,新,1788637510000,09-06 03:45:10,0.083924,0.0923164,0.083924,0.0755316,0
BULLAUSDT,resident,新,1788637516000,09-06 03:45:16,0.0821925,0.09041175,0.0821925,0.07397325,0
BULLAUSDT,resident,新,1788637522000,09-06 03:45:22,0.0839925,0.09239175,0.0839925,0.07559325,0
BULLAUSDT,resident,新,1788638166000,09-06 03:56:06,0.08694,0.095634,0.08694,0.078246,0
BULLAUSDT,resident,新,1788638471000,09-06 04:01:11,0.0848115,0.09329265,0.0848115,0.07633035,0
BULLAUSDT,resident,新,1788638697000,09-06 04:04:57,0.086529,0.0951819,0.086529,0.0778761,0
BULLAUSDT,resident,新,1788639531000,09-06 04:18:51,0.0847915,0.09327065,0.0847915,0.07631235,0
BULLAUSDT,resident,新,1788639599000,09-06 04:19:59,0.082825,0.0911075,0.082825,0.0745425,0
BULLAUSDT,resident,新,1788639702000,09-06 04:21:42,0.0845655,0.09302205,0.0845655,0.07610895,0
BULLAUSDT,resident,新,1788640144000,09-06 04:29:04,0.086279,0.0949069,0.086279,0.0776511,0
BULLAUSDT,resident,新,1788640821000,09-06 04:40:21,0.0845305,0.09298355,0.0845305,0.07607745,0
BULLAUSDT,resident,新,1788641353000,09-06 04:49:13,0.0867515,0.09542665,0.0867515,0.07807635,0
BULLAUSDT,resident,新,1788642433000,09-06 05:07:13,0.088934,0.0978274,0.088934,0.0800406,0
BULLAUSDT,resident,新,1788642450000,09-06 05:07:30,0.08713,0.095843,0.08713,0.078417,0
BULLAUSDT,resident,新,1788643483000,09-06 05:24:43,0.0853485,0.09388335,0.0853485,0.07681365,0
BULLAUSDT,resident,新,1788644097000,09-06 05:34:57,0.0836385,0.09200235,0.0836385,0.07527465,0
BULLAUSDT,resident,新,1788644135000,09-06 05:35:35,0.085403,0.0939433,0.085403,0.0768627,0
BULLAUSDT,resident,新,1788644275000,09-06 05:37:55,0.083677,0.0920447,0.083677,0.0753093,0
BULLAUSDT,resident,新,1788645990000,09-06 06:06:30,0.0863845,0.09502295,0.0863845,0.07774605,0
BULLAUSDT,resident,新,1788646051000,09-06 06:07:31,0.084259,0.0926849,0.084259,0.0758331,0
BULLAUSDT,resident,新,1788646059000,09-06 06:07:39,0.0819045,0.09009495,0.0819045,0.07371405,0
BULLAUSDT,resident,新,1788646061000,09-06 06:07:41,0.0799315,0.08792465,0.0799315,0.07193835,0
BULLAUSDT,resident,新,1788646067000,09-06 06:07:47,0.081551,0.0897061,0.081551,0.0733959,0
BULLAUSDT,resident,新,1788646097000,09-06 06:08:17,0.0798895,0.08787845,0.0798895,0.07190055,0
BULLAUSDT,resident,新,1788646114000,09-06 06:08:34,0.081543,0.0896973,0.081543,0.0733887,0
BULLAUSDT,resident,新,1788647586000,09-06 06:33:06,0.083199,0.0915189,0.083199,0.0748791,0
BULLAUSDT,resident,新,1788649924000,09-06 07:12:04,0.086025,0.0946275,0.086025,0.0774225,0
BULLAUSDT,resident,新,1788650166000,09-06 07:16:06,0.084213,0.0926343,0.084213,0.0757917,0
BULLAUSDT,resident,新,1788651895000,09-06 07:44:55,0.082519,0.0907709,0.082519,0.0742671,0
BULLAUSDT,resident,新,1788652082000,09-06 07:48:02,0.0842835,0.09271185,0.0842835,0.07585515,0
BULLAUSDT,resident,新,1788653187000,09-06 08:06:27,0.085972,0.0945692,0.085972,0.0773748,0
BULLAUSDT,resident,新,1788653714000,09-06 08:15:14,0.08419,0.092609,0.08419,0.075771,0
BULLAUSDT,resident,新,1788653746000,09-06 08:15:46,0.081987,0.0901857,0.081987,0.0737883,0
BULLAUSDT,resident,新,1788653860000,09-06 08:17:40,0.083638,0.0920018,0.083638,0.0752742,0
BULLAUSDT,resident,新,1788654546000,09-06 08:29:06,0.081873,0.0900603,0.081873,0.0736857,0
BULLAUSDT,resident,新,1788654644000,09-06 08:30:44,0.07972,0.087692,0.07972,0.071748,0
BULLAUSDT,resident,新,1788655021000,09-06 08:37:01,0.0780585,0.08586435,0.0780585,0.07025265,0
BULLAUSDT,resident,新,1788656100000,09-06 08:55:00,0.07967,0.087637,0.07967,0.071703,0
BULLAUSDT,resident,新,1788656353000,09-06 08:59:13,0.077854,0.0856394,0.077854,0.0700686,0
BULLAUSDT,resident,新,1788656585000,09-06 09:03:05,0.0800455,0.08805005,0.0800455,0.07204095,0
BULLAUSDT,resident,新,1788656590000,09-06 09:03:10,0.0821885,0.09040735,0.0821885,0.07396965,0
BULLAUSDT,resident,新,1788656703000,09-06 09:05:03,0.080502,0.0885522,0.080502,0.0724518,0
BULLAUSDT,resident,新,1788657033000,09-06 09:10:33,0.082155,0.0903705,0.082155,0.0739395,0
BULLAUSDT,resident,新,1788658369000,09-06 09:32:49,0.084635,0.0930985,0.084635,0.0761715,0
BULLAUSDT,resident,新,1788658921000,09-06 09:42:01,0.0829225,0.09121475,0.0829225,0.07463025,0
BULLAUSDT,resident,新,1788663137000,09-06 10:52:17,0.080684,0.0887524,0.080684,0.0726156,0
BULLAUSDT,resident,新,1788663667000,09-06 11:01:07,0.082313,0.0905443,0.082313,0.0740817,0
BULLAUSDT,resident,新,1788665704000,09-06 11:35:04,0.080579,0.0886369,0.080579,0.0725211,0
BULLAUSDT,resident,新,1788666012000,09-06 11:40:12,0.082199,0.0904189,0.082199,0.0739791,0
BULLAUSDT,resident,新,1788666795000,09-06 11:53:15,0.0838485,0.09223335,0.0838485,0.07546365,0
BULLAUSDT,resident,新,1788668129000,09-06 12:15:29,0.081781,0.0899591,0.081781,0.0736029,0
BULLAUSDT,resident,新,1788668729000,09-06 12:25:29,0.0834395,0.09178345,0.0834395,0.07509555,0
BULLAUSDT,resident,新,1788669184000,09-06 12:33:04,0.086283,0.0949113,0.086283,0.0776547,0
BULLAUSDT,resident,新,1788669974000,09-06 12:46:14,0.088291,0.0971201,0.088291,0.0794619,0
BULLAUSDT,resident,新,1788670040000,09-06 12:47:20,0.086346,0.0949806,0.086346,0.0777114,0
BULLAUSDT,resident,新,1788670743000,09-06 12:59:03,0.0845765,0.09303415,0.0845765,0.07611885,0
BULLAUSDT,resident,新,1788671453000,09-06 13:10:53,0.082862,0.0911482,0.082862,0.0745758,0
BULLAUSDT,resident,新,1788672362000,09-06 13:26:02,0.0804715,0.08851865,0.0804715,0.07242435,0
BULLAUSDT,resident,新,1788672773000,09-06 13:32:53,0.0821205,0.09033255,0.0821205,0.07390845,0
BULLAUSDT,resident,新,1788673057000,09-06 13:37:37,0.0837665,0.09214315,0.0837665,0.07538985,0
BULLAUSDT,resident,新,1788673820000,09-06 13:50:20,0.081698,0.0898678,0.081698,0.0735282,0
BULLAUSDT,resident,新,1788674625000,09-06 14:03:45,0.083333,0.0916663,0.083333,0.0749997,0
BULLAUSDT,resident,新,1788675121000,09-06 14:12:01,0.0815205,0.08967255,0.0815205,0.07336845,0
BULLAUSDT,resident,新,1788676075000,09-06 14:27:55,0.0798255,0.08780805,0.0798255,0.07184295,0
BULLAUSDT,resident,新,1788676499000,09-06 14:34:59,0.078214,0.0860354,0.078214,0.0703926,0
BULLAUSDT,resident,新,1788676570000,09-06 14:36:10,0.0798355,0.08781905,0.0798355,0.07185195,0
BULLAUSDT,resident,新,1788676856000,09-06 14:40:56,0.0814795,0.08962745,0.0814795,0.07333155,0
BULLAUSDT,resident,新,1788677610000,09-06 14:53:30,0.0797795,0.08775745,0.0797795,0.07180155,0
BULLAUSDT,resident,新,1788678193000,09-06 15:03:13,0.0781555,0.08597105,0.0781555,0.07033995,0
BULLAUSDT,resident,新,1788678326000,09-06 15:05:26,0.076309,0.0839399,0.076309,0.0686781,0
BULLAUSDT,resident,新,1788678357000,09-06 15:05:57,0.0744585,0.08190435,0.0744585,0.06701265,0
BULLAUSDT,resident,新,1788678383000,09-06 15:06:23,0.0728445,0.08012895,0.0728445,0.06556005,0
BULLAUSDT,resident,新,1788678401000,09-06 15:06:41,0.071294,0.0784234,0.071294,0.0641646,0
BULLAUSDT,resident,新,1788678519000,09-06 15:08:39,0.072851,0.0801361,0.072851,0.0655659,0
BULLAUSDT,resident,新,1788678565000,09-06 15:09:25,0.071388,0.0785268,0.071388,0.0642492,0
BULLAUSDT,resident,新,1788678602000,09-06 15:10:02,0.0728165,0.08009815,0.0728165,0.06553485,0
BULLAUSDT,resident,新,1788678898000,09-06 15:14:58,0.0712265,0.07834915,0.0712265,0.06410385,0
BULLAUSDT,resident,新,1788679551000,09-06 15:25:51,0.068821,0.0757031,0.068821,0.0619389,0
BULLAUSDT,resident,新,1788679575000,09-06 15:26:15,0.067295,0.0740245,0.067295,0.0605655,0
BULLAUSDT,resident,新,1788679698000,09-06 15:28:18,0.068683,0.0755513,0.068683,0.0618147,0
BULLAUSDT,resident,新,1788679768000,09-06 15:29:28,0.0700605,0.07706655,0.0700605,0.06305445,0
BULLAUSDT,resident,新,1788680125000,09-06 15:35:25,0.0686035,0.07546385,0.0686035,0.06174315,0
BULLAUSDT,resident,新,1788680432000,09-06 15:40:32,0.066557,0.0732127,0.066557,0.0599013,0
BULLAUSDT,resident,新,1788680448000,09-06 15:40:48,0.065216,0.0717376,0.065216,0.0586944,0
BULLAUSDT,resident,新,1788680607000,09-06 15:43:27,0.0666705,0.07333755,0.0666705,0.06000345,0
BULLAUSDT,resident,新,1788680885000,09-06 15:48:05,0.0680295,0.07483245,0.0680295,0.06122655,0
BULLAUSDT,resident,新,1788680916000,09-06 15:48:36,0.0695235,0.07647585,0.0695235,0.06257115,0
BULLAUSDT,resident,新,1788680946000,09-06 15:49:06,0.0715875,0.07874625,0.0715875,0.06442875,0
BULLAUSDT,resident,新,1788680948000,09-06 15:49:08,0.07345,0.080795,0.07345,0.066105,0
BULLAUSDT,resident,新,1788680983000,09-06 15:49:43,0.071955,0.0791505,0.071955,0.0647595,0
BULLAUSDT,resident,新,1788681550000,09-06 15:59:10,0.070169,0.0771859,0.070169,0.0631521,0
BULLAUSDT,resident,新,1788682191000,09-06 16:09:51,0.068723,0.0755953,0.068723,0.0618507,0
BULLAUSDT,resident,新,1788682224000,09-06 16:10:24,0.070161,0.0771771,0.070161,0.0631449,0
BULLAUSDT,resident,新,1788682522000,09-06 16:15:22,0.068725,0.0755975,0.068725,0.0618525,0
BULLAUSDT,resident,新,1788684588000,09-06 16:49:48,0.070696,0.0777656,0.070696,0.0636264,0
BULLAUSDT,resident,新,1788684948000,09-06 16:55:48,0.0692305,0.07615355,0.0692305,0.06230745,0
BULLAUSDT,resident,新,1788686296000,09-06 17:18:16,0.071087,0.0781957,0.071087,0.0639783,0
BULLAUSDT,resident,新,1788686533000,09-06 17:22:13,0.06965,0.076615,0.06965,0.062685,0
BULLAUSDT,resident,新,1788686708000,09-06 17:25:08,0.071134,0.0782474,0.071134,0.0640206,0
BULLAUSDT,resident,新,1788687638000,09-06 17:40:38,0.072586,0.0798446,0.072586,0.0653274,0
BULLAUSDT,resident,新,1788687750000,09-06 17:42:30,0.074253,0.0816783,0.074253,0.0668277,0
BULLAUSDT,resident,新,1788687759000,09-06 17:42:39,0.0759395,0.08353345,0.0759395,0.06834555,0
BULLAUSDT,resident,新,1788687808000,09-06 17:43:28,0.074398,0.0818378,0.074398,0.0669582,0
BULLAUSDT,resident,新,1788688347000,09-06 17:52:27,0.07599,0.083589,0.07599,0.068391,0
BULLAUSDT,resident,新,1788689495000,09-06 18:11:35,0.0775485,0.08530335,0.0775485,0.06979365,0
BULLAUSDT,resident,新,1788689737000,09-06 18:15:37,0.075937,0.0835307,0.075937,0.0683433,0
BULLAUSDT,resident,新,1788689866000,09-06 18:17:46,0.074284,0.0817124,0.074284,0.0668556,0
BULLAUSDT,resident,新,1788690003000,09-06 18:20:03,0.075881,0.0834691,0.075881,0.0682929,0
BULLAUSDT,resident,新,1788692284000,09-06 18:58:04,0.07428,0.081708,0.07428,0.066852,0
BULLAUSDT,resident,新,1788692532000,09-06 19:02:12,0.072742,0.0800162,0.072742,0.0654678,0
BULLAUSDT,resident,新,1788693689000,09-06 19:21:29,0.071205,0.0783255,0.071205,0.0640845,0
BULLAUSDT,resident,新,1788694262000,09-06 19:31:02,0.069588,0.0765468,0.069588,0.0626292,0
BULLAUSDT,resident,新,1788695163000,09-06 19:46:03,0.0711055,0.07821605,0.0711055,0.06399495,0
BULLAUSDT,resident,新,1788695230000,09-06 19:47:10,0.069674,0.0766414,0.069674,0.0627066,0
BULLAUSDT,resident,新,1788696014000,09-06 20:00:14,0.0711755,0.07829305,0.0711755,0.06405795,0
BULLAUSDT,resident,新,1788696915000,09-06 20:15:15,0.072627,0.0798897,0.072627,0.0653643,0
BULLAUSDT,resident,新,1788697070000,09-06 20:17:50,0.0742655,0.08169205,0.0742655,0.06683895,0
BULLAUSDT,resident,新,1788697162000,09-06 20:19:22,0.075936,0.0835296,0.075936,0.0683424,0
BULLAUSDT,resident,新,1788697358000,09-06 20:22:38,0.077602,0.0853622,0.077602,0.0698418,0
BULLAUSDT,resident,新,1788698044000,09-06 20:34:04,0.0760495,0.08365445,0.0760495,0.06844455,0
BULLAUSDT,resident,新,1788698263000,09-06 20:37:43,0.077681,0.0854491,0.077681,0.0699129,0
BULLAUSDT,resident,新,1788699790000,09-06 21:03:10,0.076102,0.0837122,0.076102,0.0684918,0
BULLAUSDT,resident,新,1788700267000,09-06 21:11:07,0.0776795,0.08544745,0.0776795,0.06991155,0
BULLAUSDT,resident,新,1788700843000,09-06 21:20:43,0.076078,0.0836858,0.076078,0.0684702,0
BULLAUSDT,resident,新,1788702155000,09-06 21:42:35,0.077669,0.0854359,0.077669,0.0699021,0
BULLAUSDT,resident,新,1788703985000,09-06 22:13:05,0.0815315,0.08968465,0.0815315,0.07337835,0
BULLAUSDT,resident,新,1788703986000,09-06 22:13:06,0.0835175,0.09186925,0.0835175,0.07516575,0
BULLAUSDT,resident,新,1788703989000,09-06 22:13:09,0.0859065,0.09449715,0.0859065,0.07731585,0
BULLAUSDT,resident,新,1788703993000,09-06 22:13:13,0.0838185,0.09220035,0.0838185,0.07543665,0
BULLAUSDT,resident,新,1788704031000,09-06 22:13:51,0.082046,0.0902506,0.082046,0.0738414,0
BULLAUSDT,resident,新,1788704077000,09-06 22:14:37,0.0803715,0.08840865,0.0803715,0.07233435,0
BULLAUSDT,resident,新,1788704082000,09-06 22:14:42,0.078653,0.0865183,0.078653,0.0707877,0
BULLAUSDT,resident,新,1788704102000,09-06 22:15:02,0.076915,0.0846065,0.076915,0.0692235,0
BULLAUSDT,resident,新,1788704255000,09-06 22:17:35,0.0748395,0.08232345,0.0748395,0.06735555,0
BULLAUSDT,resident,新,1788704326000,09-06 22:18:46,0.076427,0.0840697,0.076427,0.0687843,0
BULLAUSDT,resident,新,1788704652000,09-06 22:24:12,0.077983,0.0857813,0.077983,0.0701847,0
BULLAUSDT,resident,新,1788704704000,09-06 22:25:04,0.080094,0.0881034,0.080094,0.0720846,0
BULLAUSDT,resident,新,1788704939000,09-06 22:28:59,0.0817715,0.08994865,0.0817715,0.07359435,0
BULLAUSDT,resident,新,1788705458000,09-06 22:37:38,0.083525,0.0918775,0.083525,0.0751725,0
BULLAUSDT,resident,新,1788705481000,09-06 22:38:01,0.081726,0.0898986,0.081726,0.0735534,0
BULLAUSDT,resident,新,1788705637000,09-06 22:40:37,0.0833715,0.09170865,0.0833715,0.07503435,0
BULLAUSDT,resident,新,1788705746000,09-06 22:42:26,0.081479,0.0896269,0.081479,0.0733311,0
BULLAUSDT,resident,新,1788706046000,09-06 22:47:26,0.083111,0.0914221,0.083111,0.0747999,0
BULLAUSDT,resident,新,1788706470000,09-06 22:54:30,0.081419,0.0895609,0.081419,0.0732771,0
BULLAUSDT,resident,新,1788706931000,09-06 23:02:11,0.083079,0.0913869,0.083079,0.0747711,0
BULLAUSDT,resident,新,1788706963000,09-06 23:02:43,0.0813315,0.08946465,0.0813315,0.07319835,0
BULLAUSDT,resident,新,1788706964000,09-06 23:02:44,0.079406,0.0873466,0.079406,0.0714654,0
BULLAUSDT,resident,新,1788707027000,09-06 23:03:47,0.0775965,0.08535615,0.0775965,0.06983685,0
BULLAUSDT,resident,新,1788707033000,09-06 23:03:53,0.0754325,0.08297575,0.0754325,0.06788925,0
BULLAUSDT,resident,新,1788707040000,09-06 23:04:00,0.0736335,0.08099685,0.0736335,0.06627015,0
BULLAUSDT,resident,新,1788707042000,09-06 23:04:02,0.0719865,0.07918515,0.0719865,0.06478785,0
BULLAUSDT,resident,新,1788707048000,09-06 23:04:08,0.073704,0.0810744,0.073704,0.0663336,0
BULLAUSDT,resident,新,1788707061000,09-06 23:04:21,0.072136,0.0793496,0.072136,0.0649224,0
BULLAUSDT,resident,新,1788707233000,09-06 23:07:13,0.073754,0.0811294,0.073754,0.0663786,0
BULLAUSDT,resident,新,1788707410000,09-06 23:10:10,0.0719405,0.07913455,0.0719405,0.06474645,0
BULLAUSDT,resident,新,1788707520000,09-06 23:12:00,0.0734845,0.08083295,0.0734845,0.06613605,0
BULLAUSDT,resident,新,1788707727000,09-06 23:15:27,0.071949,0.0791439,0.071949,0.0647541,0
BULLAUSDT,resident,新,1788708096000,09-06 23:21:36,0.0735055,0.08085605,0.0735055,0.06615495,0
BULLAUSDT,resident,新,1788708260000,09-06 23:24:20,0.0750275,0.08253025,0.0750275,0.06752475,0
BULLAUSDT,resident,新,1788708948000,09-06 23:35:48,0.073498,0.0808478,0.073498,0.0661482,0
BULLAUSDT,resident,新,1788709202000,09-06 23:40:02,0.075364,0.0829004,0.075364,0.0678276,0
BULLAUSDT,resident,新,1788709225000,09-06 23:40:25,0.073597,0.0809567,0.073597,0.0662373,0
BULLAUSDT,resident,新,1788709822000,09-06 23:50:22,0.075092,0.0826012,0.075092,0.0675828,0
BULLAUSDT,resident,新,1788710644000,09-07 00:04:04,0.076676,0.0843436,0.076676,0.0690084,0
BULLAUSDT,resident,新,1788710725000,09-07 00:05:25,0.0751025,0.08261275,0.0751025,0.06759225,0
BULLAUSDT,resident,新,1788712111000,09-07 00:28:31,0.0766785,0.08434635,0.0766785,0.06901065,0
BULLAUSDT,resident,新,1788712466000,09-07 00:34:26,0.078282,0.0861102,0.078282,0.0704538,0
BULLAUSDT,resident,新,1788713292000,09-07 00:48:12,0.076684,0.0843524,0.076684,0.0690156,0
BULLAUSDT,resident,新,1788714181000,09-07 01:03:01,0.075145,0.0826595,0.075145,0.0676305,0
BULLAUSDT,resident,新,1788714301000,09-07 01:05:01,0.0736045,0.08096495,0.0736045,0.06624405,0
BULLAUSDT,resident,新,1788714426000,09-07 01:07:06,0.0721085,0.07931935,0.0721085,0.06489765,0
BULLAUSDT,resident,新,1788716131000,09-07 01:35:31,0.0735695,0.08092645,0.0735695,0.06621255,0
BULLAUSDT,resident,新,1788724401000,09-07 03:53:21,0.071923,0.0791153,0.071923,0.0647307,0
BULLAUSDT,resident,新,1788725349000,09-07 04:09:09,0.0733785,0.08071635,0.0733785,0.06604065,0
BULLAUSDT,resident,新,1788731457000,09-07 05:50:57,0.074889,0.0823779,0.074889,0.0674001,0
BULLAUSDT,resident,新,1788737846000,09-07 07:37:26,0.0764025,0.08404275,0.0764025,0.06876225,0
